{
  "meta": {
    "data_version": "1.1.0",
    "created": "2025-04-16",
    "revision": 1
  },
  "info": {
    "balls_per_over": 6,
    "city": "Mohali",
    "dates": [
      "2025-04-15"
    ],
    "event": {
      "name": "Indian Premier League",
      "match_number": 31
    },
    "gender": "male",
    "match_type": "T20",
    "officials": {
      "match_referees": [
        "J Srinath"
      ],
      "reserve_umpires": [
        "HAS Khalid"
      ],
      "tv_umpires": [
        "KN Ananthapadmanabhan"
      ],
      "umpires": [
        "M Krishnadas",
        "MV Saidharshan Kumar"
      ]
    },
    "outcome": {
      "winner": "Punjab Kings",
      "by": {
        "runs": 16
      }
    },
    "overs": 20,
    "player_of_match": [
      "YS Chahal"
    ],
    "players": {
      "Punjab Kings": [
        "Priyansh Arya",
        "P Simran Singh",
        "SS Iyer",
        "JP Inglis",
        "N Wadhera",
        "GJ Maxwell",
        "Suryansh Shedge",
        "Shashank Singh",
        "M Jansen",
        "XC Bartlett",
        "Arshdeep Singh",
        "YS Chahal"
      ],
      "Kolkata Knight Riders": [
        "CV Varun",
        "Q de Kock",
        "SP Narine",
        "AM Rahane",
        "A Raghuvanshi",
        "VR Iyer",
        "RK Singh",
        "AD Russell",
        "Ramandeep Singh",
        "Harshit Rana",
        "VG Arora",
        "A Nortje"
      ]
    },
    "registry": {
      "people": {
        "A Nortje": "acdc62f5",
        "A Raghuvanshi": "d7017798",
        "AD Russell": "bbd41817",
        "AM Rahane": "29e95537",
        "Arshdeep Singh": "244048f6",
        "CV Varun": "5b7ab5a9",
        "GJ Maxwell": "b681e71e",
        "HAS Khalid": "291ded7c",
        "Harshit Rana": "77b1aa15",
        "J Srinath": "bad31fac",
        "JP Inglis": "989889ff",
        "KN Ananthapadmanabhan": "3144063a",
        "M Jansen": "81c36ee9",
        "M Krishnadas": "e298c588",
        "MV Saidharshan Kumar": "54b6007b",
        "N Wadhera": "d1a60072",
        "P Simran Singh": "9418198b",
        "Priyansh Arya": "b5797845",
        "Q de Kock": "372455c4",
        "RK Singh": "0a509d6b",
        "Ramandeep Singh": "be24ead0",
        "SP Narine": "9d430b40",
        "SS Iyer": "85ec8e33",
        "Shashank Singh": "26989d80",
        "Suryansh Shedge": "970ddd24",
        "VG Arora": "7c3b3b78",
        "VR Iyer": "a24be938",
        "XC Bartlett": "3b53243a",
        "YS Chahal": "57ee1fde"
      }
    },
    "season": "2025",
    "team_type": "club",
    "teams": [
      "Punjab Kings",
      "Kolkata Knight Riders"
    ],
    "toss": {
      "decision": "bat",
      "winner": "Punjab Kings"
    },
    "venue": "Maharaja Yadavindra Singh International Cricket Stadium, Mullanpur"
  },
  "innings": [
    {
      "team": "Punjab Kings",
      "overs": [
        {
          "over": 0,
          "deliveries": [
            {
              "batter": "Priyansh Arya",
              "bowler": "VG Arora",
              "non_striker": "P Simran Singh",
              "runs": {
                "batter": 0,
                "extras": 0,
                "total": 0
              }
            },
            {
              "batter": "Priyansh Arya",
              "bowler": "VG Arora",
              "non_striker": "P Simran Singh",
              "runs": {
                "batter": 0,
                "extras": 0,
                "total": 0
              }
            },
            {
              "batter": "Priyansh Arya",
              "bowler": "VG Arora",
              "non_striker": "P Simran Singh",
              "runs": {
                "batter": 0,
                "extras": 0,
                "total": 0
              }
            },
            {
              "batter": "Priyansh Arya",
              "bowler": "VG Arora",
              "non_striker": "P Simran Singh",
              "runs": {
                "batter": 1,
                "extras": 0,
                "total": 1
              }
            },
            {
              "batter": "P Simran Singh",
              "bowler": "VG Arora",
              "non_striker": "Priyansh Arya",
              "runs": {
                "batter": 1,
                "extras": 0,
                "total": 1
              }
            },
            {
              "batter": "Priyansh Arya",
              "bowler": "VG Arora",
              "non_striker": "P Simran Singh",
              "runs": {
                "batter": 2,
                "extras": 0,
                "total": 2
              }
            }
          ]
        },
        {
          "over": 1,
          "deliveries": [
            {
              "batter": "P Simran Singh",
              "bowler": "A Nortje",
              "non_striker": "Priyansh Arya",
              "runs": {
                "batter": 0,
                "extras": 0,
                "total": 0
              }
            },
            {
              "batter": "P Simran Singh",
              "bowler": "A Nortje",
              "non_striker": "Priyansh Arya",
              "runs": {
                "batter": 0,
                "extras": 0,
                "total": 0
              }
            },
            {
              "batter": "P Simran Singh",
              "bowler": "A Nortje",
              "non_striker": "Priyansh Arya",
              "runs": {
                "batter": 1,
                "extras": 0,
                "total": 1
              }
            },
            {
              "batter": "Priyansh Arya",
              "bowler": "A Nortje",
              "non_striker": "P Simran Singh",
              "runs": {
                "batter": 4,
                "extras": 0,
                "total": 4
              }
            },
            {
              "batter": "Priyansh Arya",
              "bowler": "A Nortje",
              "non_striker": "P Simran Singh",
              "runs": {
                "batter": 0,
                "extras": 0,
                "total": 0
              }
            },
            {
              "batter": "Priyansh Arya",
              "bowler": "A Nortje",
              "non_striker": "P Simran Singh",
              "runs": {
                "batter": 4,
                "extras": 0,
                "total": 4
              }
            }
          ]
        },
        {
          "over": 2,
          "deliveries": [
            {
              "batter": "P Simran Singh",
              "bowler": "VG Arora",
              "non_striker": "Priyansh Arya",
              "runs": {
                "batter": 4,
                "extras": 0,
                "total": 4
              }
            },
            {
              "batter": "P Simran Singh",
              "bowler": "VG Arora",
              "non_striker": "Priyansh Arya",
              "runs": {
                "batter": 6,
                "extras": 0,
                "total": 6
              }
            },
            {
              "batter": "P Simran Singh",
              "bowler": "VG Arora",
              "non_striker": "Priyansh Arya",
              "runs": {
                "batter": 4,
                "extras": 0,
                "total": 4
              }
            },
            {
              "batter": "P Simran Singh",
              "bowler": "VG Arora",
              "non_striker": "Priyansh Arya",
              "runs": {
                "batter": 1,
                "extras": 0,
                "total": 1
              }
            },
            {
              "batter": "Priyansh Arya",
              "bowler": "VG Arora",
              "non_striker": "P Simran Singh",
              "runs": {
                "batter": 4,
                "extras": 0,
                "total": 4
              }
            },
            {
              "batter": "Priyansh Arya",
              "bowler": "VG Arora",
              "non_striker": "P Simran Singh",
              "runs": {
                "batter": 1,
                "extras": 0,
                "total": 1
              }
            }
          ]
        },
        {
          "over": 3,
          "deliveries": [
            {
              "batter": "Priyansh Arya",
              "bowler": "Harshit Rana",
              "non_striker": "P Simran Singh",
              "runs": {
                "batter": 6,
                "extras": 0,
                "total": 6
              }
            },
            {
              "batter": "Priyansh Arya",
              "bowler": "Harshit Rana",
              "non_striker": "P Simran Singh",
              "runs": {
                "batter": 0,
                "extras": 0,
                "total": 0
              },
              "wickets": [
                {
                  "player_out": "Priyansh Arya",
                  "fielders": [
                    {
                      "name": "Ramandeep Singh"
                    }
                  ],
                  "kind": "caught"
                }
              ]
            },
            {
              "batter": "SS Iyer",
              "bowler": "Harshit Rana",
              "non_striker": "P Simran Singh",
              "runs": {
                "batter": 0,
                "extras": 0,
                "total": 0
              }
            },
            {
              "batter": "SS Iyer",
              "bowler": "Harshit Rana",
              "non_striker": "P Simran Singh",
              "runs": {
                "batter": 0,
                "extras": 0,
                "total": 0
              },
              "wickets": [
                {
                  "player_out": "SS Iyer",
                  "fielders": [
                    {
                      "name": "Ramandeep Singh"
                    }
                  ],
                  "kind": "caught"
                }
              ]
            },
            {
              "batter": "JP Inglis",
              "bowler": "Harshit Rana",
              "non_striker": "P Simran Singh",
              "runs": {
                "batter": 0,
                "extras": 0,
                "total": 0
              }
            },
            {
              "batter": "JP Inglis",
              "bowler": "Harshit Rana",
              "non_striker": "P Simran Singh",
              "runs": {
                "batter": 0,
                "extras": 0,
                "total": 0
              }
            }
          ]
        },
        {
          "over": 4,
          "deliveries": [
            {
              "batter": "P Simran Singh",
              "bowler": "CV Varun",
              "non_striker": "JP Inglis",
              "runs": {
                "batter": 1,
                "extras": 0,
                "total": 1
              }
            },
            {
              "batter": "JP Inglis",
              "bowler": "CV Varun",
              "non_striker": "P Simran Singh",
              "runs": {
                "batter": 0,
                "extras": 0,
                "total": 0
              }
            },
            {
              "batter": "JP Inglis",
              "bowler": "CV Varun",
              "non_striker": "P Simran Singh",
              "runs": {
                "batter": 0,
                "extras": 0,
                "total": 0
              }
            },
            {
              "batter": "JP Inglis",
              "bowler": "CV Varun",
              "non_striker": "P Simran Singh",
              "runs": {
                "batter": 2,
                "extras": 0,
                "total": 2
              }
            },
            {
              "batter": "JP Inglis",
              "bowler": "CV Varun",
              "non_striker": "P Simran Singh",
              "runs": {
                "batter": 0,
                "extras": 0,
                "total": 0
              },
              "wickets": [
                {
                  "player_out": "JP Inglis",
                  "kind": "bowled"
                }
              ]
            },
            {
              "batter": "N Wadhera",
              "bowler": "CV Varun",
              "non_striker": "P Simran Singh",
              "runs": {
                "batter": 0,
                "extras": 0,
                "total": 0
              }
            }
          ]
        },
        {
          "over": 5,
          "deliveries": [
            {
              "batter": "P Simran Singh",
              "bowler": "Harshit Rana",
              "non_striker": "N Wadhera",
              "runs": {
                "batter": 0,
                "extras": 0,
                "total": 0
              }
            },
            {
              "batter": "P Simran Singh",
              "bowler": "Harshit Rana",
              "non_striker": "N Wadhera",
              "runs": {
                "batter": 0,
                "extras": 0,
                "total": 0
              }
            },
            {
              "batter": "P Simran Singh",
              "bowler": "Harshit Rana",
              "non_striker": "N Wadhera",
              "runs": {
                "batter": 6,
                "extras": 0,
                "total": 6
              }
            },
            {
              "batter": "P Simran Singh",
              "bowler": "Harshit Rana",
              "non_striker": "N Wadhera",
              "runs": {
                "batter": 6,
                "extras": 0,
                "total": 6
              }
            },
            {
              "batter": "P Simran Singh",
              "bowler": "Harshit Rana",
              "non_striker": "N Wadhera",
              "runs": {
                "batter": 0,
                "extras": 0,
                "total": 0
              }
            },
            {
              "batter": "P Simran Singh",
              "bowler": "Harshit Rana",
              "non_striker": "N Wadhera",
              "runs": {
                "batter": 0,
                "extras": 0,
                "total": 0
              },
              "wickets": [
                {
                  "player_out": "P Simran Singh",
                  "fielders": [
                    {
                      "name": "Ramandeep Singh"
                    }
                  ],
                  "kind": "caught"
                }
              ]
            }
          ]
        },
        {
          "over": 6,
          "deliveries": [
            {
              "batter": "N Wadhera",
              "bowler": "SP Narine",
              "non_striker": "GJ Maxwell",
              "runs": {
                "batter": 0,
                "extras": 0,
                "total": 0
              }
            },
            {
              "batter": "N Wadhera",
              "bowler": "SP Narine",
              "non_striker": "GJ Maxwell",
              "runs": {
                "batter": 0,
                "extras": 0,
                "total": 0
              }
            },
            {
              "batter": "N Wadhera",
              "bowler": "SP Narine",
              "non_striker": "GJ Maxwell",
              "runs": {
                "batter": 1,
                "extras": 0,
                "total": 1
              }
            },
            {
              "batter": "GJ Maxwell",
              "bowler": "SP Narine",
              "non_striker": "N Wadhera",
              "runs": {
                "batter": 2,
                "extras": 0,
                "total": 2
              }
            },
            {
              "batter": "GJ Maxwell",
              "bowler": "SP Narine",
              "non_striker": "N Wadhera",
              "runs": {
                "batter": 0,
                "extras": 0,
                "total": 0
              }
            },
            {
              "batter": "GJ Maxwell",
              "bowler": "SP Narine",
              "non_striker": "N Wadhera",
              "runs": {
                "batter": 1,
                "extras": 0,
                "total": 1
              }
            }
          ]
        },
        {
          "over": 7,
          "deliveries": [
            {
              "batter": "GJ Maxwell",
              "bowler": "Harshit Rana",
              "extras": {
                "wides": 1
              },
              "non_striker": "N Wadhera",
              "runs": {
                "batter": 0,
                "extras": 1,
                "total": 1
              }
            },
            {
              "batter": "GJ Maxwell",
              "bowler": "Harshit Rana",
              "non_striker": "N Wadhera",
              "runs": {
                "batter": 4,
                "extras": 0,
                "total": 4
              }
            },
            {
              "batter": "GJ Maxwell",
              "bowler": "Harshit Rana",
              "extras": {
                "byes": 1
              },
              "non_striker": "N Wadhera",
              "runs": {
                "batter": 0,
                "extras": 1,
                "total": 1
              }
            },
            {
              "batter": "N Wadhera",
              "bowler": "Harshit Rana",
              "extras": {
                "wides": 1
              },
              "non_striker": "GJ Maxwell",
              "runs": {
                "batter": 0,
                "extras": 1,
                "total": 1
              }
            },
            {
              "batter": "N Wadhera",
              "bowler": "Harshit Rana",
              "non_striker": "GJ Maxwell",
              "runs": {
                "batter": 1,
                "extras": 0,
                "total": 1
              }
            },
            {
              "batter": "GJ Maxwell",
              "bowler": "Harshit Rana",
              "non_striker": "N Wadhera",
              "runs": {
                "batter": 0,
                "extras": 0,
                "total": 0
              }
            },
            {
              "batter": "GJ Maxwell",
              "bowler": "Harshit Rana",
              "non_striker": "N Wadhera",
              "runs": {
                "batter": 0,
                "extras": 0,
                "total": 0
              }
            },
            {
              "batter": "GJ Maxwell",
              "bowler": "Harshit Rana",
              "non_striker": "N Wadhera",
              "runs": {
                "batter": 0,
                "extras": 0,
                "total": 0
              }
            }
          ]
        },
        {
          "over": 8,
          "deliveries": [
            {
              "batter": "N Wadhera",
              "bowler": "A Nortje",
              "non_striker": "GJ Maxwell",
              "runs": {
                "batter": 0,
                "extras": 0,
                "total": 0
              }
            },
            {
              "batter": "N Wadhera",
              "bowler": "A Nortje",
              "non_striker": "GJ Maxwell",
              "runs": {
                "batter": 4,
                "extras": 0,
                "total": 4
              }
            },
            {
              "batter": "N Wadhera",
              "bowler": "A Nortje",
              "non_striker": "GJ Maxwell",
              "runs": {
                "batter": 4,
                "extras": 0,
                "total": 4
              }
            },
            {
              "batter": "N Wadhera",
              "bowler": "A Nortje",
              "non_striker": "GJ Maxwell",
              "runs": {
                "batter": 0,
                "extras": 0,
                "total": 0
              },
              "wickets": [
                {
                  "player_out": "N Wadhera",
                  "fielders": [
                    {
                      "name": "VR Iyer"
                    }
                  ],
                  "kind": "caught"
                }
              ]
            },
            {
              "batter": "Suryansh Shedge",
              "bowler": "A Nortje",
              "non_striker": "GJ Maxwell",
              "replacements": {
                "match": [
                  {
                    "in": "Suryansh Shedge",
                    "out": "P Simran Singh",
                    "team": "Punjab Kings",
                    "reason": "impact_player"
                  }
                ]
              },
              "runs": {
                "batter": 1,
                "extras": 0,
                "total": 1
              }
            },
            {
              "batter": "GJ Maxwell",
              "bowler": "A Nortje",
              "extras": {
                "byes": 1
              },
              "non_striker": "Suryansh Shedge",
              "runs": {
                "batter": 0,
                "extras": 1,
                "total": 1
              }
            }
          ]
        },
        {
          "over": 9,
          "deliveries": [
            {
              "batter": "GJ Maxwell",
              "bowler": "CV Varun",
              "non_striker": "Suryansh Shedge",
              "runs": {
                "batter": 0,
                "extras": 0,
                "total": 0
              },
              "wickets": [
                {
                  "player_out": "GJ Maxwell",
                  "kind": "bowled"
                }
              ]
            },
            {
              "batter": "Shashank Singh",
              "bowler": "CV Varun",
              "non_striker": "Suryansh Shedge",
              "runs": {
                "batter": 0,
                "extras": 0,
                "total": 0
              }
            },
            {
              "batter": "Shashank Singh",
              "bowler": "CV Varun",
              "non_striker": "Suryansh Shedge",
              "runs": {
                "batter": 1,
                "extras": 0,
                "total": 1
              }
            },
            {
              "batter": "Suryansh Shedge",
              "bowler": "CV Varun",
              "non_striker": "Shashank Singh",
              "runs": {
                "batter": 2,
                "extras": 0,
                "total": 2
              }
            },
            {
              "batter": "Suryansh Shedge",
              "bowler": "CV Varun",
              "non_striker": "Shashank Singh",
              "runs": {
                "batter": 1,
                "extras": 0,
                "total": 1
              }
            },
            {
              "batter": "Shashank Singh",
              "bowler": "CV Varun",
              "non_striker": "Suryansh Shedge",
              "runs": {
                "batter": 0,
                "extras": 0,
                "total": 0
              }
            }
          ]
        },
        {
          "over": 10,
          "deliveries": [
            {
              "batter": "Suryansh Shedge",
              "bowler": "SP Narine",
              "non_striker": "Shashank Singh",
              "runs": {
                "batter": 0,
                "extras": 0,
                "total": 0
              },
              "wickets": [
                {
                  "player_out": "Suryansh Shedge",
                  "fielders": [
                    {
                      "name": "Q de Kock"
                    }
                  ],
                  "kind": "caught"
                }
              ]
            },
            {
              "batter": "M Jansen",
              "bowler": "SP Narine",
              "non_striker": "Shashank Singh",
              "runs": {
                "batter": 1,
                "extras": 0,
                "total": 1
              }
            },
            {
              "batter": "Shashank Singh",
              "bowler": "SP Narine",
              "non_striker": "M Jansen",
              "runs": {
                "batter": 0,
                "extras": 0,
                "total": 0
              }
            },
            {
              "batter": "Shashank Singh",
              "bowler": "SP Narine",
              "non_striker": "M Jansen",
              "runs": {
                "batter": 4,
                "extras": 0,
                "total": 4
              }
            },
            {
              "batter": "Shashank Singh",
              "bowler": "SP Narine",
              "non_striker": "M Jansen",
              "runs": {
                "batter": 1,
                "extras": 0,
                "total": 1
              }
            },
            {
              "batter": "M Jansen",
              "bowler": "SP Narine",
              "non_striker": "Shashank Singh",
              "runs": {
                "batter": 0,
                "extras": 0,
                "total": 0
              },
              "wickets": [
                {
                  "player_out": "M Jansen",
                  "kind": "bowled"
                }
              ]
            }
          ]
        },
        {
          "over": 11,
          "deliveries": [
            {
              "batter": "Shashank Singh",
              "bowler": "CV Varun",
              "non_striker": "XC Bartlett",
              "runs": {
                "batter": 1,
                "extras": 0,
                "total": 1
              }
            },
            {
              "batter": "XC Bartlett",
              "bowler": "CV Varun",
              "non_striker": "Shashank Singh",
              "runs": {
                "batter": 0,
                "extras": 0,
                "total": 0
              }
            },
            {
              "batter": "XC Bartlett",
              "bowler": "CV Varun",
              "non_striker": "Shashank Singh",
              "runs": {
                "batter": 1,
                "extras": 0,
                "total": 1
              }
            },
            {
              "batter": "Shashank Singh",
              "bowler": "CV Varun",
              "non_striker": "XC Bartlett",
              "runs": {
                "batter": 1,
                "extras": 0,
                "total": 1
              }
            },
            {
              "batter": "XC Bartlett",
              "bowler": "CV Varun",
              "non_striker": "Shashank Singh",
              "runs": {
                "batter": 0,
                "extras": 0,
                "total": 0
              }
            },
            {
              "batter": "XC Bartlett",
              "bowler": "CV Varun",
              "non_striker": "Shashank Singh",
              "runs": {
                "batter": 1,
                "extras": 0,
                "total": 1
              }
            }
          ]
        },
        {
          "over": 12,
          "deliveries": [
            {
              "batter": "XC Bartlett",
              "bowler": "SP Narine",
              "non_striker": "Shashank Singh",
              "runs": {
                "batter": 0,
                "extras": 0,
                "total": 0
              }
            },
            {
              "batter": "XC Bartlett",
              "bowler": "SP Narine",
              "non_striker": "Shashank Singh",
              "runs": {
                "batter": 1,
                "extras": 0,
                "total": 1
              }
            },
            {
              "batter": "Shashank Singh",
              "bowler": "SP Narine",
              "non_striker": "XC Bartlett",
              "runs": {
                "batter": 0,
                "extras": 0,
                "total": 0
              }
            },
            {
              "batter": "Shashank Singh",
              "bowler": "SP Narine",
              "non_striker": "XC Bartlett",
              "runs": {
                "batter": 0,
                "extras": 0,
                "total": 0
              }
            },
            {
              "batter": "Shashank Singh",
              "bowler": "SP Narine",
              "extras": {
                "wides": 1
              },
              "non_striker": "XC Bartlett",
              "runs": {
                "batter": 0,
                "extras": 1,
                "total": 1
              }
            },
            {
              "batter": "Shashank Singh",
              "bowler": "SP Narine",
              "non_striker": "XC Bartlett",
              "runs": {
                "batter": 1,
                "extras": 0,
                "total": 1
              }
            },
            {
              "batter": "XC Bartlett",
              "bowler": "SP Narine",
              "non_striker": "Shashank Singh",
              "runs": {
                "batter": 1,
                "extras": 0,
                "total": 1
              }
            }
          ]
        },
        {
          "over": 13,
          "deliveries": [
            {
              "batter": "XC Bartlett",
              "bowler": "CV Varun",
              "non_striker": "Shashank Singh",
              "runs": {
                "batter": 0,
                "extras": 0,
                "total": 0
              }
            },
            {
              "batter": "XC Bartlett",
              "bowler": "CV Varun",
              "non_striker": "Shashank Singh",
              "runs": {
                "batter": 1,
                "extras": 0,
                "total": 1
              }
            },
            {
              "batter": "Shashank Singh",
              "bowler": "CV Varun",
              "non_striker": "XC Bartlett",
              "runs": {
                "batter": 6,
                "extras": 0,
                "total": 6
              }
            },
            {
              "batter": "Shashank Singh",
              "bowler": "CV Varun",
              "non_striker": "XC Bartlett",
              "runs": {
                "batter": 1,
                "extras": 0,
                "total": 1
              }
            },
            {
              "batter": "XC Bartlett",
              "bowler": "CV Varun",
              "non_striker": "Shashank Singh",
              "runs": {
                "batter": 1,
                "extras": 0,
                "total": 1
              }
            },
            {
              "batter": "Shashank Singh",
              "bowler": "CV Varun",
              "non_striker": "XC Bartlett",
              "runs": {
                "batter": 1,
                "extras": 0,
                "total": 1
              }
            }
          ]
        },
        {
          "over": 14,
          "deliveries": [
            {
              "batter": "Shashank Singh",
              "bowler": "A Nortje",
              "non_striker": "XC Bartlett",
              "replacements": {
                "match": [
                  {
                    "in": "A Raghuvanshi",
                    "out": "CV Varun",
                    "team": "Kolkata Knight Riders",
                    "reason": "impact_player"
                  }
                ]
              },
              "runs": {
                "batter": 0,
                "extras": 0,
                "total": 0
              }
            },
            {
              "batter": "Shashank Singh",
              "bowler": "A Nortje",
              "non_striker": "XC Bartlett",
              "runs": {
                "batter": 1,
                "extras": 0,
                "total": 1
              }
            },
            {
              "batter": "XC Bartlett",
              "bowler": "A Nortje",
              "non_striker": "Shashank Singh",
              "runs": {
                "batter": 0,
                "extras": 0,
                "total": 0
              }
            },
            {
              "batter": "XC Bartlett",
              "bowler": "A Nortje",
              "non_striker": "Shashank Singh",
              "runs": {
                "batter": 4,
                "extras": 0,
                "total": 4
              }
            },
            {
              "batter": "XC Bartlett",
              "bowler": "A Nortje",
              "non_striker": "Shashank Singh",
              "runs": {
                "batter": 0,
                "extras": 0,
                "total": 0
              }
            },
            {
              "batter": "XC Bartlett",
              "bowler": "A Nortje",
              "non_striker": "Shashank Singh",
              "runs": {
                "batter": 0,
                "extras": 0,
                "total": 0
              }
            }
          ]
        },
        {
          "over": 15,
          "deliveries": [
            {
              "batter": "Shashank Singh",
              "bowler": "VG Arora",
              "non_striker": "XC Bartlett",
              "review": {
                "by": "Punjab Kings",
                "umpire": "M Krishnadas",
                "batter": "Shashank Singh",
                "decision": "struck down",
                "type": "wicket"
              },
              "runs": {
                "batter": 0,
                "extras": 0,
                "total": 0
              },
              "wickets": [
                {
                  "player_out": "Shashank Singh",
                  "kind": "lbw"
                }
              ]
            },
            {
              "batter": "Arshdeep Singh",
              "bowler": "VG Arora",
              "non_striker": "XC Bartlett",
              "runs": {
                "batter": 1,
                "extras": 0,
                "total": 1
              }
            },
            {
              "batter": "XC Bartlett",
              "bowler": "VG Arora",
              "non_striker": "Arshdeep Singh",
              "runs": {
                "batter": 1,
                "extras": 0,
                "total": 1
              },
              "wickets": [
                {
                  "player_out": "XC Bartlett",
                  "fielders": [
                    {
                      "name": "VR Iyer"
                    },
                    {
                      "name": "VG Arora"
                    }
                  ],
                  "kind": "run out"
                }
              ]
            }
          ]
        }
      ],
      "powerplays": [
        {
          "from": 0.1,
          "to": 5.6,
          "type": "mandatory"
        }
      ]
    },
    {
      "team": "Kolkata Knight Riders",
      "overs": [
        {
          "over": 0,
          "deliveries": [
            {
              "batter": "Q de Kock",
              "bowler": "M Jansen",
              "non_striker": "SP Narine",
              "runs": {
                "batter": 1,
                "extras": 0,
                "total": 1
              }
            },
            {
              "batter": "SP Narine",
              "bowler": "M Jansen",
              "non_striker": "Q de Kock",
              "runs": {
                "batter": 1,
                "extras": 0,
                "total": 1
              }
            },
            {
              "batter": "Q de Kock",
              "bowler": "M Jansen",
              "non_striker": "SP Narine",
              "runs": {
                "batter": 1,
                "extras": 0,
                "total": 1
              }
            },
            {
              "batter": "SP Narine",
              "bowler": "M Jansen",
              "non_striker": "Q de Kock",
              "runs": {
                "batter": 0,
                "extras": 0,
                "total": 0
              }
            },
            {
              "batter": "SP Narine",
              "bowler": "M Jansen",
              "non_striker": "Q de Kock",
              "runs": {
                "batter": 4,
                "extras": 0,
                "total": 4
              }
            },
            {
              "batter": "SP Narine",
              "bowler": "M Jansen",
              "non_striker": "Q de Kock",
              "runs": {
                "batter": 0,
                "extras": 0,
                "total": 0
              },
              "wickets": [
                {
                  "player_out": "SP Narine",
                  "kind": "bowled"
                }
              ]
            }
          ]
        },
        {
          "over": 1,
          "deliveries": [
            {
              "batter": "Q de Kock",
              "bowler": "XC Bartlett",
              "non_striker": "AM Rahane",
              "runs": {
                "batter": 0,
                "extras": 0,
                "total": 0
              }
            },
            {
              "batter": "Q de Kock",
              "bowler": "XC Bartlett",
              "non_striker": "AM Rahane",
              "runs": {
                "batter": 0,
                "extras": 0,
                "total": 0
              },
              "wickets": [
                {
                  "player_out": "Q de Kock",
                  "fielders": [
                    {
                      "name": "Suryansh Shedge"
                    }
                  ],
                  "kind": "caught"
                }
              ]
            },
            {
              "batter": "A Raghuvanshi",
              "bowler": "XC Bartlett",
              "non_striker": "AM Rahane",
              "runs": {
                "batter": 4,
                "extras": 0,
                "total": 4
              }
            },
            {
              "batter": "A Raghuvanshi",
              "bowler": "XC Bartlett",
              "non_striker": "AM Rahane",
              "runs": {
                "batter": 0,
                "extras": 0,
                "total": 0
              }
            },
            {
              "batter": "A Raghuvanshi",
              "bowler": "XC Bartlett",
              "non_striker": "AM Rahane",
              "runs": {
                "batter": 1,
                "extras": 0,
                "total": 1
              }
            },
            {
              "batter": "AM Rahane",
              "bowler": "XC Bartlett",
              "non_striker": "A Raghuvanshi",
              "runs": {
                "batter": 0,
                "extras": 0,
                "total": 0
              }
            }
          ]
        },
        {
          "over": 2,
          "deliveries": [
            {
              "batter": "A Raghuvanshi",
              "bowler": "M Jansen",
              "non_striker": "AM Rahane",
              "runs": {
                "batter": 0,
                "extras": 0,
                "total": 0
              }
            },
            {
              "batter": "A Raghuvanshi",
              "bowler": "M Jansen",
              "non_striker": "AM Rahane",
              "runs": {
                "batter": 4,
                "extras": 0,
                "total": 4
              }
            },
            {
              "batter": "A Raghuvanshi",
              "bowler": "M Jansen",
              "non_striker": "AM Rahane",
              "runs": {
                "batter": 4,
                "extras": 0,
                "total": 4
              }
            },
            {
              "batter": "A Raghuvanshi",
              "bowler": "M Jansen",
              "non_striker": "AM Rahane",
              "runs": {
                "batter": 0,
                "extras": 0,
                "total": 0
              }
            },
            {
              "batter": "A Raghuvanshi",
              "bowler": "M Jansen",
              "non_striker": "AM Rahane",
              "runs": {
                "batter": 0,
                "extras": 0,
                "total": 0
              }
            },
            {
              "batter": "A Raghuvanshi",
              "bowler": "M Jansen",
              "non_striker": "AM Rahane",
              "runs": {
                "batter": 0,
                "extras": 0,
                "total": 0
              }
            }
          ]
        },
        {
          "over": 3,
          "deliveries": [
            {
              "batter": "AM Rahane",
              "bowler": "XC Bartlett",
              "non_striker": "A Raghuvanshi",
              "runs": {
                "batter": 0,
                "extras": 0,
                "total": 0
              }
            },
            {
              "batter": "AM Rahane",
              "bowler": "XC Bartlett",
              "non_striker": "A Raghuvanshi",
              "runs": {
                "batter": 0,
                "extras": 0,
                "total": 0
              }
            },
            {
              "batter": "AM Rahane",
              "bowler": "XC Bartlett",
              "non_striker": "A Raghuvanshi",
              "runs": {
                "batter": 1,
                "extras": 0,
                "total": 1
              }
            },
            {
              "batter": "A Raghuvanshi",
              "bowler": "XC Bartlett",
              "non_striker": "AM Rahane",
              "runs": {
                "batter": 1,
                "extras": 0,
                "total": 1
              }
            },
            {
              "batter": "AM Rahane",
              "bowler": "XC Bartlett",
              "non_striker": "A Raghuvanshi",
              "runs": {
                "batter": 0,
                "extras": 0,
                "total": 0
              }
            },
            {
              "batter": "AM Rahane",
              "bowler": "XC Bartlett",
              "non_striker": "A Raghuvanshi",
              "runs": {
                "batter": 4,
                "extras": 0,
                "total": 4
              }
            }
          ]
        },
        {
          "over": 4,
          "deliveries": [
            {
              "batter": "A Raghuvanshi",
              "bowler": "Arshdeep Singh",
              "non_striker": "AM Rahane",
              "runs": {
                "batter": 1,
                "extras": 0,
                "total": 1
              }
            },
            {
              "batter": "AM Rahane",
              "bowler": "Arshdeep Singh",
              "non_striker": "A Raghuvanshi",
              "runs": {
                "batter": 1,
                "extras": 0,
                "total": 1
              }
            },
            {
              "batter": "A Raghuvanshi",
              "bowler": "Arshdeep Singh",
              "non_striker": "AM Rahane",
              "runs": {
                "batter": 4,
                "extras": 0,
                "total": 4
              }
            },
            {
              "batter": "A Raghuvanshi",
              "bowler": "Arshdeep Singh",
              "non_striker": "AM Rahane",
              "runs": {
                "batter": 0,
                "extras": 0,
                "total": 0
              }
            },
            {
              "batter": "A Raghuvanshi",
              "bowler": "Arshdeep Singh",
              "extras": {
                "legbyes": 4
              },
              "non_striker": "AM Rahane",
              "runs": {
                "batter": 0,
                "extras": 4,
                "total": 4
              }
            },
            {
              "batter": "A Raghuvanshi",
              "bowler": "Arshdeep Singh",
              "non_striker": "AM Rahane",
              "runs": {
                "batter": 0,
                "extras": 0,
                "total": 0
              }
            }
          ]
        },
        {
          "over": 5,
          "deliveries": [
            {
              "batter": "AM Rahane",
              "bowler": "XC Bartlett",
              "non_striker": "A Raghuvanshi",
              "runs": {
                "batter": 6,
                "extras": 0,
                "total": 6
              }
            },
            {
              "batter": "AM Rahane",
              "bowler": "XC Bartlett",
              "non_striker": "A Raghuvanshi",
              "runs": {
                "batter": 0,
                "extras": 0,
                "total": 0
              }
            },
            {
              "batter": "AM Rahane",
              "bowler": "XC Bartlett",
              "non_striker": "A Raghuvanshi",
              "runs": {
                "batter": 1,
                "extras": 0,
                "total": 1
              }
            },
            {
              "batter": "A Raghuvanshi",
              "bowler": "XC Bartlett",
              "non_striker": "AM Rahane",
              "runs": {
                "batter": 6,
                "extras": 0,
                "total": 6
              }
            },
            {
              "batter": "A Raghuvanshi",
              "bowler": "XC Bartlett",
              "non_striker": "AM Rahane",
              "runs": {
                "batter": 2,
                "extras": 0,
                "total": 2
              }
            },
            {
              "batter": "A Raghuvanshi",
              "bowler": "XC Bartlett",
              "non_striker": "AM Rahane",
              "runs": {
                "batter": 4,
                "extras": 0,
                "total": 4
              }
            }
          ]
        },
        {
          "over": 6,
          "deliveries": [
            {
              "batter": "AM Rahane",
              "bowler": "Arshdeep Singh",
              "non_striker": "A Raghuvanshi",
              "runs": {
                "batter": 0,
                "extras": 0,
                "total": 0
              }
            },
            {
              "batter": "AM Rahane",
              "bowler": "Arshdeep Singh",
              "non_striker": "A Raghuvanshi",
              "runs": {
                "batter": 1,
                "extras": 0,
                "total": 1
              }
            },
            {
              "batter": "A Raghuvanshi",
              "bowler": "Arshdeep Singh",
              "non_striker": "AM Rahane",
              "runs": {
                "batter": 1,
                "extras": 0,
                "total": 1
              }
            },
            {
              "batter": "AM Rahane",
              "bowler": "Arshdeep Singh",
              "non_striker": "A Raghuvanshi",
              "runs": {
                "batter": 1,
                "extras": 0,
                "total": 1
              }
            },
            {
              "batter": "A Raghuvanshi",
              "bowler": "Arshdeep Singh",
              "non_striker": "AM Rahane",
              "runs": {
                "batter": 1,
                "extras": 0,
                "total": 1
              }
            },
            {
              "batter": "AM Rahane",
              "bowler": "Arshdeep Singh",
              "non_striker": "A Raghuvanshi",
              "runs": {
                "batter": 1,
                "extras": 0,
                "total": 1
              }
            }
          ]
        },
        {
          "over": 7,
          "deliveries": [
            {
              "batter": "AM Rahane",
              "bowler": "YS Chahal",
              "non_striker": "A Raghuvanshi",
              "runs": {
                "batter": 1,
                "extras": 0,
                "total": 1
              }
            },
            {
              "batter": "A Raghuvanshi",
              "bowler": "YS Chahal",
              "non_striker": "AM Rahane",
              "runs": {
                "batter": 1,
                "extras": 0,
                "total": 1
              }
            },
            {
              "batter": "AM Rahane",
              "bowler": "YS Chahal",
              "non_striker": "A Raghuvanshi",
              "runs": {
                "batter": 0,
                "extras": 0,
                "total": 0
              }
            },
            {
              "batter": "AM Rahane",
              "bowler": "YS Chahal",
              "non_striker": "A Raghuvanshi",
              "runs": {
                "batter": 0,
                "extras": 0,
                "total": 0
              },
              "wickets": [
                {
                  "player_out": "AM Rahane",
                  "kind": "lbw"
                }
              ]
            },
            {
              "batter": "VR Iyer",
              "bowler": "YS Chahal",
              "non_striker": "A Raghuvanshi",
              "runs": {
                "batter": 5,
                "extras": 0,
                "total": 5
              }
            },
            {
              "batter": "A Raghuvanshi",
              "bowler": "YS Chahal",
              "non_striker": "VR Iyer",
              "runs": {
                "batter": 1,
                "extras": 0,
                "total": 1
              }
            }
          ]
        },
        {
          "over": 8,
          "deliveries": [
            {
              "batter": "A Raghuvanshi",
              "bowler": "GJ Maxwell",
              "non_striker": "VR Iyer",
              "runs": {
                "batter": 1,
                "extras": 0,
                "total": 1
              }
            },
            {
              "batter": "VR Iyer",
              "bowler": "GJ Maxwell",
              "non_striker": "A Raghuvanshi",
              "runs": {
                "batter": 1,
                "extras": 0,
                "total": 1
              }
            },
            {
              "batter": "A Raghuvanshi",
              "bowler": "GJ Maxwell",
              "non_striker": "VR Iyer",
              "runs": {
                "batter": 0,
                "extras": 0,
                "total": 0
              }
            },
            {
              "batter": "A Raghuvanshi",
              "bowler": "GJ Maxwell",
              "non_striker": "VR Iyer",
              "runs": {
                "batter": 0,
                "extras": 0,
                "total": 0
              }
            },
            {
              "batter": "A Raghuvanshi",
              "bowler": "GJ Maxwell",
              "non_striker": "VR Iyer",
              "runs": {
                "batter": 0,
                "extras": 0,
                "total": 0
              }
            },
            {
              "batter": "A Raghuvanshi",
              "bowler": "GJ Maxwell",
              "non_striker": "VR Iyer",
              "runs": {
                "batter": 1,
                "extras": 0,
                "total": 1
              }
            }
          ]
        },
        {
          "over": 9,
          "deliveries": [
            {
              "batter": "A Raghuvanshi",
              "bowler": "YS Chahal",
              "extras": {
                "wides": 1
              },
              "non_striker": "VR Iyer",
              "runs": {
                "batter": 0,
                "extras": 1,
                "total": 1
              }
            },
            {
              "batter": "A Raghuvanshi",
              "bowler": "YS Chahal",
              "non_striker": "VR Iyer",
              "runs": {
                "batter": 0,
                "extras": 0,
                "total": 0
              },
              "wickets": [
                {
                  "player_out": "A Raghuvanshi",
                  "fielders": [
                    {
                      "name": "XC Bartlett"
                    }
                  ],
                  "kind": "caught"
                }
              ]
            },
            {
              "batter": "RK Singh",
              "bowler": "YS Chahal",
              "non_striker": "VR Iyer",
              "runs": {
                "batter": 0,
                "extras": 0,
                "total": 0
              }
            },
            {
              "batter": "RK Singh",
              "bowler": "YS Chahal",
              "non_striker": "VR Iyer",
              "runs": {
                "batter": 0,
                "extras": 0,
                "total": 0
              }
            },
            {
              "batter": "RK Singh",
              "bowler": "YS Chahal",
              "non_striker": "VR Iyer",
              "runs": {
                "batter": 0,
                "extras": 0,
                "total": 0
              }
            },
            {
              "batter": "RK Singh",
              "bowler": "YS Chahal",
              "non_striker": "VR Iyer",
              "runs": {
                "batter": 0,
                "extras": 0,
                "total": 0
              }
            },
            {
              "batter": "RK Singh",
              "bowler": "YS Chahal",
              "non_striker": "VR Iyer",
              "runs": {
                "batter": 0,
                "extras": 0,
                "total": 0
              }
            }
          ]
        },
        {
          "over": 10,
          "deliveries": [
            {
              "batter": "VR Iyer",
              "bowler": "GJ Maxwell",
              "non_striker": "RK Singh",
              "runs": {
                "batter": 1,
                "extras": 0,
                "total": 1
              }
            },
            {
              "batter": "RK Singh",
              "bowler": "GJ Maxwell",
              "non_striker": "VR Iyer",
              "runs": {
                "batter": 0,
                "extras": 0,
                "total": 0
              }
            },
            {
              "batter": "RK Singh",
              "bowler": "GJ Maxwell",
              "non_striker": "VR Iyer",
              "runs": {
                "batter": 1,
                "extras": 0,
                "total": 1
              }
            },
            {
              "batter": "VR Iyer",
              "bowler": "GJ Maxwell",
              "non_striker": "RK Singh",
              "review": {
                "by": "Kolkata Knight Riders",
                "umpire": "MV Saidharshan Kumar",
                "batter": "VR Iyer",
                "decision": "struck down",
                "type": "wicket"
              },
              "runs": {
                "batter": 0,
                "extras": 0,
                "total": 0
              },
              "wickets": [
                {
                  "player_out": "VR Iyer",
                  "kind": "lbw"
                }
              ]
            },
            {
              "batter": "AD Russell",
              "bowler": "GJ Maxwell",
              "non_striker": "RK Singh",
              "runs": {
                "batter": 0,
                "extras": 0,
                "total": 0
              }
            },
            {
              "batter": "AD Russell",
              "bowler": "GJ Maxwell",
              "non_striker": "RK Singh",
              "runs": {
                "batter": 0,
                "extras": 0,
                "total": 0
              }
            }
          ]
        },
        {
          "over": 11,
          "deliveries": [
            {
              "batter": "RK Singh",
              "bowler": "YS Chahal",
              "non_striker": "AD Russell",
              "runs": {
                "batter": 1,
                "extras": 0,
                "total": 1
              }
            },
            {
              "batter": "AD Russell",
              "bowler": "YS Chahal",
              "non_striker": "RK Singh",
              "runs": {
                "batter": 1,
                "extras": 0,
                "total": 1
              }
            },
            {
              "batter": "RK Singh",
              "bowler": "YS Chahal",
              "non_striker": "AD Russell",
              "runs": {
                "batter": 0,
                "extras": 0,
                "total": 0
              },
              "wickets": [
                {
                  "player_out": "RK Singh",
                  "fielders": [
                    {
                      "name": "JP Inglis"
                    }
                  ],
                  "kind": "stumped"
                }
              ]
            },
            {
              "batter": "Ramandeep Singh",
              "bowler": "YS Chahal",
              "non_striker": "AD Russell",
              "runs": {
                "batter": 0,
                "extras": 0,
                "total": 0
              },
              "wickets": [
                {
                  "player_out": "Ramandeep Singh",
                  "fielders": [
                    {
                      "name": "SS Iyer"
                    }
                  ],
                  "kind": "caught"
                }
              ]
            },
            {
              "batter": "Harshit Rana",
              "bowler": "YS Chahal",
              "non_striker": "AD Russell",
              "runs": {
                "batter": 1,
                "extras": 0,
                "total": 1
              }
            },
            {
              "batter": "AD Russell",
              "bowler": "YS Chahal",
              "non_striker": "Harshit Rana",
              "runs": {
                "batter": 0,
                "extras": 0,
                "total": 0
              }
            }
          ]
        },
        {
          "over": 12,
          "deliveries": [
            {
              "batter": "Harshit Rana",
              "bowler": "M Jansen",
              "non_striker": "AD Russell",
              "runs": {
                "batter": 2,
                "extras": 0,
                "total": 2
              }
            },
            {
              "batter": "Harshit Rana",
              "bowler": "M Jansen",
              "non_striker": "AD Russell",
              "runs": {
                "batter": 0,
                "extras": 0,
                "total": 0
              }
            },
            {
              "batter": "Harshit Rana",
              "bowler": "M Jansen",
              "non_striker": "AD Russell",
              "runs": {
                "batter": 0,
                "extras": 0,
                "total": 0
              }
            },
            {
              "batter": "Harshit Rana",
              "bowler": "M Jansen",
              "non_striker": "AD Russell",
              "runs": {
                "batter": 0,
                "extras": 0,
                "total": 0
              }
            },
            {
              "batter": "Harshit Rana",
              "bowler": "M Jansen",
              "non_striker": "AD Russell",
              "runs": {
                "batter": 0,
                "extras": 0,
                "total": 0
              },
              "wickets": [
                {
                  "player_out": "Harshit Rana",
                  "kind": "bowled"
                }
              ]
            },
            {
              "batter": "VG Arora",
              "bowler": "M Jansen",
              "non_striker": "AD Russell",
              "runs": {
                "batter": 0,
                "extras": 0,
                "total": 0
              }
            }
          ]
        },
        {
          "over": 13,
          "deliveries": [
            {
              "batter": "AD Russell",
              "bowler": "YS Chahal",
              "non_striker": "VG Arora",
              "runs": {
                "batter": 0,
                "extras": 0,
                "total": 0
              }
            },
            {
              "batter": "AD Russell",
              "bowler": "YS Chahal",
              "non_striker": "VG Arora",
              "runs": {
                "batter": 6,
                "extras": 0,
                "total": 6
              }
            },
            {
              "batter": "AD Russell",
              "bowler": "YS Chahal",
              "non_striker": "VG Arora",
              "runs": {
                "batter": 0,
                "extras": 0,
                "total": 0
              }
            },
            {
              "batter": "AD Russell",
              "bowler": "YS Chahal",
              "non_striker": "VG Arora",
              "runs": {
                "batter": 6,
                "extras": 0,
                "total": 6
              }
            },
            {
              "batter": "AD Russell",
              "bowler": "YS Chahal",
              "non_striker": "VG Arora",
              "runs": {
                "batter": 4,
                "extras": 0,
                "total": 4
              }
            },
            {
              "batter": "AD Russell",
              "bowler": "YS Chahal",
              "non_striker": "VG Arora",
              "runs": {
                "batter": 0,
                "extras": 0,
                "total": 0
              }
            }
          ]
        },
        {
          "over": 14,
          "deliveries": [
            {
              "batter": "VG Arora",
              "bowler": "Arshdeep Singh",
              "non_striker": "AD Russell",
              "runs": {
                "batter": 0,
                "extras": 0,
                "total": 0
              }
            },
            {
              "batter": "VG Arora",
              "bowler": "Arshdeep Singh",
              "non_striker": "AD Russell",
              "runs": {
                "batter": 0,
                "extras": 0,
                "total": 0
              }
            },
            {
              "batter": "VG Arora",
              "bowler": "Arshdeep Singh",
              "non_striker": "AD Russell",
              "runs": {
                "batter": 0,
                "extras": 0,
                "total": 0
              }
            },
            {
              "batter": "VG Arora",
              "bowler": "Arshdeep Singh",
              "non_striker": "AD Russell",
              "runs": {
                "batter": 0,
                "extras": 0,
                "total": 0
              }
            },
            {
              "batter": "VG Arora",
              "bowler": "Arshdeep Singh",
              "non_striker": "AD Russell",
              "runs": {
                "batter": 0,
                "extras": 0,
                "total": 0
              }
            },
            {
              "batter": "VG Arora",
              "bowler": "Arshdeep Singh",
              "non_striker": "AD Russell",
              "runs": {
                "batter": 0,
                "extras": 0,
                "total": 0
              },
              "wickets": [
                {
                  "player_out": "VG Arora",
                  "fielders": [
                    {
                      "name": "JP Inglis"
                    }
                  ],
                  "kind": "caught"
                }
              ]
            }
          ]
        },
        {
          "over": 15,
          "deliveries": [
            {
              "batter": "AD Russell",
              "bowler": "M Jansen",
              "non_striker": "A Nortje",
              "runs": {
                "batter": 0,
                "extras": 0,
                "total": 0
              },
              "wickets": [
                {
                  "player_out": "AD Russell",
                  "kind": "bowled"
                }
              ]
            }
          ]
        }
      ],
      "powerplays": [
        {
          "from": 0.1,
          "to": 5.6,
          "type": "mandatory"
        }
      ],
      "target": {
        "overs": 20,
        "runs": 112
      }
    }
  ]
}