{
  "meta": {
    "data_version": "1.1.0",
    "created": "2025-04-11",
    "revision": 1
  },
  "info": {
    "balls_per_over": 6,
    "city": "Chennai",
    "dates": [
      "2025-04-11"
    ],
    "event": {
      "name": "Indian Premier League",
      "match_number": 25
    },
    "gender": "male",
    "match_type": "T20",
    "officials": {
      "match_referees": [
        "Prakash Bhatt"
      ],
      "reserve_umpires": [
        "TM Srivastava"
      ],
      "tv_umpires": [
        "Vinod Seshan"
      ],
      "umpires": [
        "CB Gaffaney",
        "P Joshi"
      ]
    },
    "outcome": {
      "winner": "Kolkata Knight Riders",
      "by": {
        "wickets": 8
      }
    },
    "overs": 20,
    "player_of_match": [
      "SP Narine"
    ],
    "players": {
      "Chennai Super Kings": [
        "R Ravindra",
        "DP Conway",
        "RA Tripathi",
        "V Shankar",
        "S Dube",
        "R Ashwin",
        "RA Jadeja",
        "DJ Hooda",
        "MS Dhoni",
        "Noor Ahmad",
        "A Kamboj",
        "KK Ahmed"
      ],
      "Kolkata Knight Riders": [
        "Q de Kock",
        "SP Narine",
        "AM Rahane",
        "RK Singh",
        "VR Iyer",
        "AD Russell",
        "Ramandeep Singh",
        "VG Arora",
        "MM Ali",
        "Harshit Rana",
        "CV Varun"
      ]
    },
    "registry": {
      "people": {
        "A Kamboj": "fcc21ace",
        "AD Russell": "bbd41817",
        "AM Rahane": "29e95537",
        "CB Gaffaney": "d5ac41d8",
        "CV Varun": "5b7ab5a9",
        "DJ Hooda": "73ad96ed",
        "DP Conway": "df5a6881",
        "Harshit Rana": "77b1aa15",
        "KK Ahmed": "a2f46292",
        "MM Ali": "bb351c23",
        "MS Dhoni": "4a8a2e3b",
        "Noor Ahmad": "efc04be7",
        "P Joshi": "ffc0e370",
        "Prakash Bhatt": "f848ab0b",
        "Q de Kock": "372455c4",
        "R Ashwin": "495d42a5",
        "R Ravindra": "ba5e1069",
        "RA Jadeja": "fe93fd9d",
        "RA Tripathi": "77255a9e",
        "RK Singh": "0a509d6b",
        "Ramandeep Singh": "be24ead0",
        "S Dube": "a4e37e47",
        "SP Narine": "9d430b40",
        "TM Srivastava": "a76d10ba",
        "V Shankar": "0994d0ae",
        "VG Arora": "7c3b3b78",
        "VR Iyer": "a24be938",
        "Vinod Seshan": "a3357a27"
      }
    },
    "season": "2025",
    "team_type": "club",
    "teams": [
      "Chennai Super Kings",
      "Kolkata Knight Riders"
    ],
    "toss": {
      "decision": "field",
      "winner": "Kolkata Knight Riders"
    },
    "venue": "MA Chidambaram Stadium, Chepauk, Chennai"
  },
  "innings": [
    {
      "team": "Chennai Super Kings",
      "overs": [
        {
          "over": 0,
          "deliveries": [
            {
              "batter": "R Ravindra",
              "bowler": "VG Arora",
              "non_striker": "DP Conway",
              "runs": {
                "batter": 1,
                "extras": 0,
                "total": 1
              }
            },
            {
              "batter": "DP Conway",
              "bowler": "VG Arora",
              "non_striker": "R Ravindra",
              "runs": {
                "batter": 0,
                "extras": 0,
                "total": 0
              }
            },
            {
              "batter": "DP Conway",
              "bowler": "VG Arora",
              "non_striker": "R Ravindra",
              "runs": {
                "batter": 0,
                "extras": 0,
                "total": 0
              }
            },
            {
              "batter": "DP Conway",
              "bowler": "VG Arora",
              "non_striker": "R Ravindra",
              "runs": {
                "batter": 4,
                "extras": 0,
                "total": 4
              }
            },
            {
              "batter": "DP Conway",
              "bowler": "VG Arora",
              "non_striker": "R Ravindra",
              "runs": {
                "batter": 0,
                "extras": 0,
                "total": 0
              }
            },
            {
              "batter": "DP Conway",
              "bowler": "VG Arora",
              "non_striker": "R Ravindra",
              "runs": {
                "batter": 1,
                "extras": 0,
                "total": 1
              }
            }
          ]
        },
        {
          "over": 1,
          "deliveries": [
            {
              "batter": "DP Conway",
              "bowler": "MM Ali",
              "non_striker": "R Ravindra",
              "runs": {
                "batter": 1,
                "extras": 0,
                "total": 1
              }
            },
            {
              "batter": "R Ravindra",
              "bowler": "MM Ali",
              "non_striker": "DP Conway",
              "runs": {
                "batter": 0,
                "extras": 0,
                "total": 0
              }
            },
            {
              "batter": "R Ravindra",
              "bowler": "MM Ali",
              "non_striker": "DP Conway",
              "runs": {
                "batter": 1,
                "extras": 0,
                "total": 1
              }
            },
            {
              "batter": "DP Conway",
              "bowler": "MM Ali",
              "non_striker": "R Ravindra",
              "runs": {
                "batter": 1,
                "extras": 0,
                "total": 1
              }
            },
            {
              "batter": "R Ravindra",
              "bowler": "MM Ali",
              "non_striker": "DP Conway",
              "runs": {
                "batter": 1,
                "extras": 0,
                "total": 1
              }
            },
            {
              "batter": "DP Conway",
              "bowler": "MM Ali",
              "non_striker": "R Ravindra",
              "runs": {
                "batter": 0,
                "extras": 0,
                "total": 0
              }
            }
          ]
        },
        {
          "over": 2,
          "deliveries": [
            {
              "batter": "R Ravindra",
              "bowler": "VG Arora",
              "non_striker": "DP Conway",
              "runs": {
                "batter": 0,
                "extras": 0,
                "total": 0
              }
            },
            {
              "batter": "R Ravindra",
              "bowler": "VG Arora",
              "non_striker": "DP Conway",
              "runs": {
                "batter": 0,
                "extras": 0,
                "total": 0
              }
            },
            {
              "batter": "R Ravindra",
              "bowler": "VG Arora",
              "non_striker": "DP Conway",
              "runs": {
                "batter": 1,
                "extras": 0,
                "total": 1
              }
            },
            {
              "batter": "DP Conway",
              "bowler": "VG Arora",
              "non_striker": "R Ravindra",
              "runs": {
                "batter": 4,
                "extras": 0,
                "total": 4
              }
            },
            {
              "batter": "DP Conway",
              "bowler": "VG Arora",
              "non_striker": "R Ravindra",
              "runs": {
                "batter": 1,
                "extras": 0,
                "total": 1
              }
            },
            {
              "batter": "R Ravindra",
              "bowler": "VG Arora",
              "non_striker": "DP Conway",
              "runs": {
                "batter": 0,
                "extras": 0,
                "total": 0
              }
            }
          ]
        },
        {
          "over": 3,
          "deliveries": [
            {
              "batter": "DP Conway",
              "bowler": "MM Ali",
              "non_striker": "R Ravindra",
              "review": {
                "by": "Chennai Super Kings",
                "umpire": "CB Gaffaney",
                "batter": "DP Conway",
                "decision": "struck down",
                "type": "wicket",
                "umpires_call": true
              },
              "runs": {
                "batter": 0,
                "extras": 0,
                "total": 0
              },
              "wickets": [
                {
                  "player_out": "DP Conway",
                  "kind": "lbw"
                }
              ]
            },
            {
              "batter": "RA Tripathi",
              "bowler": "MM Ali",
              "non_striker": "R Ravindra",
              "runs": {
                "batter": 0,
                "extras": 0,
                "total": 0
              }
            },
            {
              "batter": "RA Tripathi",
              "bowler": "MM Ali",
              "non_striker": "R Ravindra",
              "runs": {
                "batter": 0,
                "extras": 0,
                "total": 0
              }
            },
            {
              "batter": "RA Tripathi",
              "bowler": "MM Ali",
              "non_striker": "R Ravindra",
              "runs": {
                "batter": 0,
                "extras": 0,
                "total": 0
              }
            },
            {
              "batter": "RA Tripathi",
              "bowler": "MM Ali",
              "non_striker": "R Ravindra",
              "runs": {
                "batter": 0,
                "extras": 0,
                "total": 0
              }
            },
            {
              "batter": "RA Tripathi",
              "bowler": "MM Ali",
              "non_striker": "R Ravindra",
              "runs": {
                "batter": 0,
                "extras": 0,
                "total": 0
              }
            }
          ]
        },
        {
          "over": 4,
          "deliveries": [
            {
              "batter": "R Ravindra",
              "bowler": "Harshit Rana",
              "non_striker": "RA Tripathi",
              "runs": {
                "batter": 0,
                "extras": 0,
                "total": 0
              },
              "wickets": [
                {
                  "player_out": "R Ravindra",
                  "fielders": [
                    {
                      "name": "AM Rahane"
                    }
                  ],
                  "kind": "caught"
                }
              ]
            },
            {
              "batter": "V Shankar",
              "bowler": "Harshit Rana",
              "non_striker": "RA Tripathi",
              "runs": {
                "batter": 0,
                "extras": 0,
                "total": 0
              }
            },
            {
              "batter": "V Shankar",
              "bowler": "Harshit Rana",
              "non_striker": "RA Tripathi",
              "runs": {
                "batter": 2,
                "extras": 0,
                "total": 2
              }
            },
            {
              "batter": "V Shankar",
              "bowler": "Harshit Rana",
              "non_striker": "RA Tripathi",
              "runs": {
                "batter": 0,
                "extras": 0,
                "total": 0
              }
            },
            {
              "batter": "V Shankar",
              "bowler": "Harshit Rana",
              "non_striker": "RA Tripathi",
              "runs": {
                "batter": 0,
                "extras": 0,
                "total": 0
              }
            },
            {
              "batter": "V Shankar",
              "bowler": "Harshit Rana",
              "non_striker": "RA Tripathi",
              "runs": {
                "batter": 0,
                "extras": 0,
                "total": 0
              }
            }
          ]
        },
        {
          "over": 5,
          "deliveries": [
            {
              "batter": "RA Tripathi",
              "bowler": "CV Varun",
              "non_striker": "V Shankar",
              "runs": {
                "batter": 2,
                "extras": 0,
                "total": 2
              }
            },
            {
              "batter": "RA Tripathi",
              "bowler": "CV Varun",
              "non_striker": "V Shankar",
              "runs": {
                "batter": 0,
                "extras": 0,
                "total": 0
              }
            },
            {
              "batter": "RA Tripathi",
              "bowler": "CV Varun",
              "non_striker": "V Shankar",
              "runs": {
                "batter": 1,
                "extras": 0,
                "total": 1
              }
            },
            {
              "batter": "V Shankar",
              "bowler": "CV Varun",
              "non_striker": "RA Tripathi",
              "runs": {
                "batter": 4,
                "extras": 0,
                "total": 4
              }
            },
            {
              "batter": "V Shankar",
              "bowler": "CV Varun",
              "non_striker": "RA Tripathi",
              "runs": {
                "batter": 4,
                "extras": 0,
                "total": 4
              }
            },
            {
              "batter": "V Shankar",
              "bowler": "CV Varun",
              "non_striker": "RA Tripathi",
              "runs": {
                "batter": 2,
                "extras": 0,
                "total": 2
              }
            }
          ]
        },
        {
          "over": 6,
          "deliveries": [
            {
              "batter": "RA Tripathi",
              "bowler": "MM Ali",
              "non_striker": "V Shankar",
              "runs": {
                "batter": 1,
                "extras": 0,
                "total": 1
              }
            },
            {
              "batter": "V Shankar",
              "bowler": "MM Ali",
              "non_striker": "RA Tripathi",
              "runs": {
                "batter": 6,
                "extras": 0,
                "total": 6
              }
            },
            {
              "batter": "V Shankar",
              "bowler": "MM Ali",
              "non_striker": "RA Tripathi",
              "runs": {
                "batter": 1,
                "extras": 0,
                "total": 1
              }
            },
            {
              "batter": "RA Tripathi",
              "bowler": "MM Ali",
              "non_striker": "V Shankar",
              "runs": {
                "batter": 1,
                "extras": 0,
                "total": 1
              }
            },
            {
              "batter": "V Shankar",
              "bowler": "MM Ali",
              "non_striker": "RA Tripathi",
              "runs": {
                "batter": 1,
                "extras": 0,
                "total": 1
              }
            },
            {
              "batter": "RA Tripathi",
              "bowler": "MM Ali",
              "non_striker": "V Shankar",
              "runs": {
                "batter": 2,
                "extras": 0,
                "total": 2
              }
            }
          ]
        },
        {
          "over": 7,
          "deliveries": [
            {
              "batter": "V Shankar",
              "bowler": "Harshit Rana",
              "non_striker": "RA Tripathi",
              "runs": {
                "batter": 0,
                "extras": 0,
                "total": 0
              }
            },
            {
              "batter": "V Shankar",
              "bowler": "Harshit Rana",
              "non_striker": "RA Tripathi",
              "runs": {
                "batter": 2,
                "extras": 0,
                "total": 2
              }
            },
            {
              "batter": "V Shankar",
              "bowler": "Harshit Rana",
              "non_striker": "RA Tripathi",
              "runs": {
                "batter": 1,
                "extras": 0,
                "total": 1
              }
            },
            {
              "batter": "RA Tripathi",
              "bowler": "Harshit Rana",
              "non_striker": "V Shankar",
              "runs": {
                "batter": 0,
                "extras": 0,
                "total": 0
              }
            },
            {
              "batter": "RA Tripathi",
              "bowler": "Harshit Rana",
              "non_striker": "V Shankar",
              "runs": {
                "batter": 4,
                "extras": 0,
                "total": 4
              }
            },
            {
              "batter": "RA Tripathi",
              "bowler": "Harshit Rana",
              "non_striker": "V Shankar",
              "runs": {
                "batter": 0,
                "extras": 0,
                "total": 0
              }
            }
          ]
        },
        {
          "over": 8,
          "deliveries": [
            {
              "batter": "V Shankar",
              "bowler": "SP Narine",
              "non_striker": "RA Tripathi",
              "runs": {
                "batter": 1,
                "extras": 0,
                "total": 1
              }
            },
            {
              "batter": "RA Tripathi",
              "bowler": "SP Narine",
              "non_striker": "V Shankar",
              "runs": {
                "batter": 1,
                "extras": 0,
                "total": 1
              }
            },
            {
              "batter": "V Shankar",
              "bowler": "SP Narine",
              "non_striker": "RA Tripathi",
              "runs": {
                "batter": 2,
                "extras": 0,
                "total": 2
              }
            },
            {
              "batter": "V Shankar",
              "bowler": "SP Narine",
              "non_striker": "RA Tripathi",
              "runs": {
                "batter": 1,
                "extras": 0,
                "total": 1
              }
            },
            {
              "batter": "RA Tripathi",
              "bowler": "SP Narine",
              "non_striker": "V Shankar",
              "runs": {
                "batter": 1,
                "extras": 0,
                "total": 1
              }
            },
            {
              "batter": "V Shankar",
              "bowler": "SP Narine",
              "non_striker": "RA Tripathi",
              "runs": {
                "batter": 0,
                "extras": 0,
                "total": 0
              }
            }
          ]
        },
        {
          "over": 9,
          "deliveries": [
            {
              "batter": "RA Tripathi",
              "bowler": "CV Varun",
              "non_striker": "V Shankar",
              "runs": {
                "batter": 1,
                "extras": 0,
                "total": 1
              }
            },
            {
              "batter": "V Shankar",
              "bowler": "CV Varun",
              "non_striker": "RA Tripathi",
              "runs": {
                "batter": 2,
                "extras": 0,
                "total": 2
              }
            },
            {
              "batter": "V Shankar",
              "bowler": "CV Varun",
              "non_striker": "RA Tripathi",
              "runs": {
                "batter": 0,
                "extras": 0,
                "total": 0
              }
            },
            {
              "batter": "V Shankar",
              "bowler": "CV Varun",
              "non_striker": "RA Tripathi",
              "runs": {
                "batter": 0,
                "extras": 0,
                "total": 0
              },
              "wickets": [
                {
                  "player_out": "V Shankar",
                  "fielders": [
                    {
                      "name": "MM Ali"
                    }
                  ],
                  "kind": "caught"
                }
              ]
            },
            {
              "batter": "S Dube",
              "bowler": "CV Varun",
              "non_striker": "RA Tripathi",
              "runs": {
                "batter": 1,
                "extras": 0,
                "total": 1
              }
            },
            {
              "batter": "RA Tripathi",
              "bowler": "CV Varun",
              "non_striker": "S Dube",
              "runs": {
                "batter": 1,
                "extras": 0,
                "total": 1
              }
            }
          ]
        },
        {
          "over": 10,
          "deliveries": [
            {
              "batter": "RA Tripathi",
              "bowler": "SP Narine",
              "non_striker": "S Dube",
              "runs": {
                "batter": 0,
                "extras": 0,
                "total": 0
              }
            },
            {
              "batter": "RA Tripathi",
              "bowler": "SP Narine",
              "extras": {
                "legbyes": 1
              },
              "non_striker": "S Dube",
              "runs": {
                "batter": 0,
                "extras": 1,
                "total": 1
              }
            },
            {
              "batter": "S Dube",
              "bowler": "SP Narine",
              "non_striker": "RA Tripathi",
              "runs": {
                "batter": 1,
                "extras": 0,
                "total": 1
              }
            },
            {
              "batter": "RA Tripathi",
              "bowler": "SP Narine",
              "non_striker": "S Dube",
              "runs": {
                "batter": 1,
                "extras": 0,
                "total": 1
              }
            },
            {
              "batter": "S Dube",
              "bowler": "SP Narine",
              "non_striker": "RA Tripathi",
              "runs": {
                "batter": 1,
                "extras": 0,
                "total": 1
              }
            },
            {
              "batter": "RA Tripathi",
              "bowler": "SP Narine",
              "non_striker": "S Dube",
              "runs": {
                "batter": 0,
                "extras": 0,
                "total": 0
              },
              "wickets": [
                {
                  "player_out": "RA Tripathi",
                  "kind": "bowled"
                }
              ]
            }
          ]
        },
        {
          "over": 11,
          "deliveries": [
            {
              "batter": "S Dube",
              "bowler": "MM Ali",
              "non_striker": "R Ashwin",
              "runs": {
                "batter": 0,
                "extras": 0,
                "total": 0
              }
            },
            {
              "batter": "S Dube",
              "bowler": "MM Ali",
              "extras": {
                "wides": 1
              },
              "non_striker": "R Ashwin",
              "runs": {
                "batter": 0,
                "extras": 1,
                "total": 1
              }
            },
            {
              "batter": "S Dube",
              "bowler": "MM Ali",
              "non_striker": "R Ashwin",
              "runs": {
                "batter": 1,
                "extras": 0,
                "total": 1
              }
            },
            {
              "batter": "R Ashwin",
              "bowler": "MM Ali",
              "non_striker": "S Dube",
              "runs": {
                "batter": 1,
                "extras": 0,
                "total": 1
              }
            },
            {
              "batter": "S Dube",
              "bowler": "MM Ali",
              "non_striker": "R Ashwin",
              "runs": {
                "batter": 1,
                "extras": 0,
                "total": 1
              }
            },
            {
              "batter": "R Ashwin",
              "bowler": "MM Ali",
              "non_striker": "S Dube",
              "runs": {
                "batter": 0,
                "extras": 0,
                "total": 0
              }
            },
            {
              "batter": "R Ashwin",
              "bowler": "MM Ali",
              "non_striker": "S Dube",
              "runs": {
                "batter": 0,
                "extras": 0,
                "total": 0
              }
            }
          ]
        },
        {
          "over": 12,
          "deliveries": [
            {
              "batter": "S Dube",
              "bowler": "Harshit Rana",
              "non_striker": "R Ashwin",
              "runs": {
                "batter": 1,
                "extras": 0,
                "total": 1
              }
            },
            {
              "batter": "R Ashwin",
              "bowler": "Harshit Rana",
              "non_striker": "S Dube",
              "runs": {
                "batter": 0,
                "extras": 0,
                "total": 0
              }
            },
            {
              "batter": "R Ashwin",
              "bowler": "Harshit Rana",
              "non_striker": "S Dube",
              "runs": {
                "batter": 0,
                "extras": 0,
                "total": 0
              }
            },
            {
              "batter": "R Ashwin",
              "bowler": "Harshit Rana",
              "non_striker": "S Dube",
              "runs": {
                "batter": 0,
                "extras": 0,
                "total": 0
              }
            },
            {
              "batter": "R Ashwin",
              "bowler": "Harshit Rana",
              "non_striker": "S Dube",
              "runs": {
                "batter": 0,
                "extras": 0,
                "total": 0
              },
              "wickets": [
                {
                  "player_out": "R Ashwin",
                  "fielders": [
                    {
                      "name": "VG Arora"
                    }
                  ],
                  "kind": "caught"
                }
              ]
            },
            {
              "batter": "RA Jadeja",
              "bowler": "Harshit Rana",
              "non_striker": "S Dube",
              "runs": {
                "batter": 0,
                "extras": 0,
                "total": 0
              }
            }
          ]
        },
        {
          "over": 13,
          "deliveries": [
            {
              "batter": "S Dube",
              "bowler": "SP Narine",
              "non_striker": "RA Jadeja",
              "runs": {
                "batter": 0,
                "extras": 0,
                "total": 0
              }
            },
            {
              "batter": "S Dube",
              "bowler": "SP Narine",
              "non_striker": "RA Jadeja",
              "runs": {
                "batter": 1,
                "extras": 0,
                "total": 1
              }
            },
            {
              "batter": "RA Jadeja",
              "bowler": "SP Narine",
              "non_striker": "S Dube",
              "runs": {
                "batter": 0,
                "extras": 0,
                "total": 0
              },
              "wickets": [
                {
                  "player_out": "RA Jadeja",
                  "fielders": [
                    {
                      "name": "Q de Kock"
                    }
                  ],
                  "kind": "caught"
                }
              ]
            },
            {
              "batter": "DJ Hooda",
              "bowler": "SP Narine",
              "non_striker": "S Dube",
              "replacements": {
                "match": [
                  {
                    "in": "DJ Hooda",
                    "out": "RA Tripathi",
                    "team": "Chennai Super Kings",
                    "reason": "impact_player"
                  }
                ]
              },
              "runs": {
                "batter": 0,
                "extras": 0,
                "total": 0
              }
            },
            {
              "batter": "DJ Hooda",
              "bowler": "SP Narine",
              "non_striker": "S Dube",
              "runs": {
                "batter": 0,
                "extras": 0,
                "total": 0
              }
            },
            {
              "batter": "DJ Hooda",
              "bowler": "SP Narine",
              "non_striker": "S Dube",
              "runs": {
                "batter": 0,
                "extras": 0,
                "total": 0
              }
            }
          ]
        },
        {
          "over": 14,
          "deliveries": [
            {
              "batter": "S Dube",
              "bowler": "CV Varun",
              "non_striker": "DJ Hooda",
              "runs": {
                "batter": 1,
                "extras": 0,
                "total": 1
              }
            },
            {
              "batter": "DJ Hooda",
              "bowler": "CV Varun",
              "non_striker": "S Dube",
              "runs": {
                "batter": 0,
                "extras": 0,
                "total": 0
              },
              "wickets": [
                {
                  "player_out": "DJ Hooda",
                  "fielders": [
                    {
                      "name": "VG Arora"
                    }
                  ],
                  "kind": "caught"
                }
              ]
            },
            {
              "batter": "MS Dhoni",
              "bowler": "CV Varun",
              "non_striker": "S Dube",
              "runs": {
                "batter": 0,
                "extras": 0,
                "total": 0
              }
            },
            {
              "batter": "MS Dhoni",
              "bowler": "CV Varun",
              "non_striker": "S Dube",
              "runs": {
                "batter": 1,
                "extras": 0,
                "total": 1
              }
            },
            {
              "batter": "S Dube",
              "bowler": "CV Varun",
              "non_striker": "MS Dhoni",
              "runs": {
                "batter": 1,
                "extras": 0,
                "total": 1
              }
            },
            {
              "batter": "MS Dhoni",
              "bowler": "CV Varun",
              "non_striker": "S Dube",
              "runs": {
                "batter": 0,
                "extras": 0,
                "total": 0
              }
            }
          ]
        },
        {
          "over": 15,
          "deliveries": [
            {
              "batter": "S Dube",
              "bowler": "SP Narine",
              "non_striker": "MS Dhoni",
              "runs": {
                "batter": 0,
                "extras": 0,
                "total": 0
              }
            },
            {
              "batter": "S Dube",
              "bowler": "SP Narine",
              "non_striker": "MS Dhoni",
              "runs": {
                "batter": 1,
                "extras": 0,
                "total": 1
              }
            },
            {
              "batter": "MS Dhoni",
              "bowler": "SP Narine",
              "non_striker": "S Dube",
              "review": {
                "by": "Chennai Super Kings",
                "umpire": "CB Gaffaney",
                "batter": "MS Dhoni",
                "decision": "struck down",
                "type": "wicket"
              },
              "runs": {
                "batter": 0,
                "extras": 0,
                "total": 0
              },
              "wickets": [
                {
                  "player_out": "MS Dhoni",
                  "kind": "lbw"
                }
              ]
            },
            {
              "batter": "Noor Ahmad",
              "bowler": "SP Narine",
              "non_striker": "S Dube",
              "runs": {
                "batter": 1,
                "extras": 0,
                "total": 1
              }
            },
            {
              "batter": "S Dube",
              "bowler": "SP Narine",
              "non_striker": "Noor Ahmad",
              "runs": {
                "batter": 1,
                "extras": 0,
                "total": 1
              }
            },
            {
              "batter": "Noor Ahmad",
              "bowler": "SP Narine",
              "non_striker": "S Dube",
              "runs": {
                "batter": 0,
                "extras": 0,
                "total": 0
              }
            }
          ]
        },
        {
          "over": 16,
          "deliveries": [
            {
              "batter": "S Dube",
              "bowler": "CV Varun",
              "non_striker": "Noor Ahmad",
              "runs": {
                "batter": 1,
                "extras": 0,
                "total": 1
              }
            },
            {
              "batter": "Noor Ahmad",
              "bowler": "CV Varun",
              "non_striker": "S Dube",
              "runs": {
                "batter": 0,
                "extras": 0,
                "total": 0
              }
            },
            {
              "batter": "Noor Ahmad",
              "bowler": "CV Varun",
              "non_striker": "S Dube",
              "runs": {
                "batter": 0,
                "extras": 0,
                "total": 0
              }
            },
            {
              "batter": "Noor Ahmad",
              "bowler": "CV Varun",
              "non_striker": "S Dube",
              "runs": {
                "batter": 0,
                "extras": 0,
                "total": 0
              }
            },
            {
              "batter": "Noor Ahmad",
              "bowler": "CV Varun",
              "non_striker": "S Dube",
              "runs": {
                "batter": 0,
                "extras": 0,
                "total": 0
              }
            },
            {
              "batter": "Noor Ahmad",
              "bowler": "CV Varun",
              "non_striker": "S Dube",
              "runs": {
                "batter": 0,
                "extras": 0,
                "total": 0
              }
            }
          ]
        },
        {
          "over": 17,
          "deliveries": [
            {
              "batter": "S Dube",
              "bowler": "VG Arora",
              "non_striker": "Noor Ahmad",
              "runs": {
                "batter": 1,
                "extras": 0,
                "total": 1
              }
            },
            {
              "batter": "Noor Ahmad",
              "bowler": "VG Arora",
              "non_striker": "S Dube",
              "runs": {
                "batter": 0,
                "extras": 0,
                "total": 0
              },
              "wickets": [
                {
                  "player_out": "Noor Ahmad",
                  "fielders": [
                    {
                      "name": "CV Varun"
                    }
                  ],
                  "kind": "caught"
                }
              ]
            },
            {
              "batter": "A Kamboj",
              "bowler": "VG Arora",
              "non_striker": "S Dube",
              "runs": {
                "batter": 1,
                "extras": 0,
                "total": 1
              }
            },
            {
              "batter": "S Dube",
              "bowler": "VG Arora",
              "non_striker": "A Kamboj",
              "runs": {
                "batter": 1,
                "extras": 0,
                "total": 1
              }
            },
            {
              "batter": "A Kamboj",
              "bowler": "VG Arora",
              "extras": {
                "wides": 1
              },
              "non_striker": "S Dube",
              "runs": {
                "batter": 0,
                "extras": 1,
                "total": 1
              }
            },
            {
              "batter": "A Kamboj",
              "bowler": "VG Arora",
              "non_striker": "S Dube",
              "runs": {
                "batter": 2,
                "extras": 0,
                "total": 2
              }
            },
            {
              "batter": "A Kamboj",
              "bowler": "VG Arora",
              "non_striker": "S Dube",
              "runs": {
                "batter": 0,
                "extras": 0,
                "total": 0
              }
            }
          ]
        },
        {
          "over": 18,
          "deliveries": [
            {
              "batter": "S Dube",
              "bowler": "Harshit Rana",
              "non_striker": "A Kamboj",
              "runs": {
                "batter": 0,
                "extras": 0,
                "total": 0
              }
            },
            {
              "batter": "S Dube",
              "bowler": "Harshit Rana",
              "non_striker": "A Kamboj",
              "runs": {
                "batter": 0,
                "extras": 0,
                "total": 0
              }
            },
            {
              "batter": "S Dube",
              "bowler": "Harshit Rana",
              "non_striker": "A Kamboj",
              "runs": {
                "batter": 4,
                "extras": 0,
                "total": 4
              }
            },
            {
              "batter": "S Dube",
              "bowler": "Harshit Rana",
              "non_striker": "A Kamboj",
              "runs": {
                "batter": 0,
                "extras": 0,
                "total": 0
              }
            },
            {
              "batter": "S Dube",
              "bowler": "Harshit Rana",
              "extras": {
                "wides": 1
              },
              "non_striker": "A Kamboj",
              "runs": {
                "batter": 0,
                "extras": 1,
                "total": 1
              }
            },
            {
              "batter": "S Dube",
              "bowler": "Harshit Rana",
              "non_striker": "A Kamboj",
              "runs": {
                "batter": 0,
                "extras": 0,
                "total": 0
              }
            },
            {
              "batter": "S Dube",
              "bowler": "Harshit Rana",
              "non_striker": "A Kamboj",
              "runs": {
                "batter": 1,
                "extras": 0,
                "total": 1
              }
            }
          ]
        },
        {
          "over": 19,
          "deliveries": [
            {
              "batter": "S Dube",
              "bowler": "VG Arora",
              "extras": {
                "wides": 1
              },
              "non_striker": "A Kamboj",
              "runs": {
                "batter": 0,
                "extras": 1,
                "total": 1
              }
            },
            {
              "batter": "S Dube",
              "bowler": "VG Arora",
              "non_striker": "A Kamboj",
              "runs": {
                "batter": 0,
                "extras": 0,
                "total": 0
              }
            },
            {
              "batter": "S Dube",
              "bowler": "VG Arora",
              "non_striker": "A Kamboj",
              "runs": {
                "batter": 2,
                "extras": 0,
                "total": 2
              }
            },
            {
              "batter": "S Dube",
              "bowler": "VG Arora",
              "non_striker": "A Kamboj",
              "runs": {
                "batter": 4,
                "extras": 0,
                "total": 4
              }
            },
            {
              "batter": "S Dube",
              "bowler": "VG Arora",
              "non_striker": "A Kamboj",
              "runs": {
                "batter": 0,
                "extras": 0,
                "total": 0
              }
            },
            {
              "batter": "S Dube",
              "bowler": "VG Arora",
              "non_striker": "A Kamboj",
              "runs": {
                "batter": 2,
                "extras": 0,
                "total": 2
              }
            },
            {
              "batter": "S Dube",
              "bowler": "VG Arora",
              "non_striker": "A Kamboj",
              "runs": {
                "batter": 4,
                "extras": 0,
                "total": 4
              }
            }
          ]
        }
      ],
      "powerplays": [
        {
          "from": 0.1,
          "to": 5.6,
          "type": "mandatory"
        }
      ]
    },
    {
      "team": "Kolkata Knight Riders",
      "overs": [
        {
          "over": 0,
          "deliveries": [
            {
              "batter": "Q de Kock",
              "bowler": "KK Ahmed",
              "non_striker": "SP Narine",
              "runs": {
                "batter": 0,
                "extras": 0,
                "total": 0
              }
            },
            {
              "batter": "Q de Kock",
              "bowler": "KK Ahmed",
              "non_striker": "SP Narine",
              "runs": {
                "batter": 0,
                "extras": 0,
                "total": 0
              }
            },
            {
              "batter": "Q de Kock",
              "bowler": "KK Ahmed",
              "non_striker": "SP Narine",
              "runs": {
                "batter": 0,
                "extras": 0,
                "total": 0
              }
            },
            {
              "batter": "Q de Kock",
              "bowler": "KK Ahmed",
              "non_striker": "SP Narine",
              "runs": {
                "batter": 0,
                "extras": 0,
                "total": 0
              }
            },
            {
              "batter": "Q de Kock",
              "bowler": "KK Ahmed",
              "non_striker": "SP Narine",
              "runs": {
                "batter": 1,
                "extras": 0,
                "total": 1
              }
            },
            {
              "batter": "SP Narine",
              "bowler": "KK Ahmed",
              "non_striker": "Q de Kock",
              "runs": {
                "batter": 6,
                "extras": 0,
                "total": 6
              }
            }
          ]
        },
        {
          "over": 1,
          "deliveries": [
            {
              "batter": "Q de Kock",
              "bowler": "A Kamboj",
              "non_striker": "SP Narine",
              "runs": {
                "batter": 6,
                "extras": 0,
                "total": 6
              }
            },
            {
              "batter": "Q de Kock",
              "bowler": "A Kamboj",
              "extras": {
                "noballs": 1
              },
              "non_striker": "SP Narine",
              "runs": {
                "batter": 0,
                "extras": 1,
                "total": 1
              }
            },
            {
              "batter": "Q de Kock",
              "bowler": "A Kamboj",
              "non_striker": "SP Narine",
              "runs": {
                "batter": 1,
                "extras": 0,
                "total": 1
              }
            },
            {
              "batter": "SP Narine",
              "bowler": "A Kamboj",
              "non_striker": "Q de Kock",
              "runs": {
                "batter": 0,
                "extras": 0,
                "total": 0
              }
            },
            {
              "batter": "SP Narine",
              "bowler": "A Kamboj",
              "non_striker": "Q de Kock",
              "runs": {
                "batter": 2,
                "extras": 0,
                "total": 2
              }
            },
            {
              "batter": "SP Narine",
              "bowler": "A Kamboj",
              "non_striker": "Q de Kock",
              "runs": {
                "batter": 1,
                "extras": 0,
                "total": 1
              }
            },
            {
              "batter": "Q de Kock",
              "bowler": "A Kamboj",
              "non_striker": "SP Narine",
              "runs": {
                "batter": 1,
                "extras": 0,
                "total": 1
              }
            }
          ]
        },
        {
          "over": 2,
          "deliveries": [
            {
              "batter": "Q de Kock",
              "bowler": "KK Ahmed",
              "non_striker": "SP Narine",
              "runs": {
                "batter": 1,
                "extras": 0,
                "total": 1
              }
            },
            {
              "batter": "SP Narine",
              "bowler": "KK Ahmed",
              "extras": {
                "wides": 1
              },
              "non_striker": "Q de Kock",
              "runs": {
                "batter": 0,
                "extras": 1,
                "total": 1
              }
            },
            {
              "batter": "SP Narine",
              "bowler": "KK Ahmed",
              "non_striker": "Q de Kock",
              "runs": {
                "batter": 1,
                "extras": 0,
                "total": 1
              }
            },
            {
              "batter": "Q de Kock",
              "bowler": "KK Ahmed",
              "non_striker": "SP Narine",
              "runs": {
                "batter": 0,
                "extras": 0,
                "total": 0
              }
            },
            {
              "batter": "Q de Kock",
              "bowler": "KK Ahmed",
              "non_striker": "SP Narine",
              "runs": {
                "batter": 6,
                "extras": 0,
                "total": 6
              }
            },
            {
              "batter": "Q de Kock",
              "bowler": "KK Ahmed",
              "non_striker": "SP Narine",
              "runs": {
                "batter": 0,
                "extras": 0,
                "total": 0
              }
            },
            {
              "batter": "Q de Kock",
              "bowler": "KK Ahmed",
              "non_striker": "SP Narine",
              "runs": {
                "batter": 6,
                "extras": 0,
                "total": 6
              }
            }
          ]
        },
        {
          "over": 3,
          "deliveries": [
            {
              "batter": "SP Narine",
              "bowler": "R Ashwin",
              "non_striker": "Q de Kock",
              "runs": {
                "batter": 4,
                "extras": 0,
                "total": 4
              }
            },
            {
              "batter": "SP Narine",
              "bowler": "R Ashwin",
              "non_striker": "Q de Kock",
              "runs": {
                "batter": 1,
                "extras": 0,
                "total": 1
              }
            },
            {
              "batter": "Q de Kock",
              "bowler": "R Ashwin",
              "non_striker": "SP Narine",
              "runs": {
                "batter": 1,
                "extras": 0,
                "total": 1
              }
            },
            {
              "batter": "SP Narine",
              "bowler": "R Ashwin",
              "non_striker": "Q de Kock",
              "runs": {
                "batter": 6,
                "extras": 0,
                "total": 6
              }
            },
            {
              "batter": "SP Narine",
              "bowler": "R Ashwin",
              "non_striker": "Q de Kock",
              "runs": {
                "batter": 0,
                "extras": 0,
                "total": 0
              }
            },
            {
              "batter": "SP Narine",
              "bowler": "R Ashwin",
              "non_striker": "Q de Kock",
              "runs": {
                "batter": 0,
                "extras": 0,
                "total": 0
              }
            }
          ]
        },
        {
          "over": 4,
          "deliveries": [
            {
              "batter": "Q de Kock",
              "bowler": "A Kamboj",
              "non_striker": "SP Narine",
              "runs": {
                "batter": 0,
                "extras": 0,
                "total": 0
              },
              "wickets": [
                {
                  "player_out": "Q de Kock",
                  "kind": "bowled"
                }
              ]
            },
            {
              "batter": "AM Rahane",
              "bowler": "A Kamboj",
              "non_striker": "SP Narine",
              "runs": {
                "batter": 0,
                "extras": 0,
                "total": 0
              }
            },
            {
              "batter": "AM Rahane",
              "bowler": "A Kamboj",
              "non_striker": "SP Narine",
              "runs": {
                "batter": 4,
                "extras": 0,
                "total": 4
              }
            },
            {
              "batter": "AM Rahane",
              "bowler": "A Kamboj",
              "non_striker": "SP Narine",
              "runs": {
                "batter": 0,
                "extras": 0,
                "total": 0
              }
            },
            {
              "batter": "AM Rahane",
              "bowler": "A Kamboj",
              "non_striker": "SP Narine",
              "runs": {
                "batter": 2,
                "extras": 0,
                "total": 2
              }
            },
            {
              "batter": "AM Rahane",
              "bowler": "A Kamboj",
              "non_striker": "SP Narine",
              "runs": {
                "batter": 1,
                "extras": 0,
                "total": 1
              }
            }
          ]
        },
        {
          "over": 5,
          "deliveries": [
            {
              "batter": "AM Rahane",
              "bowler": "KK Ahmed",
              "non_striker": "SP Narine",
              "runs": {
                "batter": 0,
                "extras": 0,
                "total": 0
              }
            },
            {
              "batter": "AM Rahane",
              "bowler": "KK Ahmed",
              "non_striker": "SP Narine",
              "runs": {
                "batter": 6,
                "extras": 0,
                "total": 6
              }
            },
            {
              "batter": "AM Rahane",
              "bowler": "KK Ahmed",
              "non_striker": "SP Narine",
              "runs": {
                "batter": 1,
                "extras": 0,
                "total": 1
              }
            },
            {
              "batter": "SP Narine",
              "bowler": "KK Ahmed",
              "non_striker": "AM Rahane",
              "runs": {
                "batter": 6,
                "extras": 0,
                "total": 6
              }
            },
            {
              "batter": "SP Narine",
              "bowler": "KK Ahmed",
              "non_striker": "AM Rahane",
              "runs": {
                "batter": 0,
                "extras": 0,
                "total": 0
              }
            },
            {
              "batter": "SP Narine",
              "bowler": "KK Ahmed",
              "extras": {
                "wides": 1
              },
              "non_striker": "AM Rahane",
              "runs": {
                "batter": 0,
                "extras": 1,
                "total": 1
              }
            },
            {
              "batter": "SP Narine",
              "bowler": "KK Ahmed",
              "non_striker": "AM Rahane",
              "runs": {
                "batter": 4,
                "extras": 0,
                "total": 4
              }
            }
          ]
        },
        {
          "over": 6,
          "deliveries": [
            {
              "batter": "AM Rahane",
              "bowler": "R Ashwin",
              "non_striker": "SP Narine",
              "runs": {
                "batter": 1,
                "extras": 0,
                "total": 1
              }
            },
            {
              "batter": "SP Narine",
              "bowler": "R Ashwin",
              "non_striker": "AM Rahane",
              "runs": {
                "batter": 0,
                "extras": 0,
                "total": 0
              }
            },
            {
              "batter": "SP Narine",
              "bowler": "R Ashwin",
              "non_striker": "AM Rahane",
              "runs": {
                "batter": 6,
                "extras": 0,
                "total": 6
              }
            },
            {
              "batter": "SP Narine",
              "bowler": "R Ashwin",
              "non_striker": "AM Rahane",
              "runs": {
                "batter": 6,
                "extras": 0,
                "total": 6
              }
            },
            {
              "batter": "SP Narine",
              "bowler": "R Ashwin",
              "non_striker": "AM Rahane",
              "runs": {
                "batter": 1,
                "extras": 0,
                "total": 1
              }
            },
            {
              "batter": "AM Rahane",
              "bowler": "R Ashwin",
              "non_striker": "SP Narine",
              "runs": {
                "batter": 0,
                "extras": 0,
                "total": 0
              }
            }
          ]
        },
        {
          "over": 7,
          "deliveries": [
            {
              "batter": "SP Narine",
              "bowler": "Noor Ahmad",
              "non_striker": "AM Rahane",
              "runs": {
                "batter": 0,
                "extras": 0,
                "total": 0
              },
              "wickets": [
                {
                  "player_out": "SP Narine",
                  "kind": "bowled"
                }
              ]
            },
            {
              "batter": "RK Singh",
              "bowler": "Noor Ahmad",
              "non_striker": "AM Rahane",
              "runs": {
                "batter": 0,
                "extras": 0,
                "total": 0
              }
            },
            {
              "batter": "RK Singh",
              "bowler": "Noor Ahmad",
              "non_striker": "AM Rahane",
              "runs": {
                "batter": 0,
                "extras": 0,
                "total": 0
              }
            },
            {
              "batter": "RK Singh",
              "bowler": "Noor Ahmad",
              "non_striker": "AM Rahane",
              "runs": {
                "batter": 1,
                "extras": 0,
                "total": 1
              }
            },
            {
              "batter": "AM Rahane",
              "bowler": "Noor Ahmad",
              "non_striker": "RK Singh",
              "runs": {
                "batter": 1,
                "extras": 0,
                "total": 1
              }
            },
            {
              "batter": "RK Singh",
              "bowler": "Noor Ahmad",
              "non_striker": "AM Rahane",
              "runs": {
                "batter": 0,
                "extras": 0,
                "total": 0
              }
            }
          ]
        },
        {
          "over": 8,
          "deliveries": [
            {
              "batter": "AM Rahane",
              "bowler": "R Ashwin",
              "non_striker": "RK Singh",
              "runs": {
                "batter": 0,
                "extras": 0,
                "total": 0
              }
            },
            {
              "batter": "AM Rahane",
              "bowler": "R Ashwin",
              "non_striker": "RK Singh",
              "runs": {
                "batter": 2,
                "extras": 0,
                "total": 2
              }
            },
            {
              "batter": "AM Rahane",
              "bowler": "R Ashwin",
              "non_striker": "RK Singh",
              "runs": {
                "batter": 0,
                "extras": 0,
                "total": 0
              }
            },
            {
              "batter": "AM Rahane",
              "bowler": "R Ashwin",
              "extras": {
                "legbyes": 1
              },
              "non_striker": "RK Singh",
              "runs": {
                "batter": 0,
                "extras": 1,
                "total": 1
              }
            },
            {
              "batter": "RK Singh",
              "bowler": "R Ashwin",
              "non_striker": "AM Rahane",
              "runs": {
                "batter": 1,
                "extras": 0,
                "total": 1
              }
            },
            {
              "batter": "AM Rahane",
              "bowler": "R Ashwin",
              "non_striker": "RK Singh",
              "runs": {
                "batter": 1,
                "extras": 0,
                "total": 1
              }
            }
          ]
        },
        {
          "over": 9,
          "deliveries": [
            {
              "batter": "AM Rahane",
              "bowler": "Noor Ahmad",
              "non_striker": "RK Singh",
              "runs": {
                "batter": 1,
                "extras": 0,
                "total": 1
              }
            },
            {
              "batter": "RK Singh",
              "bowler": "Noor Ahmad",
              "non_striker": "AM Rahane",
              "runs": {
                "batter": 0,
                "extras": 0,
                "total": 0
              }
            },
            {
              "batter": "RK Singh",
              "bowler": "Noor Ahmad",
              "non_striker": "AM Rahane",
              "runs": {
                "batter": 0,
                "extras": 0,
                "total": 0
              }
            },
            {
              "batter": "RK Singh",
              "bowler": "Noor Ahmad",
              "non_striker": "AM Rahane",
              "runs": {
                "batter": 4,
                "extras": 0,
                "total": 4
              }
            },
            {
              "batter": "RK Singh",
              "bowler": "Noor Ahmad",
              "non_striker": "AM Rahane",
              "runs": {
                "batter": 0,
                "extras": 0,
                "total": 0
              }
            },
            {
              "batter": "RK Singh",
              "bowler": "Noor Ahmad",
              "non_striker": "AM Rahane",
              "runs": {
                "batter": 1,
                "extras": 0,
                "total": 1
              }
            }
          ]
        },
        {
          "over": 10,
          "deliveries": [
            {
              "batter": "RK Singh",
              "bowler": "RA Jadeja",
              "extras": {
                "noballs": 1
              },
              "non_striker": "AM Rahane",
              "runs": {
                "batter": 2,
                "extras": 1,
                "total": 3
              }
            },
            {
              "batter": "RK Singh",
              "bowler": "RA Jadeja",
              "non_striker": "AM Rahane",
              "runs": {
                "batter": 6,
                "extras": 0,
                "total": 6
              }
            }
          ]
        }
      ],
      "powerplays": [
        {
          "from": 0.1,
          "to": 5.7,
          "type": "mandatory"
        }
      ],
      "target": {
        "overs": 20,
        "runs": 104
      }
    }
  ]
}