{
  "meta": {
    "data_version": "1.1.0",
    "created": "2025-04-14",
    "revision": 1
  },
  "info": {
    "balls_per_over": 6,
    "city": "Delhi",
    "dates": [
      "2025-04-13"
    ],
    "event": {
      "name": "Indian Premier League",
      "match_number": 29
    },
    "gender": "male",
    "match_type": "T20",
    "officials": {
      "match_referees": [
        "Prakash Bhatt"
      ],
      "reserve_umpires": [
        "TM Srivastava"
      ],
      "tv_umpires": [
        "J Madanagopal"
      ],
      "umpires": [
        "CB Gaffaney",
        "Vinod Seshan"
      ]
    },
    "outcome": {
      "winner": "Mumbai Indians",
      "by": {
        "runs": 12
      }
    },
    "overs": 20,
    "player_of_match": [
      "KV Sharma"
    ],
    "players": {
      "Mumbai Indians": [
        "KV Sharma",
        "RG Sharma",
        "RD Rickelton",
        "SA Yadav",
        "Tilak Varma",
        "HH Pandya",
        "Naman Dhir",
        "WG Jacks",
        "MJ Santner",
        "DL Chahar",
        "TA Boult",
        "JJ Bumrah"
      ],
      "Delhi Capitals": [
        "Mukesh Kumar",
        "J Fraser-McGurk",
        "Abishek Porel",
        "KK Nair",
        "KL Rahul",
        "AR Patel",
        "T Stubbs",
        "Ashutosh Sharma",
        "V Nigam",
        "MA Starc",
        "Kuldeep Yadav",
        "MM Sharma"
      ]
    },
    "registry": {
      "people": {
        "AR Patel": "2e171977",
        "Abishek Porel": "ad3b6e95",
        "Ashutosh Sharma": "84d9c311",
        "CB Gaffaney": "d5ac41d8",
        "DL Chahar": "23eeb873",
        "HH Pandya": "dbe50b21",
        "J Fraser-McGurk": "9b6e1b3f",
        "J Madanagopal": "8275b04a",
        "JJ Bumrah": "462411b3",
        "KK Nair": "944533a5",
        "KL Rahul": "b17e2f24",
        "KV Sharma": "119678fd",
        "Kuldeep Yadav": "8d2c70ad",
        "MA Starc": "3fb19989",
        "MJ Santner": "e4a0deae",
        "MM Sharma": "759ac88f",
        "Mukesh Kumar": "2cffab74",
        "Naman Dhir": "fffa744b",
        "Prakash Bhatt": "f848ab0b",
        "RA Bawa": "ba6b2f91",
        "RD Rickelton": "e66732f8",
        "RG Sharma": "740742ef",
        "SA Yadav": "271f83cd",
        "T Stubbs": "85b3fab2",
        "TA Boult": "a818c1be",
        "TM Srivastava": "a76d10ba",
        "Tilak Varma": "b0482a1d",
        "V Nigam": "5ffc0565",
        "Vinod Seshan": "a3357a27",
        "WG Jacks": "9caf69a1"
      }
    },
    "season": "2025",
    "team_type": "club",
    "teams": [
      "Mumbai Indians",
      "Delhi Capitals"
    ],
    "toss": {
      "decision": "field",
      "winner": "Delhi Capitals"
    },
    "venue": "Arun Jaitley Stadium, Delhi"
  },
  "innings": [
    {
      "team": "Mumbai Indians",
      "overs": [
        {
          "over": 0,
          "deliveries": [
            {
              "batter": "RG Sharma",
              "bowler": "MA Starc",
              "non_striker": "RD Rickelton",
              "runs": {
                "batter": 1,
                "extras": 0,
                "total": 1
              }
            },
            {
              "batter": "RD Rickelton",
              "bowler": "MA Starc",
              "non_striker": "RG Sharma",
              "runs": {
                "batter": 0,
                "extras": 0,
                "total": 0
              }
            },
            {
              "batter": "RD Rickelton",
              "bowler": "MA Starc",
              "non_striker": "RG Sharma",
              "runs": {
                "batter": 4,
                "extras": 0,
                "total": 4
              }
            },
            {
              "batter": "RD Rickelton",
              "bowler": "MA Starc",
              "non_striker": "RG Sharma",
              "runs": {
                "batter": 4,
                "extras": 0,
                "total": 4
              }
            },
            {
              "batter": "RD Rickelton",
              "bowler": "MA Starc",
              "non_striker": "RG Sharma",
              "runs": {
                "batter": 0,
                "extras": 0,
                "total": 0
              }
            },
            {
              "batter": "RD Rickelton",
              "bowler": "MA Starc",
              "extras": {
                "wides": 1
              },
              "non_striker": "RG Sharma",
              "runs": {
                "batter": 0,
                "extras": 1,
                "total": 1
              }
            },
            {
              "batter": "RD Rickelton",
              "bowler": "MA Starc",
              "non_striker": "RG Sharma",
              "runs": {
                "batter": 1,
                "extras": 0,
                "total": 1
              }
            }
          ]
        },
        {
          "over": 1,
          "deliveries": [
            {
              "batter": "RD Rickelton",
              "bowler": "Mukesh Kumar",
              "non_striker": "RG Sharma",
              "runs": {
                "batter": 1,
                "extras": 0,
                "total": 1
              }
            },
            {
              "batter": "RG Sharma",
              "bowler": "Mukesh Kumar",
              "non_striker": "RD Rickelton",
              "runs": {
                "batter": 1,
                "extras": 0,
                "total": 1
              }
            },
            {
              "batter": "RD Rickelton",
              "bowler": "Mukesh Kumar",
              "non_striker": "RG Sharma",
              "runs": {
                "batter": 0,
                "extras": 0,
                "total": 0
              }
            },
            {
              "batter": "RD Rickelton",
              "bowler": "Mukesh Kumar",
              "non_striker": "RG Sharma",
              "runs": {
                "batter": 0,
                "extras": 0,
                "total": 0
              }
            },
            {
              "batter": "RD Rickelton",
              "bowler": "Mukesh Kumar",
              "non_striker": "RG Sharma",
              "runs": {
                "batter": 6,
                "extras": 0,
                "total": 6
              }
            },
            {
              "batter": "RD Rickelton",
              "bowler": "Mukesh Kumar",
              "non_striker": "RG Sharma",
              "runs": {
                "batter": 1,
                "extras": 0,
                "total": 1
              }
            }
          ]
        },
        {
          "over": 2,
          "deliveries": [
            {
              "batter": "RD Rickelton",
              "bowler": "MA Starc",
              "non_striker": "RG Sharma",
              "runs": {
                "batter": 4,
                "extras": 0,
                "total": 4
              }
            },
            {
              "batter": "RD Rickelton",
              "bowler": "MA Starc",
              "non_striker": "RG Sharma",
              "runs": {
                "batter": 1,
                "extras": 0,
                "total": 1
              }
            },
            {
              "batter": "RG Sharma",
              "bowler": "MA Starc",
              "non_striker": "RD Rickelton",
              "runs": {
                "batter": 4,
                "extras": 0,
                "total": 4
              }
            },
            {
              "batter": "RG Sharma",
              "bowler": "MA Starc",
              "non_striker": "RD Rickelton",
              "runs": {
                "batter": 6,
                "extras": 0,
                "total": 6
              }
            },
            {
              "batter": "RG Sharma",
              "bowler": "MA Starc",
              "non_striker": "RD Rickelton",
              "runs": {
                "batter": 0,
                "extras": 0,
                "total": 0
              }
            },
            {
              "batter": "RG Sharma",
              "bowler": "MA Starc",
              "non_striker": "RD Rickelton",
              "runs": {
                "batter": 4,
                "extras": 0,
                "total": 4
              }
            }
          ]
        },
        {
          "over": 3,
          "deliveries": [
            {
              "batter": "RD Rickelton",
              "bowler": "Mukesh Kumar",
              "non_striker": "RG Sharma",
              "runs": {
                "batter": 1,
                "extras": 0,
                "total": 1
              }
            },
            {
              "batter": "RG Sharma",
              "bowler": "Mukesh Kumar",
              "non_striker": "RD Rickelton",
              "runs": {
                "batter": 0,
                "extras": 0,
                "total": 0
              }
            },
            {
              "batter": "RG Sharma",
              "bowler": "Mukesh Kumar",
              "non_striker": "RD Rickelton",
              "runs": {
                "batter": 0,
                "extras": 0,
                "total": 0
              }
            },
            {
              "batter": "RG Sharma",
              "bowler": "Mukesh Kumar",
              "non_striker": "RD Rickelton",
              "runs": {
                "batter": 1,
                "extras": 0,
                "total": 1
              }
            },
            {
              "batter": "RD Rickelton",
              "bowler": "Mukesh Kumar",
              "non_striker": "RG Sharma",
              "runs": {
                "batter": 0,
                "extras": 0,
                "total": 0
              }
            },
            {
              "batter": "RD Rickelton",
              "bowler": "Mukesh Kumar",
              "non_striker": "RG Sharma",
              "runs": {
                "batter": 4,
                "extras": 0,
                "total": 4
              }
            }
          ]
        },
        {
          "over": 4,
          "deliveries": [
            {
              "batter": "RG Sharma",
              "bowler": "V Nigam",
              "non_striker": "RD Rickelton",
              "runs": {
                "batter": 1,
                "extras": 0,
                "total": 1
              }
            },
            {
              "batter": "RD Rickelton",
              "bowler": "V Nigam",
              "non_striker": "RG Sharma",
              "runs": {
                "batter": 0,
                "extras": 0,
                "total": 0
              }
            },
            {
              "batter": "RD Rickelton",
              "bowler": "V Nigam",
              "non_striker": "RG Sharma",
              "runs": {
                "batter": 0,
                "extras": 0,
                "total": 0
              }
            },
            {
              "batter": "RD Rickelton",
              "bowler": "V Nigam",
              "non_striker": "RG Sharma",
              "runs": {
                "batter": 1,
                "extras": 0,
                "total": 1
              }
            },
            {
              "batter": "RG Sharma",
              "bowler": "V Nigam",
              "non_striker": "RD Rickelton",
              "runs": {
                "batter": 0,
                "extras": 0,
                "total": 0
              }
            },
            {
              "batter": "RG Sharma",
              "bowler": "V Nigam",
              "non_striker": "RD Rickelton",
              "review": {
                "by": "Delhi Capitals",
                "umpire": "Vinod Seshan",
                "batter": "RG Sharma",
                "decision": "upheld",
                "type": "wicket"
              },
              "runs": {
                "batter": 0,
                "extras": 0,
                "total": 0
              },
              "wickets": [
                {
                  "player_out": "RG Sharma",
                  "kind": "lbw"
                }
              ]
            }
          ]
        },
        {
          "over": 5,
          "deliveries": [
            {
              "batter": "RD Rickelton",
              "bowler": "Mukesh Kumar",
              "non_striker": "SA Yadav",
              "runs": {
                "batter": 4,
                "extras": 0,
                "total": 4
              }
            },
            {
              "batter": "RD Rickelton",
              "bowler": "Mukesh Kumar",
              "non_striker": "SA Yadav",
              "runs": {
                "batter": 0,
                "extras": 0,
                "total": 0
              }
            },
            {
              "batter": "RD Rickelton",
              "bowler": "Mukesh Kumar",
              "non_striker": "SA Yadav",
              "runs": {
                "batter": 1,
                "extras": 0,
                "total": 1
              }
            },
            {
              "batter": "SA Yadav",
              "bowler": "Mukesh Kumar",
              "non_striker": "RD Rickelton",
              "runs": {
                "batter": 6,
                "extras": 0,
                "total": 6
              }
            },
            {
              "batter": "SA Yadav",
              "bowler": "Mukesh Kumar",
              "extras": {
                "wides": 1
              },
              "non_striker": "RD Rickelton",
              "runs": {
                "batter": 0,
                "extras": 1,
                "total": 1
              }
            },
            {
              "batter": "SA Yadav",
              "bowler": "Mukesh Kumar",
              "non_striker": "RD Rickelton",
              "runs": {
                "batter": 0,
                "extras": 0,
                "total": 0
              }
            },
            {
              "batter": "SA Yadav",
              "bowler": "Mukesh Kumar",
              "non_striker": "RD Rickelton",
              "runs": {
                "batter": 0,
                "extras": 0,
                "total": 0
              }
            }
          ]
        },
        {
          "over": 6,
          "deliveries": [
            {
              "batter": "RD Rickelton",
              "bowler": "V Nigam",
              "extras": {
                "wides": 2
              },
              "non_striker": "SA Yadav",
              "runs": {
                "batter": 0,
                "extras": 2,
                "total": 2
              }
            },
            {
              "batter": "SA Yadav",
              "bowler": "V Nigam",
              "non_striker": "RD Rickelton",
              "runs": {
                "batter": 4,
                "extras": 0,
                "total": 4
              }
            },
            {
              "batter": "SA Yadav",
              "bowler": "V Nigam",
              "non_striker": "RD Rickelton",
              "runs": {
                "batter": 0,
                "extras": 0,
                "total": 0
              }
            },
            {
              "batter": "SA Yadav",
              "bowler": "V Nigam",
              "non_striker": "RD Rickelton",
              "runs": {
                "batter": 0,
                "extras": 0,
                "total": 0
              }
            },
            {
              "batter": "SA Yadav",
              "bowler": "V Nigam",
              "non_striker": "RD Rickelton",
              "runs": {
                "batter": 1,
                "extras": 0,
                "total": 1
              }
            },
            {
              "batter": "RD Rickelton",
              "bowler": "V Nigam",
              "non_striker": "SA Yadav",
              "runs": {
                "batter": 6,
                "extras": 0,
                "total": 6
              }
            },
            {
              "batter": "RD Rickelton",
              "bowler": "V Nigam",
              "non_striker": "SA Yadav",
              "runs": {
                "batter": 1,
                "extras": 0,
                "total": 1
              }
            }
          ]
        },
        {
          "over": 7,
          "deliveries": [
            {
              "batter": "RD Rickelton",
              "bowler": "Kuldeep Yadav",
              "non_striker": "SA Yadav",
              "runs": {
                "batter": 1,
                "extras": 0,
                "total": 1
              }
            },
            {
              "batter": "SA Yadav",
              "bowler": "Kuldeep Yadav",
              "non_striker": "RD Rickelton",
              "runs": {
                "batter": 0,
                "extras": 0,
                "total": 0
              }
            },
            {
              "batter": "SA Yadav",
              "bowler": "Kuldeep Yadav",
              "non_striker": "RD Rickelton",
              "runs": {
                "batter": 1,
                "extras": 0,
                "total": 1
              }
            },
            {
              "batter": "RD Rickelton",
              "bowler": "Kuldeep Yadav",
              "non_striker": "SA Yadav",
              "runs": {
                "batter": 0,
                "extras": 0,
                "total": 0
              },
              "wickets": [
                {
                  "player_out": "RD Rickelton",
                  "kind": "bowled"
                }
              ]
            },
            {
              "batter": "Tilak Varma",
              "bowler": "Kuldeep Yadav",
              "non_striker": "SA Yadav",
              "runs": {
                "batter": 4,
                "extras": 0,
                "total": 4
              }
            },
            {
              "batter": "Tilak Varma",
              "bowler": "Kuldeep Yadav",
              "non_striker": "SA Yadav",
              "runs": {
                "batter": 0,
                "extras": 0,
                "total": 0
              }
            }
          ]
        },
        {
          "over": 8,
          "deliveries": [
            {
              "batter": "SA Yadav",
              "bowler": "AR Patel",
              "non_striker": "Tilak Varma",
              "runs": {
                "batter": 1,
                "extras": 0,
                "total": 1
              }
            },
            {
              "batter": "Tilak Varma",
              "bowler": "AR Patel",
              "non_striker": "SA Yadav",
              "runs": {
                "batter": 6,
                "extras": 0,
                "total": 6
              }
            },
            {
              "batter": "Tilak Varma",
              "bowler": "AR Patel",
              "non_striker": "SA Yadav",
              "runs": {
                "batter": 1,
                "extras": 0,
                "total": 1
              }
            },
            {
              "batter": "SA Yadav",
              "bowler": "AR Patel",
              "non_striker": "Tilak Varma",
              "runs": {
                "batter": 0,
                "extras": 0,
                "total": 0
              }
            },
            {
              "batter": "SA Yadav",
              "bowler": "AR Patel",
              "non_striker": "Tilak Varma",
              "runs": {
                "batter": 1,
                "extras": 0,
                "total": 1
              }
            },
            {
              "batter": "Tilak Varma",
              "bowler": "AR Patel",
              "non_striker": "SA Yadav",
              "runs": {
                "batter": 0,
                "extras": 0,
                "total": 0
              }
            }
          ]
        },
        {
          "over": 9,
          "deliveries": [
            {
              "batter": "SA Yadav",
              "bowler": "Kuldeep Yadav",
              "non_striker": "Tilak Varma",
              "runs": {
                "batter": 4,
                "extras": 0,
                "total": 4
              }
            },
            {
              "batter": "SA Yadav",
              "bowler": "Kuldeep Yadav",
              "non_striker": "Tilak Varma",
              "runs": {
                "batter": 1,
                "extras": 0,
                "total": 1
              }
            },
            {
              "batter": "Tilak Varma",
              "bowler": "Kuldeep Yadav",
              "non_striker": "SA Yadav",
              "runs": {
                "batter": 0,
                "extras": 0,
                "total": 0
              }
            },
            {
              "batter": "Tilak Varma",
              "bowler": "Kuldeep Yadav",
              "non_striker": "SA Yadav",
              "runs": {
                "batter": 1,
                "extras": 0,
                "total": 1
              }
            },
            {
              "batter": "SA Yadav",
              "bowler": "Kuldeep Yadav",
              "non_striker": "Tilak Varma",
              "runs": {
                "batter": 0,
                "extras": 0,
                "total": 0
              }
            },
            {
              "batter": "SA Yadav",
              "bowler": "Kuldeep Yadav",
              "non_striker": "Tilak Varma",
              "runs": {
                "batter": 0,
                "extras": 0,
                "total": 0
              }
            }
          ]
        },
        {
          "over": 10,
          "deliveries": [
            {
              "batter": "Tilak Varma",
              "bowler": "AR Patel",
              "non_striker": "SA Yadav",
              "runs": {
                "batter": 1,
                "extras": 0,
                "total": 1
              }
            },
            {
              "batter": "SA Yadav",
              "bowler": "AR Patel",
              "non_striker": "Tilak Varma",
              "runs": {
                "batter": 4,
                "extras": 0,
                "total": 4
              }
            },
            {
              "batter": "SA Yadav",
              "bowler": "AR Patel",
              "non_striker": "Tilak Varma",
              "review": {
                "by": "Delhi Capitals",
                "umpire": "Vinod Seshan",
                "batter": "SA Yadav",
                "decision": "struck down",
                "type": "wicket"
              },
              "runs": {
                "batter": 0,
                "extras": 0,
                "total": 0
              }
            },
            {
              "batter": "SA Yadav",
              "bowler": "AR Patel",
              "non_striker": "Tilak Varma",
              "runs": {
                "batter": 0,
                "extras": 0,
                "total": 0
              }
            },
            {
              "batter": "SA Yadav",
              "bowler": "AR Patel",
              "non_striker": "Tilak Varma",
              "runs": {
                "batter": 1,
                "extras": 0,
                "total": 1
              }
            },
            {
              "batter": "Tilak Varma",
              "bowler": "AR Patel",
              "non_striker": "SA Yadav",
              "runs": {
                "batter": 4,
                "extras": 0,
                "total": 4
              }
            }
          ]
        },
        {
          "over": 11,
          "deliveries": [
            {
              "batter": "SA Yadav",
              "bowler": "MM Sharma",
              "non_striker": "Tilak Varma",
              "runs": {
                "batter": 0,
                "extras": 0,
                "total": 0
              }
            },
            {
              "batter": "SA Yadav",
              "bowler": "MM Sharma",
              "non_striker": "Tilak Varma",
              "runs": {
                "batter": 4,
                "extras": 0,
                "total": 4
              }
            },
            {
              "batter": "SA Yadav",
              "bowler": "MM Sharma",
              "extras": {
                "wides": 1
              },
              "non_striker": "Tilak Varma",
              "runs": {
                "batter": 0,
                "extras": 1,
                "total": 1
              }
            },
            {
              "batter": "SA Yadav",
              "bowler": "MM Sharma",
              "extras": {
                "legbyes": 1
              },
              "non_striker": "Tilak Varma",
              "runs": {
                "batter": 0,
                "extras": 1,
                "total": 1
              }
            },
            {
              "batter": "Tilak Varma",
              "bowler": "MM Sharma",
              "non_striker": "SA Yadav",
              "runs": {
                "batter": 1,
                "extras": 0,
                "total": 1
              }
            },
            {
              "batter": "SA Yadav",
              "bowler": "MM Sharma",
              "non_striker": "Tilak Varma",
              "runs": {
                "batter": 1,
                "extras": 0,
                "total": 1
              }
            },
            {
              "batter": "Tilak Varma",
              "bowler": "MM Sharma",
              "non_striker": "SA Yadav",
              "runs": {
                "batter": 6,
                "extras": 0,
                "total": 6
              }
            }
          ]
        },
        {
          "over": 12,
          "deliveries": [
            {
              "batter": "SA Yadav",
              "bowler": "V Nigam",
              "non_striker": "Tilak Varma",
              "runs": {
                "batter": 6,
                "extras": 0,
                "total": 6
              }
            },
            {
              "batter": "SA Yadav",
              "bowler": "V Nigam",
              "non_striker": "Tilak Varma",
              "runs": {
                "batter": 4,
                "extras": 0,
                "total": 4
              }
            },
            {
              "batter": "SA Yadav",
              "bowler": "V Nigam",
              "non_striker": "Tilak Varma",
              "runs": {
                "batter": 1,
                "extras": 0,
                "total": 1
              }
            },
            {
              "batter": "Tilak Varma",
              "bowler": "V Nigam",
              "non_striker": "SA Yadav",
              "runs": {
                "batter": 4,
                "extras": 0,
                "total": 4
              }
            },
            {
              "batter": "Tilak Varma",
              "bowler": "V Nigam",
              "non_striker": "SA Yadav",
              "runs": {
                "batter": 2,
                "extras": 0,
                "total": 2
              }
            },
            {
              "batter": "Tilak Varma",
              "bowler": "V Nigam",
              "non_striker": "SA Yadav",
              "runs": {
                "batter": 0,
                "extras": 0,
                "total": 0
              }
            }
          ]
        },
        {
          "over": 13,
          "deliveries": [
            {
              "batter": "SA Yadav",
              "bowler": "Kuldeep Yadav",
              "non_striker": "Tilak Varma",
              "runs": {
                "batter": 0,
                "extras": 0,
                "total": 0
              },
              "wickets": [
                {
                  "player_out": "SA Yadav",
                  "fielders": [
                    {
                      "name": "MA Starc"
                    }
                  ],
                  "kind": "caught"
                }
              ]
            },
            {
              "batter": "HH Pandya",
              "bowler": "Kuldeep Yadav",
              "non_striker": "Tilak Varma",
              "runs": {
                "batter": 0,
                "extras": 0,
                "total": 0
              }
            },
            {
              "batter": "HH Pandya",
              "bowler": "Kuldeep Yadav",
              "non_striker": "Tilak Varma",
              "runs": {
                "batter": 1,
                "extras": 0,
                "total": 1
              }
            },
            {
              "batter": "Tilak Varma",
              "bowler": "Kuldeep Yadav",
              "non_striker": "HH Pandya",
              "runs": {
                "batter": 1,
                "extras": 0,
                "total": 1
              }
            },
            {
              "batter": "HH Pandya",
              "bowler": "Kuldeep Yadav",
              "non_striker": "Tilak Varma",
              "runs": {
                "batter": 1,
                "extras": 0,
                "total": 1
              }
            },
            {
              "batter": "Tilak Varma",
              "bowler": "Kuldeep Yadav",
              "non_striker": "HH Pandya",
              "runs": {
                "batter": 0,
                "extras": 0,
                "total": 0
              }
            }
          ]
        },
        {
          "over": 14,
          "deliveries": [
            {
              "batter": "HH Pandya",
              "bowler": "V Nigam",
              "non_striker": "Tilak Varma",
              "runs": {
                "batter": 0,
                "extras": 0,
                "total": 0
              },
              "wickets": [
                {
                  "player_out": "HH Pandya",
                  "fielders": [
                    {
                      "name": "T Stubbs"
                    }
                  ],
                  "kind": "caught"
                }
              ]
            },
            {
              "batter": "Naman Dhir",
              "bowler": "V Nigam",
              "non_striker": "Tilak Varma",
              "runs": {
                "batter": 1,
                "extras": 0,
                "total": 1
              }
            },
            {
              "batter": "Tilak Varma",
              "bowler": "V Nigam",
              "non_striker": "Naman Dhir",
              "runs": {
                "batter": 6,
                "extras": 0,
                "total": 6
              }
            },
            {
              "batter": "Tilak Varma",
              "bowler": "V Nigam",
              "non_striker": "Naman Dhir",
              "runs": {
                "batter": 0,
                "extras": 0,
                "total": 0
              }
            },
            {
              "batter": "Tilak Varma",
              "bowler": "V Nigam",
              "non_striker": "Naman Dhir",
              "runs": {
                "batter": 1,
                "extras": 0,
                "total": 1
              }
            },
            {
              "batter": "Naman Dhir",
              "bowler": "V Nigam",
              "non_striker": "Tilak Varma",
              "runs": {
                "batter": 0,
                "extras": 0,
                "total": 0
              }
            }
          ]
        },
        {
          "over": 15,
          "deliveries": [
            {
              "batter": "Tilak Varma",
              "bowler": "Kuldeep Yadav",
              "non_striker": "Naman Dhir",
              "runs": {
                "batter": 4,
                "extras": 0,
                "total": 4
              }
            },
            {
              "batter": "Tilak Varma",
              "bowler": "Kuldeep Yadav",
              "non_striker": "Naman Dhir",
              "runs": {
                "batter": 1,
                "extras": 0,
                "total": 1
              }
            },
            {
              "batter": "Naman Dhir",
              "bowler": "Kuldeep Yadav",
              "non_striker": "Tilak Varma",
              "runs": {
                "batter": 1,
                "extras": 0,
                "total": 1
              }
            },
            {
              "batter": "Tilak Varma",
              "bowler": "Kuldeep Yadav",
              "non_striker": "Naman Dhir",
              "runs": {
                "batter": 0,
                "extras": 0,
                "total": 0
              }
            },
            {
              "batter": "Tilak Varma",
              "bowler": "Kuldeep Yadav",
              "non_striker": "Naman Dhir",
              "runs": {
                "batter": 0,
                "extras": 0,
                "total": 0
              }
            },
            {
              "batter": "Tilak Varma",
              "bowler": "Kuldeep Yadav",
              "non_striker": "Naman Dhir",
              "runs": {
                "batter": 2,
                "extras": 0,
                "total": 2
              }
            }
          ]
        },
        {
          "over": 16,
          "deliveries": [
            {
              "batter": "Naman Dhir",
              "bowler": "MM Sharma",
              "non_striker": "Tilak Varma",
              "runs": {
                "batter": 6,
                "extras": 0,
                "total": 6
              }
            },
            {
              "batter": "Naman Dhir",
              "bowler": "MM Sharma",
              "non_striker": "Tilak Varma",
              "runs": {
                "batter": 1,
                "extras": 0,
                "total": 1
              }
            },
            {
              "batter": "Tilak Varma",
              "bowler": "MM Sharma",
              "non_striker": "Naman Dhir",
              "runs": {
                "batter": 4,
                "extras": 0,
                "total": 4
              }
            },
            {
              "batter": "Tilak Varma",
              "bowler": "MM Sharma",
              "non_striker": "Naman Dhir",
              "runs": {
                "batter": 1,
                "extras": 0,
                "total": 1
              }
            },
            {
              "batter": "Naman Dhir",
              "bowler": "MM Sharma",
              "non_striker": "Tilak Varma",
              "runs": {
                "batter": 1,
                "extras": 0,
                "total": 1
              }
            },
            {
              "batter": "Tilak Varma",
              "bowler": "MM Sharma",
              "non_striker": "Naman Dhir",
              "review": {
                "by": "Mumbai Indians",
                "umpire": "Vinod Seshan",
                "batter": "Tilak Varma",
                "decision": "upheld",
                "type": "wicket"
              },
              "runs": {
                "batter": 0,
                "extras": 0,
                "total": 0
              }
            }
          ]
        },
        {
          "over": 17,
          "deliveries": [
            {
              "batter": "Naman Dhir",
              "bowler": "MA Starc",
              "non_striker": "Tilak Varma",
              "runs": {
                "batter": 0,
                "extras": 0,
                "total": 0
              }
            },
            {
              "batter": "Naman Dhir",
              "bowler": "MA Starc",
              "non_striker": "Tilak Varma",
              "runs": {
                "batter": 4,
                "extras": 0,
                "total": 4
              }
            },
            {
              "batter": "Naman Dhir",
              "bowler": "MA Starc",
              "non_striker": "Tilak Varma",
              "runs": {
                "batter": 4,
                "extras": 0,
                "total": 4
              }
            },
            {
              "batter": "Naman Dhir",
              "bowler": "MA Starc",
              "non_striker": "Tilak Varma",
              "runs": {
                "batter": 1,
                "extras": 0,
                "total": 1
              }
            },
            {
              "batter": "Tilak Varma",
              "bowler": "MA Starc",
              "non_striker": "Naman Dhir",
              "runs": {
                "batter": 0,
                "extras": 0,
                "total": 0
              }
            },
            {
              "batter": "Tilak Varma",
              "bowler": "MA Starc",
              "non_striker": "Naman Dhir",
              "runs": {
                "batter": 4,
                "extras": 0,
                "total": 4
              }
            }
          ]
        },
        {
          "over": 18,
          "deliveries": [
            {
              "batter": "Naman Dhir",
              "bowler": "MM Sharma",
              "non_striker": "Tilak Varma",
              "runs": {
                "batter": 1,
                "extras": 0,
                "total": 1
              }
            },
            {
              "batter": "Tilak Varma",
              "bowler": "MM Sharma",
              "non_striker": "Naman Dhir",
              "runs": {
                "batter": 3,
                "extras": 0,
                "total": 3
              }
            },
            {
              "batter": "Naman Dhir",
              "bowler": "MM Sharma",
              "non_striker": "Tilak Varma",
              "runs": {
                "batter": 1,
                "extras": 0,
                "total": 1
              }
            },
            {
              "batter": "Tilak Varma",
              "bowler": "MM Sharma",
              "non_striker": "Naman Dhir",
              "runs": {
                "batter": 1,
                "extras": 0,
                "total": 1
              }
            },
            {
              "batter": "Naman Dhir",
              "bowler": "MM Sharma",
              "non_striker": "Tilak Varma",
              "runs": {
                "batter": 2,
                "extras": 0,
                "total": 2
              }
            },
            {
              "batter": "Naman Dhir",
              "bowler": "MM Sharma",
              "non_striker": "Tilak Varma",
              "runs": {
                "batter": 6,
                "extras": 0,
                "total": 6
              }
            }
          ]
        },
        {
          "over": 19,
          "deliveries": [
            {
              "batter": "Tilak Varma",
              "bowler": "Mukesh Kumar",
              "non_striker": "Naman Dhir",
              "runs": {
                "batter": 1,
                "extras": 0,
                "total": 1
              }
            },
            {
              "batter": "Naman Dhir",
              "bowler": "Mukesh Kumar",
              "non_striker": "Tilak Varma",
              "runs": {
                "batter": 4,
                "extras": 0,
                "total": 4
              }
            },
            {
              "batter": "Naman Dhir",
              "bowler": "Mukesh Kumar",
              "non_striker": "Tilak Varma",
              "runs": {
                "batter": 1,
                "extras": 0,
                "total": 1
              }
            },
            {
              "batter": "Tilak Varma",
              "bowler": "Mukesh Kumar",
              "non_striker": "Naman Dhir",
              "runs": {
                "batter": 0,
                "extras": 0,
                "total": 0
              },
              "wickets": [
                {
                  "player_out": "Tilak Varma",
                  "fielders": [
                    {
                      "name": "Abishek Porel"
                    }
                  ],
                  "kind": "caught"
                }
              ]
            },
            {
              "batter": "WG Jacks",
              "bowler": "Mukesh Kumar",
              "non_striker": "Naman Dhir",
              "runs": {
                "batter": 1,
                "extras": 0,
                "total": 1
              }
            },
            {
              "batter": "Naman Dhir",
              "bowler": "Mukesh Kumar",
              "non_striker": "WG Jacks",
              "runs": {
                "batter": 4,
                "extras": 0,
                "non_boundary": true,
                "total": 4
              }
            }
          ]
        }
      ],
      "powerplays": [
        {
          "from": 0.1,
          "to": 5.7,
          "type": "mandatory"
        }
      ]
    },
    {
      "team": "Delhi Capitals",
      "overs": [
        {
          "over": 0,
          "deliveries": [
            {
              "batter": "J Fraser-McGurk",
              "bowler": "DL Chahar",
              "non_striker": "Abishek Porel",
              "replacements": {
                "match": [
                  {
                    "in": "KK Nair",
                    "out": "Mukesh Kumar",
                    "team": "Delhi Capitals",
                    "reason": "impact_player"
                  }
                ]
              },
              "runs": {
                "batter": 0,
                "extras": 0,
                "total": 0
              },
              "wickets": [
                {
                  "player_out": "J Fraser-McGurk",
                  "fielders": [
                    {
                      "name": "WG Jacks"
                    }
                  ],
                  "kind": "caught"
                }
              ]
            },
            {
              "batter": "KK Nair",
              "bowler": "DL Chahar",
              "non_striker": "Abishek Porel",
              "runs": {
                "batter": 1,
                "extras": 0,
                "total": 1
              }
            },
            {
              "batter": "Abishek Porel",
              "bowler": "DL Chahar",
              "non_striker": "KK Nair",
              "runs": {
                "batter": 4,
                "extras": 0,
                "total": 4
              }
            },
            {
              "batter": "Abishek Porel",
              "bowler": "DL Chahar",
              "non_striker": "KK Nair",
              "runs": {
                "batter": 1,
                "extras": 0,
                "total": 1
              }
            },
            {
              "batter": "KK Nair",
              "bowler": "DL Chahar",
              "non_striker": "Abishek Porel",
              "runs": {
                "batter": 0,
                "extras": 0,
                "total": 0
              }
            },
            {
              "batter": "KK Nair",
              "bowler": "DL Chahar",
              "non_striker": "Abishek Porel",
              "runs": {
                "batter": 0,
                "extras": 0,
                "total": 0
              }
            }
          ]
        },
        {
          "over": 1,
          "deliveries": [
            {
              "batter": "Abishek Porel",
              "bowler": "TA Boult",
              "non_striker": "KK Nair",
              "runs": {
                "batter": 1,
                "extras": 0,
                "total": 1
              }
            },
            {
              "batter": "KK Nair",
              "bowler": "TA Boult",
              "non_striker": "Abishek Porel",
              "runs": {
                "batter": 4,
                "extras": 0,
                "total": 4
              }
            },
            {
              "batter": "KK Nair",
              "bowler": "TA Boult",
              "non_striker": "Abishek Porel",
              "runs": {
                "batter": 4,
                "extras": 0,
                "total": 4
              }
            },
            {
              "batter": "KK Nair",
              "bowler": "TA Boult",
              "non_striker": "Abishek Porel",
              "runs": {
                "batter": 0,
                "extras": 0,
                "total": 0
              }
            },
            {
              "batter": "KK Nair",
              "bowler": "TA Boult",
              "extras": {
                "wides": 5
              },
              "non_striker": "Abishek Porel",
              "runs": {
                "batter": 0,
                "extras": 5,
                "total": 5
              }
            },
            {
              "batter": "KK Nair",
              "bowler": "TA Boult",
              "non_striker": "Abishek Porel",
              "runs": {
                "batter": 4,
                "extras": 0,
                "total": 4
              }
            },
            {
              "batter": "KK Nair",
              "bowler": "TA Boult",
              "non_striker": "Abishek Porel",
              "runs": {
                "batter": 0,
                "extras": 0,
                "total": 0
              }
            }
          ]
        },
        {
          "over": 2,
          "deliveries": [
            {
              "batter": "Abishek Porel",
              "bowler": "DL Chahar",
              "non_striker": "KK Nair",
              "runs": {
                "batter": 1,
                "extras": 0,
                "total": 1
              }
            },
            {
              "batter": "KK Nair",
              "bowler": "DL Chahar",
              "non_striker": "Abishek Porel",
              "runs": {
                "batter": 1,
                "extras": 0,
                "total": 1
              }
            },
            {
              "batter": "Abishek Porel",
              "bowler": "DL Chahar",
              "non_striker": "KK Nair",
              "runs": {
                "batter": 1,
                "extras": 0,
                "total": 1
              }
            },
            {
              "batter": "KK Nair",
              "bowler": "DL Chahar",
              "non_striker": "Abishek Porel",
              "runs": {
                "batter": 4,
                "extras": 0,
                "total": 4
              }
            },
            {
              "batter": "KK Nair",
              "bowler": "DL Chahar",
              "non_striker": "Abishek Porel",
              "runs": {
                "batter": 1,
                "extras": 0,
                "total": 1
              }
            },
            {
              "batter": "Abishek Porel",
              "bowler": "DL Chahar",
              "extras": {
                "legbyes": 1
              },
              "non_striker": "KK Nair",
              "runs": {
                "batter": 0,
                "extras": 1,
                "total": 1
              }
            }
          ]
        },
        {
          "over": 3,
          "deliveries": [
            {
              "batter": "Abishek Porel",
              "bowler": "JJ Bumrah",
              "non_striker": "KK Nair",
              "runs": {
                "batter": 0,
                "extras": 0,
                "total": 0
              }
            },
            {
              "batter": "Abishek Porel",
              "bowler": "JJ Bumrah",
              "non_striker": "KK Nair",
              "runs": {
                "batter": 2,
                "extras": 0,
                "total": 2
              }
            },
            {
              "batter": "Abishek Porel",
              "bowler": "JJ Bumrah",
              "non_striker": "KK Nair",
              "runs": {
                "batter": 1,
                "extras": 0,
                "total": 1
              }
            },
            {
              "batter": "KK Nair",
              "bowler": "JJ Bumrah",
              "non_striker": "Abishek Porel",
              "runs": {
                "batter": 4,
                "extras": 0,
                "total": 4
              }
            },
            {
              "batter": "KK Nair",
              "bowler": "JJ Bumrah",
              "non_striker": "Abishek Porel",
              "runs": {
                "batter": 0,
                "extras": 0,
                "total": 0
              }
            },
            {
              "batter": "KK Nair",
              "bowler": "JJ Bumrah",
              "non_striker": "Abishek Porel",
              "runs": {
                "batter": 4,
                "extras": 0,
                "total": 4
              }
            }
          ]
        },
        {
          "over": 4,
          "deliveries": [
            {
              "batter": "Abishek Porel",
              "bowler": "DL Chahar",
              "non_striker": "KK Nair",
              "runs": {
                "batter": 4,
                "extras": 0,
                "total": 4
              }
            },
            {
              "batter": "Abishek Porel",
              "bowler": "DL Chahar",
              "non_striker": "KK Nair",
              "runs": {
                "batter": 0,
                "extras": 0,
                "total": 0
              }
            },
            {
              "batter": "Abishek Porel",
              "bowler": "DL Chahar",
              "non_striker": "KK Nair",
              "runs": {
                "batter": 1,
                "extras": 0,
                "total": 1
              }
            },
            {
              "batter": "KK Nair",
              "bowler": "DL Chahar",
              "non_striker": "Abishek Porel",
              "runs": {
                "batter": 4,
                "extras": 0,
                "total": 4
              }
            },
            {
              "batter": "KK Nair",
              "bowler": "DL Chahar",
              "non_striker": "Abishek Porel",
              "runs": {
                "batter": 1,
                "extras": 0,
                "total": 1
              }
            },
            {
              "batter": "Abishek Porel",
              "bowler": "DL Chahar",
              "non_striker": "KK Nair",
              "runs": {
                "batter": 0,
                "extras": 0,
                "total": 0
              }
            }
          ]
        },
        {
          "over": 5,
          "deliveries": [
            {
              "batter": "KK Nair",
              "bowler": "JJ Bumrah",
              "non_striker": "Abishek Porel",
              "runs": {
                "batter": 6,
                "extras": 0,
                "total": 6
              }
            },
            {
              "batter": "KK Nair",
              "bowler": "JJ Bumrah",
              "non_striker": "Abishek Porel",
              "runs": {
                "batter": 0,
                "extras": 0,
                "total": 0
              }
            },
            {
              "batter": "KK Nair",
              "bowler": "JJ Bumrah",
              "non_striker": "Abishek Porel",
              "runs": {
                "batter": 4,
                "extras": 0,
                "total": 4
              }
            },
            {
              "batter": "KK Nair",
              "bowler": "JJ Bumrah",
              "non_striker": "Abishek Porel",
              "runs": {
                "batter": 0,
                "extras": 0,
                "total": 0
              }
            },
            {
              "batter": "KK Nair",
              "bowler": "JJ Bumrah",
              "non_striker": "Abishek Porel",
              "runs": {
                "batter": 6,
                "extras": 0,
                "total": 6
              }
            },
            {
              "batter": "KK Nair",
              "bowler": "JJ Bumrah",
              "non_striker": "Abishek Porel",
              "runs": {
                "batter": 2,
                "extras": 0,
                "total": 2
              }
            }
          ]
        },
        {
          "over": 6,
          "deliveries": [
            {
              "batter": "Abishek Porel",
              "bowler": "MJ Santner",
              "non_striker": "KK Nair",
              "replacements": {
                "match": [
                  {
                    "in": "KV Sharma",
                    "out": "RG Sharma",
                    "team": "Mumbai Indians",
                    "reason": "impact_player"
                  }
                ]
              },
              "runs": {
                "batter": 1,
                "extras": 0,
                "total": 1
              }
            },
            {
              "batter": "KK Nair",
              "bowler": "MJ Santner",
              "non_striker": "Abishek Porel",
              "runs": {
                "batter": 1,
                "extras": 0,
                "total": 1
              }
            },
            {
              "batter": "Abishek Porel",
              "bowler": "MJ Santner",
              "non_striker": "KK Nair",
              "runs": {
                "batter": 4,
                "extras": 0,
                "total": 4
              }
            },
            {
              "batter": "Abishek Porel",
              "bowler": "MJ Santner",
              "extras": {
                "wides": 1
              },
              "non_striker": "KK Nair",
              "runs": {
                "batter": 0,
                "extras": 1,
                "total": 1
              }
            },
            {
              "batter": "Abishek Porel",
              "bowler": "MJ Santner",
              "non_striker": "KK Nair",
              "runs": {
                "batter": 1,
                "extras": 0,
                "total": 1
              }
            },
            {
              "batter": "KK Nair",
              "bowler": "MJ Santner",
              "non_striker": "Abishek Porel",
              "runs": {
                "batter": 1,
                "extras": 0,
                "total": 1
              }
            },
            {
              "batter": "Abishek Porel",
              "bowler": "MJ Santner",
              "non_striker": "KK Nair",
              "runs": {
                "batter": 0,
                "extras": 0,
                "total": 0
              }
            }
          ]
        },
        {
          "over": 7,
          "deliveries": [
            {
              "batter": "KK Nair",
              "bowler": "HH Pandya",
              "non_striker": "Abishek Porel",
              "runs": {
                "batter": 1,
                "extras": 0,
                "total": 1
              }
            },
            {
              "batter": "Abishek Porel",
              "bowler": "HH Pandya",
              "non_striker": "KK Nair",
              "runs": {
                "batter": 1,
                "extras": 0,
                "total": 1
              }
            },
            {
              "batter": "KK Nair",
              "bowler": "HH Pandya",
              "non_striker": "Abishek Porel",
              "runs": {
                "batter": 0,
                "extras": 0,
                "total": 0
              }
            },
            {
              "batter": "KK Nair",
              "bowler": "HH Pandya",
              "non_striker": "Abishek Porel",
              "runs": {
                "batter": 6,
                "extras": 0,
                "total": 6
              }
            },
            {
              "batter": "KK Nair",
              "bowler": "HH Pandya",
              "non_striker": "Abishek Porel",
              "runs": {
                "batter": 0,
                "extras": 0,
                "total": 0
              }
            },
            {
              "batter": "KK Nair",
              "bowler": "HH Pandya",
              "non_striker": "Abishek Porel",
              "runs": {
                "batter": 0,
                "extras": 0,
                "total": 0
              }
            }
          ]
        },
        {
          "over": 8,
          "deliveries": [
            {
              "batter": "Abishek Porel",
              "bowler": "KV Sharma",
              "non_striker": "KK Nair",
              "runs": {
                "batter": 1,
                "extras": 0,
                "total": 1
              }
            },
            {
              "batter": "KK Nair",
              "bowler": "KV Sharma",
              "non_striker": "Abishek Porel",
              "runs": {
                "batter": 6,
                "extras": 0,
                "total": 6
              }
            },
            {
              "batter": "KK Nair",
              "bowler": "KV Sharma",
              "non_striker": "Abishek Porel",
              "review": {
                "by": "Mumbai Indians",
                "umpire": "Vinod Seshan",
                "batter": "KK Nair",
                "decision": "struck down",
                "type": "wicket"
              },
              "runs": {
                "batter": 0,
                "extras": 0,
                "total": 0
              }
            },
            {
              "batter": "KK Nair",
              "bowler": "KV Sharma",
              "extras": {
                "legbyes": 2
              },
              "non_striker": "Abishek Porel",
              "runs": {
                "batter": 0,
                "extras": 2,
                "total": 2
              }
            },
            {
              "batter": "KK Nair",
              "bowler": "KV Sharma",
              "non_striker": "Abishek Porel",
              "runs": {
                "batter": 1,
                "extras": 0,
                "total": 1
              }
            },
            {
              "batter": "Abishek Porel",
              "bowler": "KV Sharma",
              "non_striker": "KK Nair",
              "runs": {
                "batter": 1,
                "extras": 0,
                "total": 1
              }
            }
          ]
        },
        {
          "over": 9,
          "deliveries": [
            {
              "batter": "Abishek Porel",
              "bowler": "HH Pandya",
              "non_striker": "KK Nair",
              "runs": {
                "batter": 0,
                "extras": 0,
                "total": 0
              }
            },
            {
              "batter": "Abishek Porel",
              "bowler": "HH Pandya",
              "non_striker": "KK Nair",
              "runs": {
                "batter": 1,
                "extras": 0,
                "total": 1
              }
            },
            {
              "batter": "KK Nair",
              "bowler": "HH Pandya",
              "non_striker": "Abishek Porel",
              "runs": {
                "batter": 1,
                "extras": 0,
                "total": 1
              }
            },
            {
              "batter": "Abishek Porel",
              "bowler": "HH Pandya",
              "non_striker": "KK Nair",
              "runs": {
                "batter": 1,
                "extras": 0,
                "total": 1
              }
            },
            {
              "batter": "KK Nair",
              "bowler": "HH Pandya",
              "non_striker": "Abishek Porel",
              "runs": {
                "batter": 6,
                "extras": 0,
                "total": 6
              }
            },
            {
              "batter": "KK Nair",
              "bowler": "HH Pandya",
              "non_striker": "Abishek Porel",
              "runs": {
                "batter": 4,
                "extras": 0,
                "total": 4
              }
            }
          ]
        },
        {
          "over": 10,
          "deliveries": [
            {
              "batter": "Abishek Porel",
              "bowler": "KV Sharma",
              "non_striker": "KK Nair",
              "runs": {
                "batter": 6,
                "extras": 0,
                "total": 6
              }
            },
            {
              "batter": "Abishek Porel",
              "bowler": "KV Sharma",
              "non_striker": "KK Nair",
              "runs": {
                "batter": 0,
                "extras": 0,
                "total": 0
              },
              "wickets": [
                {
                  "player_out": "Abishek Porel",
                  "fielders": [
                    {
                      "name": "Naman Dhir"
                    }
                  ],
                  "kind": "caught"
                }
              ]
            },
            {
              "batter": "KL Rahul",
              "bowler": "KV Sharma",
              "non_striker": "KK Nair",
              "runs": {
                "batter": 0,
                "extras": 0,
                "total": 0
              }
            },
            {
              "batter": "KL Rahul",
              "bowler": "KV Sharma",
              "non_striker": "KK Nair",
              "runs": {
                "batter": 1,
                "extras": 0,
                "total": 1
              }
            },
            {
              "batter": "KK Nair",
              "bowler": "KV Sharma",
              "non_striker": "KL Rahul",
              "runs": {
                "batter": 4,
                "extras": 0,
                "total": 4
              }
            },
            {
              "batter": "KK Nair",
              "bowler": "KV Sharma",
              "non_striker": "KL Rahul",
              "runs": {
                "batter": 4,
                "extras": 0,
                "total": 4
              }
            }
          ]
        },
        {
          "over": 11,
          "deliveries": [
            {
              "batter": "KL Rahul",
              "bowler": "MJ Santner",
              "non_striker": "KK Nair",
              "runs": {
                "batter": 2,
                "extras": 0,
                "total": 2
              }
            },
            {
              "batter": "KL Rahul",
              "bowler": "MJ Santner",
              "non_striker": "KK Nair",
              "runs": {
                "batter": 1,
                "extras": 0,
                "total": 1
              }
            },
            {
              "batter": "KK Nair",
              "bowler": "MJ Santner",
              "non_striker": "KL Rahul",
              "runs": {
                "batter": 4,
                "extras": 0,
                "total": 4
              }
            },
            {
              "batter": "KK Nair",
              "bowler": "MJ Santner",
              "non_striker": "KL Rahul",
              "runs": {
                "batter": 0,
                "extras": 0,
                "total": 0
              },
              "wickets": [
                {
                  "player_out": "KK Nair",
                  "kind": "bowled"
                }
              ]
            },
            {
              "batter": "AR Patel",
              "bowler": "MJ Santner",
              "non_striker": "KL Rahul",
              "runs": {
                "batter": 4,
                "extras": 0,
                "total": 4
              }
            },
            {
              "batter": "AR Patel",
              "bowler": "MJ Santner",
              "non_striker": "KL Rahul",
              "runs": {
                "batter": 1,
                "extras": 0,
                "total": 1
              }
            }
          ]
        },
        {
          "over": 12,
          "deliveries": [
            {
              "batter": "AR Patel",
              "bowler": "JJ Bumrah",
              "non_striker": "KL Rahul",
              "runs": {
                "batter": 0,
                "extras": 0,
                "total": 0
              }
            },
            {
              "batter": "AR Patel",
              "bowler": "JJ Bumrah",
              "non_striker": "KL Rahul",
              "runs": {
                "batter": 4,
                "extras": 0,
                "total": 4
              }
            },
            {
              "batter": "AR Patel",
              "bowler": "JJ Bumrah",
              "non_striker": "KL Rahul",
              "runs": {
                "batter": 0,
                "extras": 0,
                "total": 0
              }
            },
            {
              "batter": "AR Patel",
              "bowler": "JJ Bumrah",
              "non_striker": "KL Rahul",
              "runs": {
                "batter": 0,
                "extras": 0,
                "total": 0
              },
              "wickets": [
                {
                  "player_out": "AR Patel",
                  "fielders": [
                    {
                      "name": "SA Yadav"
                    }
                  ],
                  "kind": "caught"
                }
              ]
            },
            {
              "batter": "T Stubbs",
              "bowler": "JJ Bumrah",
              "non_striker": "KL Rahul",
              "runs": {
                "batter": 1,
                "extras": 0,
                "total": 1
              }
            },
            {
              "batter": "KL Rahul",
              "bowler": "JJ Bumrah",
              "non_striker": "T Stubbs",
              "runs": {
                "batter": 0,
                "extras": 0,
                "total": 0
              }
            }
          ]
        },
        {
          "over": 13,
          "deliveries": [
            {
              "batter": "T Stubbs",
              "bowler": "KV Sharma",
              "non_striker": "KL Rahul",
              "runs": {
                "batter": 0,
                "extras": 0,
                "total": 0
              }
            },
            {
              "batter": "T Stubbs",
              "bowler": "KV Sharma",
              "non_striker": "KL Rahul",
              "runs": {
                "batter": 0,
                "extras": 0,
                "total": 0
              }
            },
            {
              "batter": "T Stubbs",
              "bowler": "KV Sharma",
              "non_striker": "KL Rahul",
              "runs": {
                "batter": 0,
                "extras": 0,
                "total": 0
              },
              "wickets": [
                {
                  "player_out": "T Stubbs",
                  "fielders": [
                    {
                      "name": "Naman Dhir"
                    }
                  ],
                  "kind": "caught"
                }
              ]
            },
            {
              "batter": "Ashutosh Sharma",
              "bowler": "KV Sharma",
              "non_striker": "KL Rahul",
              "runs": {
                "batter": 1,
                "extras": 0,
                "total": 1
              }
            },
            {
              "batter": "KL Rahul",
              "bowler": "KV Sharma",
              "non_striker": "Ashutosh Sharma",
              "runs": {
                "batter": 4,
                "extras": 0,
                "total": 4
              }
            },
            {
              "batter": "KL Rahul",
              "bowler": "KV Sharma",
              "non_striker": "Ashutosh Sharma",
              "runs": {
                "batter": 1,
                "extras": 0,
                "total": 1
              }
            }
          ]
        },
        {
          "over": 14,
          "deliveries": [
            {
              "batter": "KL Rahul",
              "bowler": "MJ Santner",
              "non_striker": "Ashutosh Sharma",
              "runs": {
                "batter": 1,
                "extras": 0,
                "total": 1
              }
            },
            {
              "batter": "Ashutosh Sharma",
              "bowler": "MJ Santner",
              "non_striker": "KL Rahul",
              "runs": {
                "batter": 1,
                "extras": 0,
                "total": 1
              }
            },
            {
              "batter": "KL Rahul",
              "bowler": "MJ Santner",
              "non_striker": "Ashutosh Sharma",
              "runs": {
                "batter": 2,
                "extras": 0,
                "total": 2
              }
            },
            {
              "batter": "KL Rahul",
              "bowler": "MJ Santner",
              "non_striker": "Ashutosh Sharma",
              "runs": {
                "batter": 1,
                "extras": 0,
                "total": 1
              }
            },
            {
              "batter": "Ashutosh Sharma",
              "bowler": "MJ Santner",
              "non_striker": "KL Rahul",
              "runs": {
                "batter": 1,
                "extras": 0,
                "total": 1
              }
            },
            {
              "batter": "KL Rahul",
              "bowler": "MJ Santner",
              "non_striker": "Ashutosh Sharma",
              "runs": {
                "batter": 1,
                "extras": 0,
                "total": 1
              }
            }
          ]
        },
        {
          "over": 15,
          "deliveries": [
            {
              "batter": "KL Rahul",
              "bowler": "KV Sharma",
              "non_striker": "Ashutosh Sharma",
              "runs": {
                "batter": 1,
                "extras": 0,
                "total": 1
              }
            },
            {
              "batter": "Ashutosh Sharma",
              "bowler": "KV Sharma",
              "non_striker": "KL Rahul",
              "runs": {
                "batter": 1,
                "extras": 0,
                "total": 1
              }
            },
            {
              "batter": "KL Rahul",
              "bowler": "KV Sharma",
              "non_striker": "Ashutosh Sharma",
              "runs": {
                "batter": 0,
                "extras": 0,
                "total": 0
              },
              "wickets": [
                {
                  "player_out": "KL Rahul",
                  "kind": "caught and bowled"
                }
              ]
            },
            {
              "batter": "V Nigam",
              "bowler": "KV Sharma",
              "non_striker": "Ashutosh Sharma",
              "runs": {
                "batter": 1,
                "extras": 0,
                "total": 1
              }
            },
            {
              "batter": "Ashutosh Sharma",
              "bowler": "KV Sharma",
              "non_striker": "V Nigam",
              "runs": {
                "batter": 1,
                "extras": 0,
                "total": 1
              }
            },
            {
              "batter": "V Nigam",
              "bowler": "KV Sharma",
              "extras": {
                "wides": 1
              },
              "non_striker": "Ashutosh Sharma",
              "runs": {
                "batter": 0,
                "extras": 1,
                "total": 1
              }
            },
            {
              "batter": "V Nigam",
              "bowler": "KV Sharma",
              "non_striker": "Ashutosh Sharma",
              "runs": {
                "batter": 1,
                "extras": 0,
                "total": 1
              }
            }
          ]
        },
        {
          "over": 16,
          "deliveries": [
            {
              "batter": "V Nigam",
              "bowler": "TA Boult",
              "non_striker": "Ashutosh Sharma",
              "runs": {
                "batter": 1,
                "extras": 0,
                "total": 1
              }
            },
            {
              "batter": "Ashutosh Sharma",
              "bowler": "TA Boult",
              "non_striker": "V Nigam",
              "runs": {
                "batter": 0,
                "extras": 0,
                "total": 0
              }
            },
            {
              "batter": "Ashutosh Sharma",
              "bowler": "TA Boult",
              "non_striker": "V Nigam",
              "runs": {
                "batter": 0,
                "extras": 0,
                "total": 0
              }
            },
            {
              "batter": "Ashutosh Sharma",
              "bowler": "TA Boult",
              "non_striker": "V Nigam",
              "runs": {
                "batter": 1,
                "extras": 0,
                "total": 1
              }
            },
            {
              "batter": "V Nigam",
              "bowler": "TA Boult",
              "non_striker": "Ashutosh Sharma",
              "runs": {
                "batter": 0,
                "extras": 0,
                "total": 0
              }
            },
            {
              "batter": "V Nigam",
              "bowler": "TA Boult",
              "non_striker": "Ashutosh Sharma",
              "runs": {
                "batter": 1,
                "extras": 0,
                "total": 1
              }
            }
          ]
        },
        {
          "over": 17,
          "deliveries": [
            {
              "batter": "V Nigam",
              "bowler": "MJ Santner",
              "non_striker": "Ashutosh Sharma",
              "runs": {
                "batter": 6,
                "extras": 0,
                "total": 6
              }
            },
            {
              "batter": "V Nigam",
              "bowler": "MJ Santner",
              "non_striker": "Ashutosh Sharma",
              "runs": {
                "batter": 4,
                "extras": 0,
                "total": 4
              }
            },
            {
              "batter": "V Nigam",
              "bowler": "MJ Santner",
              "extras": {
                "legbyes": 1
              },
              "non_striker": "Ashutosh Sharma",
              "runs": {
                "batter": 0,
                "extras": 1,
                "total": 1
              }
            },
            {
              "batter": "Ashutosh Sharma",
              "bowler": "MJ Santner",
              "non_striker": "V Nigam",
              "runs": {
                "batter": 1,
                "extras": 0,
                "total": 1
              }
            },
            {
              "batter": "V Nigam",
              "bowler": "MJ Santner",
              "extras": {
                "wides": 1
              },
              "non_striker": "Ashutosh Sharma",
              "runs": {
                "batter": 0,
                "extras": 1,
                "total": 1
              },
              "wickets": [
                {
                  "player_out": "V Nigam",
                  "fielders": [
                    {
                      "name": "RD Rickelton"
                    }
                  ],
                  "kind": "stumped"
                }
              ]
            },
            {
              "batter": "MA Starc",
              "bowler": "MJ Santner",
              "extras": {
                "wides": 1
              },
              "non_striker": "Ashutosh Sharma",
              "runs": {
                "batter": 0,
                "extras": 1,
                "total": 1
              }
            },
            {
              "batter": "MA Starc",
              "bowler": "MJ Santner",
              "non_striker": "Ashutosh Sharma",
              "runs": {
                "batter": 1,
                "extras": 0,
                "total": 1
              }
            },
            {
              "batter": "Ashutosh Sharma",
              "bowler": "MJ Santner",
              "non_striker": "MA Starc",
              "runs": {
                "batter": 1,
                "extras": 0,
                "total": 1
              }
            }
          ]
        },
        {
          "over": 18,
          "deliveries": [
            {
              "batter": "Ashutosh Sharma",
              "bowler": "JJ Bumrah",
              "non_striker": "MA Starc",
              "runs": {
                "batter": 0,
                "extras": 0,
                "total": 0
              }
            },
            {
              "batter": "Ashutosh Sharma",
              "bowler": "JJ Bumrah",
              "non_striker": "MA Starc",
              "runs": {
                "batter": 4,
                "extras": 0,
                "total": 4
              }
            },
            {
              "batter": "Ashutosh Sharma",
              "bowler": "JJ Bumrah",
              "non_striker": "MA Starc",
              "runs": {
                "batter": 4,
                "extras": 0,
                "total": 4
              }
            },
            {
              "batter": "Ashutosh Sharma",
              "bowler": "JJ Bumrah",
              "non_striker": "MA Starc",
              "runs": {
                "batter": 1,
                "extras": 0,
                "total": 1
              },
              "wickets": [
                {
                  "player_out": "Ashutosh Sharma",
                  "fielders": [
                    {
                      "name": "RD Rickelton"
                    },
                    {
                      "name": "WG Jacks"
                    }
                  ],
                  "kind": "run out"
                }
              ]
            },
            {
              "batter": "Kuldeep Yadav",
              "bowler": "JJ Bumrah",
              "non_striker": "MA Starc",
              "runs": {
                "batter": 1,
                "extras": 0,
                "total": 1
              },
              "wickets": [
                {
                  "player_out": "Kuldeep Yadav",
                  "fielders": [
                    {
                      "name": "RA Bawa",
                      "substitute": true
                    },
                    {
                      "name": "RD Rickelton"
                    }
                  ],
                  "kind": "run out"
                }
              ]
            },
            {
              "batter": "MM Sharma",
              "bowler": "JJ Bumrah",
              "non_striker": "MA Starc",
              "runs": {
                "batter": 0,
                "extras": 0,
                "total": 0
              },
              "wickets": [
                {
                  "player_out": "MM Sharma",
                  "fielders": [
                    {
                      "name": "MJ Santner"
                    }
                  ],
                  "kind": "run out"
                }
              ]
            }
          ]
        }
      ],
      "powerplays": [
        {
          "from": 0.1,
          "to": 5.6,
          "type": "mandatory"
        }
      ],
      "target": {
        "overs": 20,
        "runs": 206
      }
    }
  ]
}