{
  "meta": {
    "data_version": "1.1.0",
    "created": "2025-04-14",
    "revision": 1
  },
  "info": {
    "balls_per_over": 6,
    "city": "Jaipur",
    "dates": [
      "2025-04-13"
    ],
    "event": {
      "name": "Indian Premier League",
      "match_number": 28
    },
    "gender": "male",
    "match_type": "T20",
    "officials": {
      "match_referees": [
        "J Srinath"
      ],
      "reserve_umpires": [
        "HAS Khalid"
      ],
      "tv_umpires": [
        "KN Ananthapadmanabhan"
      ],
      "umpires": [
        "Nitin Menon",
        "MV Saidharshan Kumar"
      ]
    },
    "outcome": {
      "winner": "Royal Challengers Bengaluru",
      "by": {
        "wickets": 9
      }
    },
    "overs": 20,
    "player_of_match": [
      "PD Salt"
    ],
    "players": {
      "Rajasthan Royals": [
        "K Kartikeya",
        "YBK Jaiswal",
        "SV Samson",
        "R Parag",
        "Dhruv Jurel",
        "SO Hetmyer",
        "N Rana",
        "PWH de Silva",
        "JC Archer",
        "M Theekshana",
        "Sandeep Sharma",
        "TU Deshpande"
      ],
      "Royal Challengers Bengaluru": [
        "Suyash Sharma",
        "PD Salt",
        "V Kohli",
        "D Padikkal",
        "RM Patidar",
        "LS Livingstone",
        "JM Sharma",
        "TH David",
        "KH Pandya",
        "B Kumar",
        "JR Hazlewood",
        "Yash Dayal"
      ]
    },
    "registry": {
      "people": {
        "B Kumar": "2e81a32d",
        "D Padikkal": "2c25d4f5",
        "Dhruv Jurel": "bcf325d2",
        "HAS Khalid": "291ded7c",
        "J Srinath": "bad31fac",
        "JC Archer": "5574750c",
        "JM Sharma": "800d2d97",
        "JR Hazlewood": "03806cf8",
        "K Kartikeya": "f6d8a7ab",
        "KH Pandya": "5b8c830e",
        "KN Ananthapadmanabhan": "3144063a",
        "LS Livingstone": "50c6bc2b",
        "M Theekshana": "f24c6701",
        "MV Saidharshan Kumar": "54b6007b",
        "N Rana": "fb2d1dda",
        "Nitin Menon": "e1d41d9e",
        "PD Salt": "3d284ca3",
        "PWH de Silva": "a97c8ec2",
        "R Parag": "04a418e8",
        "RM Patidar": "c740ea83",
        "SO Hetmyer": "48a1d7b7",
        "SV Samson": "a4cc73aa",
        "Sandeep Sharma": "ce820073",
        "Suyash Sharma": "9440ef41",
        "TH David": "f1f99156",
        "TU Deshpande": "46a9bea1",
        "V Kohli": "ba607b88",
        "YBK Jaiswal": "6c19c6e5",
        "Yash Dayal": "7210d461"
      }
    },
    "season": "2025",
    "team_type": "club",
    "teams": [
      "Rajasthan Royals",
      "Royal Challengers Bengaluru"
    ],
    "toss": {
      "decision": "field",
      "winner": "Royal Challengers Bengaluru"
    },
    "venue": "Sawai Mansingh Stadium, Jaipur"
  },
  "innings": [
    {
      "team": "Rajasthan Royals",
      "overs": [
        {
          "over": 0,
          "deliveries": [
            {
              "batter": "YBK Jaiswal",
              "bowler": "B Kumar",
              "extras": {
                "legbyes": 1
              },
              "non_striker": "SV Samson",
              "runs": {
                "batter": 0,
                "extras": 1,
                "total": 1
              }
            },
            {
              "batter": "SV Samson",
              "bowler": "B Kumar",
              "non_striker": "YBK Jaiswal",
              "runs": {
                "batter": 1,
                "extras": 0,
                "total": 1
              }
            },
            {
              "batter": "YBK Jaiswal",
              "bowler": "B Kumar",
              "non_striker": "SV Samson",
              "runs": {
                "batter": 0,
                "extras": 0,
                "total": 0
              }
            },
            {
              "batter": "YBK Jaiswal",
              "bowler": "B Kumar",
              "non_striker": "SV Samson",
              "runs": {
                "batter": 0,
                "extras": 0,
                "total": 0
              }
            },
            {
              "batter": "YBK Jaiswal",
              "bowler": "B Kumar",
              "non_striker": "SV Samson",
              "runs": {
                "batter": 0,
                "extras": 0,
                "total": 0
              }
            },
            {
              "batter": "YBK Jaiswal",
              "bowler": "B Kumar",
              "non_striker": "SV Samson",
              "runs": {
                "batter": 4,
                "extras": 0,
                "total": 4
              }
            }
          ]
        },
        {
          "over": 1,
          "deliveries": [
            {
              "batter": "SV Samson",
              "bowler": "Yash Dayal",
              "non_striker": "YBK Jaiswal",
              "runs": {
                "batter": 0,
                "extras": 0,
                "total": 0
              }
            },
            {
              "batter": "SV Samson",
              "bowler": "Yash Dayal",
              "non_striker": "YBK Jaiswal",
              "runs": {
                "batter": 0,
                "extras": 0,
                "total": 0
              }
            },
            {
              "batter": "SV Samson",
              "bowler": "Yash Dayal",
              "non_striker": "YBK Jaiswal",
              "runs": {
                "batter": 2,
                "extras": 0,
                "total": 2
              }
            },
            {
              "batter": "SV Samson",
              "bowler": "Yash Dayal",
              "non_striker": "YBK Jaiswal",
              "runs": {
                "batter": 1,
                "extras": 0,
                "total": 1
              }
            },
            {
              "batter": "YBK Jaiswal",
              "bowler": "Yash Dayal",
              "non_striker": "SV Samson",
              "runs": {
                "batter": 0,
                "extras": 0,
                "total": 0
              }
            },
            {
              "batter": "YBK Jaiswal",
              "bowler": "Yash Dayal",
              "non_striker": "SV Samson",
              "runs": {
                "batter": 4,
                "extras": 0,
                "total": 4
              }
            }
          ]
        },
        {
          "over": 2,
          "deliveries": [
            {
              "batter": "SV Samson",
              "bowler": "B Kumar",
              "non_striker": "YBK Jaiswal",
              "runs": {
                "batter": 1,
                "extras": 0,
                "total": 1
              }
            },
            {
              "batter": "YBK Jaiswal",
              "bowler": "B Kumar",
              "non_striker": "SV Samson",
              "runs": {
                "batter": 0,
                "extras": 0,
                "total": 0
              }
            },
            {
              "batter": "YBK Jaiswal",
              "bowler": "B Kumar",
              "non_striker": "SV Samson",
              "runs": {
                "batter": 4,
                "extras": 0,
                "total": 4
              }
            },
            {
              "batter": "YBK Jaiswal",
              "bowler": "B Kumar",
              "non_striker": "SV Samson",
              "runs": {
                "batter": 0,
                "extras": 0,
                "total": 0
              }
            },
            {
              "batter": "YBK Jaiswal",
              "bowler": "B Kumar",
              "non_striker": "SV Samson",
              "runs": {
                "batter": 1,
                "extras": 0,
                "total": 1
              }
            },
            {
              "batter": "SV Samson",
              "bowler": "B Kumar",
              "non_striker": "YBK Jaiswal",
              "runs": {
                "batter": 0,
                "extras": 0,
                "total": 0
              }
            }
          ]
        },
        {
          "over": 3,
          "deliveries": [
            {
              "batter": "YBK Jaiswal",
              "bowler": "JR Hazlewood",
              "non_striker": "SV Samson",
              "runs": {
                "batter": 4,
                "extras": 0,
                "total": 4
              }
            },
            {
              "batter": "YBK Jaiswal",
              "bowler": "JR Hazlewood",
              "non_striker": "SV Samson",
              "runs": {
                "batter": 0,
                "extras": 0,
                "total": 0
              }
            },
            {
              "batter": "YBK Jaiswal",
              "bowler": "JR Hazlewood",
              "non_striker": "SV Samson",
              "runs": {
                "batter": 1,
                "extras": 0,
                "total": 1
              }
            },
            {
              "batter": "SV Samson",
              "bowler": "JR Hazlewood",
              "non_striker": "YBK Jaiswal",
              "runs": {
                "batter": 0,
                "extras": 0,
                "total": 0
              }
            },
            {
              "batter": "SV Samson",
              "bowler": "JR Hazlewood",
              "non_striker": "YBK Jaiswal",
              "runs": {
                "batter": 0,
                "extras": 0,
                "total": 0
              }
            },
            {
              "batter": "SV Samson",
              "bowler": "JR Hazlewood",
              "non_striker": "YBK Jaiswal",
              "runs": {
                "batter": 0,
                "extras": 0,
                "total": 0
              }
            }
          ]
        },
        {
          "over": 4,
          "deliveries": [
            {
              "batter": "YBK Jaiswal",
              "bowler": "Yash Dayal",
              "non_striker": "SV Samson",
              "runs": {
                "batter": 0,
                "extras": 0,
                "total": 0
              }
            },
            {
              "batter": "YBK Jaiswal",
              "bowler": "Yash Dayal",
              "non_striker": "SV Samson",
              "runs": {
                "batter": 6,
                "extras": 0,
                "total": 6
              }
            },
            {
              "batter": "YBK Jaiswal",
              "bowler": "Yash Dayal",
              "non_striker": "SV Samson",
              "runs": {
                "batter": 4,
                "extras": 0,
                "total": 4
              }
            },
            {
              "batter": "YBK Jaiswal",
              "bowler": "Yash Dayal",
              "non_striker": "SV Samson",
              "runs": {
                "batter": 0,
                "extras": 0,
                "total": 0
              }
            },
            {
              "batter": "YBK Jaiswal",
              "bowler": "Yash Dayal",
              "non_striker": "SV Samson",
              "runs": {
                "batter": 1,
                "extras": 0,
                "total": 1
              }
            },
            {
              "batter": "SV Samson",
              "bowler": "Yash Dayal",
              "extras": {
                "legbyes": 1
              },
              "non_striker": "YBK Jaiswal",
              "runs": {
                "batter": 0,
                "extras": 1,
                "total": 1
              }
            }
          ]
        },
        {
          "over": 5,
          "deliveries": [
            {
              "batter": "SV Samson",
              "bowler": "JR Hazlewood",
              "non_striker": "YBK Jaiswal",
              "runs": {
                "batter": 2,
                "extras": 0,
                "total": 2
              }
            },
            {
              "batter": "SV Samson",
              "bowler": "JR Hazlewood",
              "non_striker": "YBK Jaiswal",
              "runs": {
                "batter": 1,
                "extras": 0,
                "total": 1
              }
            },
            {
              "batter": "YBK Jaiswal",
              "bowler": "JR Hazlewood",
              "non_striker": "SV Samson",
              "runs": {
                "batter": 1,
                "extras": 0,
                "total": 1
              }
            },
            {
              "batter": "SV Samson",
              "bowler": "JR Hazlewood",
              "non_striker": "YBK Jaiswal",
              "runs": {
                "batter": 0,
                "extras": 0,
                "total": 0
              }
            },
            {
              "batter": "SV Samson",
              "bowler": "JR Hazlewood",
              "non_striker": "YBK Jaiswal",
              "runs": {
                "batter": 4,
                "extras": 0,
                "total": 4
              }
            },
            {
              "batter": "SV Samson",
              "bowler": "JR Hazlewood",
              "non_striker": "YBK Jaiswal",
              "runs": {
                "batter": 1,
                "extras": 0,
                "total": 1
              }
            }
          ]
        },
        {
          "over": 6,
          "deliveries": [
            {
              "batter": "SV Samson",
              "bowler": "KH Pandya",
              "non_striker": "YBK Jaiswal",
              "runs": {
                "batter": 1,
                "extras": 0,
                "total": 1
              }
            },
            {
              "batter": "YBK Jaiswal",
              "bowler": "KH Pandya",
              "non_striker": "SV Samson",
              "runs": {
                "batter": 1,
                "extras": 0,
                "total": 1
              }
            },
            {
              "batter": "SV Samson",
              "bowler": "KH Pandya",
              "non_striker": "YBK Jaiswal",
              "runs": {
                "batter": 1,
                "extras": 0,
                "total": 1
              }
            },
            {
              "batter": "YBK Jaiswal",
              "bowler": "KH Pandya",
              "non_striker": "SV Samson",
              "runs": {
                "batter": 1,
                "extras": 0,
                "total": 1
              }
            },
            {
              "batter": "SV Samson",
              "bowler": "KH Pandya",
              "non_striker": "YBK Jaiswal",
              "runs": {
                "batter": 0,
                "extras": 0,
                "total": 0
              },
              "wickets": [
                {
                  "player_out": "SV Samson",
                  "fielders": [
                    {
                      "name": "JM Sharma"
                    }
                  ],
                  "kind": "stumped"
                }
              ]
            },
            {
              "batter": "R Parag",
              "bowler": "KH Pandya",
              "non_striker": "YBK Jaiswal",
              "runs": {
                "batter": 1,
                "extras": 0,
                "total": 1
              }
            }
          ]
        },
        {
          "over": 7,
          "deliveries": [
            {
              "batter": "R Parag",
              "bowler": "LS Livingstone",
              "non_striker": "YBK Jaiswal",
              "runs": {
                "batter": 1,
                "extras": 0,
                "total": 1
              }
            },
            {
              "batter": "YBK Jaiswal",
              "bowler": "LS Livingstone",
              "non_striker": "R Parag",
              "runs": {
                "batter": 1,
                "extras": 0,
                "total": 1
              }
            },
            {
              "batter": "R Parag",
              "bowler": "LS Livingstone",
              "non_striker": "YBK Jaiswal",
              "runs": {
                "batter": 1,
                "extras": 0,
                "total": 1
              }
            },
            {
              "batter": "YBK Jaiswal",
              "bowler": "LS Livingstone",
              "non_striker": "R Parag",
              "runs": {
                "batter": 4,
                "extras": 0,
                "total": 4
              }
            },
            {
              "batter": "YBK Jaiswal",
              "bowler": "LS Livingstone",
              "non_striker": "R Parag",
              "runs": {
                "batter": 1,
                "extras": 0,
                "total": 1
              }
            },
            {
              "batter": "R Parag",
              "bowler": "LS Livingstone",
              "non_striker": "YBK Jaiswal",
              "runs": {
                "batter": 0,
                "extras": 0,
                "total": 0
              }
            }
          ]
        },
        {
          "over": 8,
          "deliveries": [
            {
              "batter": "YBK Jaiswal",
              "bowler": "KH Pandya",
              "non_striker": "R Parag",
              "runs": {
                "batter": 1,
                "extras": 0,
                "total": 1
              }
            },
            {
              "batter": "R Parag",
              "bowler": "KH Pandya",
              "non_striker": "YBK Jaiswal",
              "runs": {
                "batter": 1,
                "extras": 0,
                "total": 1
              }
            },
            {
              "batter": "YBK Jaiswal",
              "bowler": "KH Pandya",
              "non_striker": "R Parag",
              "runs": {
                "batter": 0,
                "extras": 0,
                "total": 0
              }
            },
            {
              "batter": "YBK Jaiswal",
              "bowler": "KH Pandya",
              "non_striker": "R Parag",
              "runs": {
                "batter": 1,
                "extras": 0,
                "total": 1
              }
            },
            {
              "batter": "R Parag",
              "bowler": "KH Pandya",
              "non_striker": "YBK Jaiswal",
              "runs": {
                "batter": 0,
                "extras": 0,
                "total": 0
              }
            },
            {
              "batter": "R Parag",
              "bowler": "KH Pandya",
              "non_striker": "YBK Jaiswal",
              "runs": {
                "batter": 4,
                "extras": 0,
                "total": 4
              }
            }
          ]
        },
        {
          "over": 9,
          "deliveries": [
            {
              "batter": "YBK Jaiswal",
              "bowler": "Suyash Sharma",
              "non_striker": "R Parag",
              "runs": {
                "batter": 1,
                "extras": 0,
                "total": 1
              }
            },
            {
              "batter": "R Parag",
              "bowler": "Suyash Sharma",
              "non_striker": "YBK Jaiswal",
              "runs": {
                "batter": 4,
                "extras": 0,
                "total": 4
              }
            },
            {
              "batter": "R Parag",
              "bowler": "Suyash Sharma",
              "non_striker": "YBK Jaiswal",
              "runs": {
                "batter": 1,
                "extras": 0,
                "total": 1
              }
            },
            {
              "batter": "YBK Jaiswal",
              "bowler": "Suyash Sharma",
              "non_striker": "R Parag",
              "runs": {
                "batter": 1,
                "extras": 0,
                "total": 1
              }
            },
            {
              "batter": "R Parag",
              "bowler": "Suyash Sharma",
              "non_striker": "YBK Jaiswal",
              "runs": {
                "batter": 4,
                "extras": 0,
                "total": 4
              }
            },
            {
              "batter": "R Parag",
              "bowler": "Suyash Sharma",
              "non_striker": "YBK Jaiswal",
              "runs": {
                "batter": 1,
                "extras": 0,
                "total": 1
              }
            }
          ]
        },
        {
          "over": 10,
          "deliveries": [
            {
              "batter": "R Parag",
              "bowler": "KH Pandya",
              "non_striker": "YBK Jaiswal",
              "runs": {
                "batter": 0,
                "extras": 0,
                "total": 0
              }
            },
            {
              "batter": "R Parag",
              "bowler": "KH Pandya",
              "non_striker": "YBK Jaiswal",
              "runs": {
                "batter": 0,
                "extras": 0,
                "total": 0
              }
            },
            {
              "batter": "R Parag",
              "bowler": "KH Pandya",
              "non_striker": "YBK Jaiswal",
              "runs": {
                "batter": 6,
                "extras": 0,
                "total": 6
              }
            },
            {
              "batter": "R Parag",
              "bowler": "KH Pandya",
              "non_striker": "YBK Jaiswal",
              "runs": {
                "batter": 0,
                "extras": 0,
                "total": 0
              }
            },
            {
              "batter": "R Parag",
              "bowler": "KH Pandya",
              "non_striker": "YBK Jaiswal",
              "runs": {
                "batter": 1,
                "extras": 0,
                "total": 1
              }
            },
            {
              "batter": "YBK Jaiswal",
              "bowler": "KH Pandya",
              "non_striker": "R Parag",
              "runs": {
                "batter": 1,
                "extras": 0,
                "total": 1
              }
            }
          ]
        },
        {
          "over": 11,
          "deliveries": [
            {
              "batter": "YBK Jaiswal",
              "bowler": "Suyash Sharma",
              "non_striker": "R Parag",
              "runs": {
                "batter": 4,
                "extras": 0,
                "total": 4
              }
            },
            {
              "batter": "YBK Jaiswal",
              "bowler": "Suyash Sharma",
              "extras": {
                "wides": 1
              },
              "non_striker": "R Parag",
              "runs": {
                "batter": 0,
                "extras": 1,
                "total": 1
              }
            },
            {
              "batter": "YBK Jaiswal",
              "bowler": "Suyash Sharma",
              "non_striker": "R Parag",
              "runs": {
                "batter": 1,
                "extras": 0,
                "total": 1
              }
            },
            {
              "batter": "R Parag",
              "bowler": "Suyash Sharma",
              "non_striker": "YBK Jaiswal",
              "runs": {
                "batter": 2,
                "extras": 0,
                "total": 2
              }
            },
            {
              "batter": "R Parag",
              "bowler": "Suyash Sharma",
              "non_striker": "YBK Jaiswal",
              "runs": {
                "batter": 1,
                "extras": 0,
                "total": 1
              }
            },
            {
              "batter": "YBK Jaiswal",
              "bowler": "Suyash Sharma",
              "non_striker": "R Parag",
              "runs": {
                "batter": 1,
                "extras": 0,
                "total": 1
              }
            },
            {
              "batter": "R Parag",
              "bowler": "Suyash Sharma",
              "non_striker": "YBK Jaiswal",
              "runs": {
                "batter": 0,
                "extras": 0,
                "total": 0
              }
            }
          ]
        },
        {
          "over": 12,
          "deliveries": [
            {
              "batter": "YBK Jaiswal",
              "bowler": "KH Pandya",
              "non_striker": "R Parag",
              "runs": {
                "batter": 1,
                "extras": 0,
                "total": 1
              }
            },
            {
              "batter": "R Parag",
              "bowler": "KH Pandya",
              "non_striker": "YBK Jaiswal",
              "runs": {
                "batter": 1,
                "extras": 0,
                "total": 1
              }
            },
            {
              "batter": "YBK Jaiswal",
              "bowler": "KH Pandya",
              "non_striker": "R Parag",
              "runs": {
                "batter": 1,
                "extras": 0,
                "total": 1
              }
            },
            {
              "batter": "R Parag",
              "bowler": "KH Pandya",
              "non_striker": "YBK Jaiswal",
              "runs": {
                "batter": 1,
                "extras": 0,
                "total": 1
              }
            },
            {
              "batter": "YBK Jaiswal",
              "bowler": "KH Pandya",
              "non_striker": "R Parag",
              "runs": {
                "batter": 4,
                "extras": 0,
                "total": 4
              }
            },
            {
              "batter": "YBK Jaiswal",
              "bowler": "KH Pandya",
              "non_striker": "R Parag",
              "runs": {
                "batter": 1,
                "extras": 0,
                "total": 1
              }
            }
          ]
        },
        {
          "over": 13,
          "deliveries": [
            {
              "batter": "YBK Jaiswal",
              "bowler": "Yash Dayal",
              "non_striker": "R Parag",
              "runs": {
                "batter": 1,
                "extras": 0,
                "total": 1
              }
            },
            {
              "batter": "R Parag",
              "bowler": "Yash Dayal",
              "non_striker": "YBK Jaiswal",
              "runs": {
                "batter": 0,
                "extras": 0,
                "total": 0
              },
              "wickets": [
                {
                  "player_out": "R Parag",
                  "fielders": [
                    {
                      "name": "V Kohli"
                    }
                  ],
                  "kind": "caught"
                }
              ]
            },
            {
              "batter": "Dhruv Jurel",
              "bowler": "Yash Dayal",
              "non_striker": "YBK Jaiswal",
              "runs": {
                "batter": 0,
                "extras": 0,
                "total": 0
              }
            },
            {
              "batter": "Dhruv Jurel",
              "bowler": "Yash Dayal",
              "non_striker": "YBK Jaiswal",
              "runs": {
                "batter": 0,
                "extras": 0,
                "total": 0
              }
            },
            {
              "batter": "Dhruv Jurel",
              "bowler": "Yash Dayal",
              "non_striker": "YBK Jaiswal",
              "runs": {
                "batter": 1,
                "extras": 0,
                "total": 1
              }
            },
            {
              "batter": "YBK Jaiswal",
              "bowler": "Yash Dayal",
              "non_striker": "Dhruv Jurel",
              "runs": {
                "batter": 1,
                "extras": 0,
                "total": 1
              }
            }
          ]
        },
        {
          "over": 14,
          "deliveries": [
            {
              "batter": "YBK Jaiswal",
              "bowler": "Suyash Sharma",
              "non_striker": "Dhruv Jurel",
              "runs": {
                "batter": 4,
                "extras": 0,
                "total": 4
              }
            },
            {
              "batter": "YBK Jaiswal",
              "bowler": "Suyash Sharma",
              "non_striker": "Dhruv Jurel",
              "runs": {
                "batter": 1,
                "extras": 0,
                "total": 1
              }
            },
            {
              "batter": "Dhruv Jurel",
              "bowler": "Suyash Sharma",
              "non_striker": "YBK Jaiswal",
              "runs": {
                "batter": 0,
                "extras": 0,
                "total": 0
              }
            },
            {
              "batter": "Dhruv Jurel",
              "bowler": "Suyash Sharma",
              "extras": {
                "legbyes": 1
              },
              "non_striker": "YBK Jaiswal",
              "runs": {
                "batter": 0,
                "extras": 1,
                "total": 1
              }
            },
            {
              "batter": "YBK Jaiswal",
              "bowler": "Suyash Sharma",
              "non_striker": "Dhruv Jurel",
              "runs": {
                "batter": 1,
                "extras": 0,
                "total": 1
              }
            },
            {
              "batter": "Dhruv Jurel",
              "bowler": "Suyash Sharma",
              "non_striker": "YBK Jaiswal",
              "runs": {
                "batter": 0,
                "extras": 0,
                "total": 0
              }
            }
          ]
        },
        {
          "over": 15,
          "deliveries": [
            {
              "batter": "YBK Jaiswal",
              "bowler": "JR Hazlewood",
              "non_striker": "Dhruv Jurel",
              "runs": {
                "batter": 6,
                "extras": 0,
                "total": 6
              }
            },
            {
              "batter": "YBK Jaiswal",
              "bowler": "JR Hazlewood",
              "non_striker": "Dhruv Jurel",
              "runs": {
                "batter": 4,
                "extras": 0,
                "total": 4
              }
            },
            {
              "batter": "YBK Jaiswal",
              "bowler": "JR Hazlewood",
              "non_striker": "Dhruv Jurel",
              "runs": {
                "batter": 1,
                "extras": 0,
                "total": 1
              }
            },
            {
              "batter": "Dhruv Jurel",
              "bowler": "JR Hazlewood",
              "non_striker": "YBK Jaiswal",
              "runs": {
                "batter": 0,
                "extras": 0,
                "total": 0
              }
            },
            {
              "batter": "Dhruv Jurel",
              "bowler": "JR Hazlewood",
              "non_striker": "YBK Jaiswal",
              "runs": {
                "batter": 1,
                "extras": 0,
                "total": 1
              }
            },
            {
              "batter": "YBK Jaiswal",
              "bowler": "JR Hazlewood",
              "non_striker": "Dhruv Jurel",
              "review": {
                "by": "Rajasthan Royals",
                "umpire": "MV Saidharshan Kumar",
                "batter": "YBK Jaiswal",
                "decision": "struck down",
                "type": "wicket"
              },
              "runs": {
                "batter": 0,
                "extras": 0,
                "total": 0
              },
              "wickets": [
                {
                  "player_out": "YBK Jaiswal",
                  "kind": "lbw"
                }
              ]
            }
          ]
        },
        {
          "over": 16,
          "deliveries": [
            {
              "batter": "Dhruv Jurel",
              "bowler": "Suyash Sharma",
              "non_striker": "SO Hetmyer",
              "runs": {
                "batter": 1,
                "extras": 0,
                "total": 1
              }
            },
            {
              "batter": "SO Hetmyer",
              "bowler": "Suyash Sharma",
              "non_striker": "Dhruv Jurel",
              "runs": {
                "batter": 0,
                "extras": 0,
                "total": 0
              }
            },
            {
              "batter": "SO Hetmyer",
              "bowler": "Suyash Sharma",
              "non_striker": "Dhruv Jurel",
              "runs": {
                "batter": 1,
                "extras": 0,
                "total": 1
              }
            },
            {
              "batter": "Dhruv Jurel",
              "bowler": "Suyash Sharma",
              "non_striker": "SO Hetmyer",
              "runs": {
                "batter": 2,
                "extras": 0,
                "total": 2
              }
            },
            {
              "batter": "Dhruv Jurel",
              "bowler": "Suyash Sharma",
              "non_striker": "SO Hetmyer",
              "runs": {
                "batter": 6,
                "extras": 0,
                "total": 6
              }
            },
            {
              "batter": "Dhruv Jurel",
              "bowler": "Suyash Sharma",
              "non_striker": "SO Hetmyer",
              "runs": {
                "batter": 1,
                "extras": 0,
                "total": 1
              }
            }
          ]
        },
        {
          "over": 17,
          "deliveries": [
            {
              "batter": "Dhruv Jurel",
              "bowler": "B Kumar",
              "non_striker": "SO Hetmyer",
              "replacements": {
                "match": [
                  {
                    "in": "D Padikkal",
                    "out": "Suyash Sharma",
                    "team": "Royal Challengers Bengaluru",
                    "reason": "impact_player"
                  }
                ]
              },
              "runs": {
                "batter": 1,
                "extras": 0,
                "total": 1
              }
            },
            {
              "batter": "SO Hetmyer",
              "bowler": "B Kumar",
              "extras": {
                "wides": 1
              },
              "non_striker": "Dhruv Jurel",
              "runs": {
                "batter": 0,
                "extras": 1,
                "total": 1
              }
            },
            {
              "batter": "SO Hetmyer",
              "bowler": "B Kumar",
              "non_striker": "Dhruv Jurel",
              "runs": {
                "batter": 1,
                "extras": 0,
                "total": 1
              }
            },
            {
              "batter": "Dhruv Jurel",
              "bowler": "B Kumar",
              "non_striker": "SO Hetmyer",
              "runs": {
                "batter": 1,
                "extras": 0,
                "total": 1
              }
            },
            {
              "batter": "SO Hetmyer",
              "bowler": "B Kumar",
              "non_striker": "Dhruv Jurel",
              "runs": {
                "batter": 4,
                "extras": 0,
                "total": 4
              }
            },
            {
              "batter": "SO Hetmyer",
              "bowler": "B Kumar",
              "non_striker": "Dhruv Jurel",
              "runs": {
                "batter": 1,
                "extras": 0,
                "total": 1
              }
            },
            {
              "batter": "Dhruv Jurel",
              "bowler": "B Kumar",
              "non_striker": "SO Hetmyer",
              "runs": {
                "batter": 1,
                "extras": 0,
                "total": 1
              }
            }
          ]
        },
        {
          "over": 18,
          "deliveries": [
            {
              "batter": "Dhruv Jurel",
              "bowler": "Yash Dayal",
              "non_striker": "SO Hetmyer",
              "runs": {
                "batter": 6,
                "extras": 0,
                "total": 6
              }
            },
            {
              "batter": "Dhruv Jurel",
              "bowler": "Yash Dayal",
              "non_striker": "SO Hetmyer",
              "runs": {
                "batter": 4,
                "extras": 0,
                "total": 4
              }
            },
            {
              "batter": "Dhruv Jurel",
              "bowler": "Yash Dayal",
              "non_striker": "SO Hetmyer",
              "runs": {
                "batter": 1,
                "extras": 0,
                "total": 1
              }
            },
            {
              "batter": "SO Hetmyer",
              "bowler": "Yash Dayal",
              "non_striker": "Dhruv Jurel",
              "runs": {
                "batter": 1,
                "extras": 0,
                "total": 1
              }
            },
            {
              "batter": "Dhruv Jurel",
              "bowler": "Yash Dayal",
              "non_striker": "SO Hetmyer",
              "runs": {
                "batter": 2,
                "extras": 0,
                "total": 2
              }
            },
            {
              "batter": "Dhruv Jurel",
              "bowler": "Yash Dayal",
              "non_striker": "SO Hetmyer",
              "runs": {
                "batter": 1,
                "extras": 0,
                "total": 1
              }
            }
          ]
        },
        {
          "over": 19,
          "deliveries": [
            {
              "batter": "Dhruv Jurel",
              "bowler": "B Kumar",
              "non_striker": "SO Hetmyer",
              "runs": {
                "batter": 1,
                "extras": 0,
                "total": 1
              }
            },
            {
              "batter": "SO Hetmyer",
              "bowler": "B Kumar",
              "non_striker": "Dhruv Jurel",
              "runs": {
                "batter": 1,
                "extras": 0,
                "total": 1
              }
            },
            {
              "batter": "Dhruv Jurel",
              "bowler": "B Kumar",
              "non_striker": "SO Hetmyer",
              "runs": {
                "batter": 4,
                "extras": 0,
                "total": 4
              }
            },
            {
              "batter": "Dhruv Jurel",
              "bowler": "B Kumar",
              "non_striker": "SO Hetmyer",
              "runs": {
                "batter": 1,
                "extras": 0,
                "total": 1
              }
            },
            {
              "batter": "SO Hetmyer",
              "bowler": "B Kumar",
              "non_striker": "Dhruv Jurel",
              "runs": {
                "batter": 0,
                "extras": 0,
                "total": 0
              },
              "wickets": [
                {
                  "player_out": "SO Hetmyer",
                  "fielders": [
                    {
                      "name": "D Padikkal"
                    }
                  ],
                  "kind": "caught"
                }
              ]
            },
            {
              "batter": "N Rana",
              "bowler": "B Kumar",
              "non_striker": "Dhruv Jurel",
              "runs": {
                "batter": 4,
                "extras": 0,
                "total": 4
              }
            }
          ]
        }
      ],
      "powerplays": [
        {
          "from": 0.1,
          "to": 5.6,
          "type": "mandatory"
        }
      ]
    },
    {
      "team": "Royal Challengers Bengaluru",
      "overs": [
        {
          "over": 0,
          "deliveries": [
            {
              "batter": "PD Salt",
              "bowler": "JC Archer",
              "non_striker": "V Kohli",
              "runs": {
                "batter": 4,
                "extras": 0,
                "total": 4
              }
            },
            {
              "batter": "PD Salt",
              "bowler": "JC Archer",
              "non_striker": "V Kohli",
              "runs": {
                "batter": 0,
                "extras": 0,
                "total": 0
              }
            },
            {
              "batter": "PD Salt",
              "bowler": "JC Archer",
              "non_striker": "V Kohli",
              "runs": {
                "batter": 0,
                "extras": 0,
                "total": 0
              }
            },
            {
              "batter": "PD Salt",
              "bowler": "JC Archer",
              "non_striker": "V Kohli",
              "runs": {
                "batter": 6,
                "extras": 0,
                "total": 6
              }
            },
            {
              "batter": "PD Salt",
              "bowler": "JC Archer",
              "non_striker": "V Kohli",
              "runs": {
                "batter": 0,
                "extras": 0,
                "total": 0
              }
            },
            {
              "batter": "PD Salt",
              "bowler": "JC Archer",
              "non_striker": "V Kohli",
              "runs": {
                "batter": 0,
                "extras": 0,
                "total": 0
              }
            }
          ]
        },
        {
          "over": 1,
          "deliveries": [
            {
              "batter": "V Kohli",
              "bowler": "TU Deshpande",
              "non_striker": "PD Salt",
              "runs": {
                "batter": 1,
                "extras": 0,
                "total": 1
              }
            },
            {
              "batter": "PD Salt",
              "bowler": "TU Deshpande",
              "non_striker": "V Kohli",
              "runs": {
                "batter": 1,
                "extras": 0,
                "total": 1
              }
            },
            {
              "batter": "V Kohli",
              "bowler": "TU Deshpande",
              "non_striker": "PD Salt",
              "runs": {
                "batter": 0,
                "extras": 0,
                "total": 0
              }
            },
            {
              "batter": "V Kohli",
              "bowler": "TU Deshpande",
              "non_striker": "PD Salt",
              "runs": {
                "batter": 1,
                "extras": 0,
                "total": 1
              }
            },
            {
              "batter": "PD Salt",
              "bowler": "TU Deshpande",
              "non_striker": "V Kohli",
              "runs": {
                "batter": 1,
                "extras": 0,
                "total": 1
              }
            },
            {
              "batter": "V Kohli",
              "bowler": "TU Deshpande",
              "non_striker": "PD Salt",
              "runs": {
                "batter": 4,
                "extras": 0,
                "total": 4
              }
            }
          ]
        },
        {
          "over": 2,
          "deliveries": [
            {
              "batter": "PD Salt",
              "bowler": "JC Archer",
              "non_striker": "V Kohli",
              "runs": {
                "batter": 0,
                "extras": 0,
                "total": 0
              }
            },
            {
              "batter": "PD Salt",
              "bowler": "JC Archer",
              "non_striker": "V Kohli",
              "runs": {
                "batter": 4,
                "extras": 0,
                "total": 4
              }
            },
            {
              "batter": "PD Salt",
              "bowler": "JC Archer",
              "non_striker": "V Kohli",
              "runs": {
                "batter": 6,
                "extras": 0,
                "total": 6
              }
            },
            {
              "batter": "PD Salt",
              "bowler": "JC Archer",
              "non_striker": "V Kohli",
              "runs": {
                "batter": 1,
                "extras": 0,
                "total": 1
              }
            },
            {
              "batter": "V Kohli",
              "bowler": "JC Archer",
              "non_striker": "PD Salt",
              "runs": {
                "batter": 0,
                "extras": 0,
                "total": 0
              }
            },
            {
              "batter": "V Kohli",
              "bowler": "JC Archer",
              "non_striker": "PD Salt",
              "runs": {
                "batter": 1,
                "extras": 0,
                "total": 1
              }
            }
          ]
        },
        {
          "over": 3,
          "deliveries": [
            {
              "batter": "V Kohli",
              "bowler": "Sandeep Sharma",
              "non_striker": "PD Salt",
              "runs": {
                "batter": 2,
                "extras": 0,
                "total": 2
              }
            },
            {
              "batter": "V Kohli",
              "bowler": "Sandeep Sharma",
              "non_striker": "PD Salt",
              "runs": {
                "batter": 4,
                "extras": 0,
                "total": 4
              }
            },
            {
              "batter": "V Kohli",
              "bowler": "Sandeep Sharma",
              "non_striker": "PD Salt",
              "runs": {
                "batter": 1,
                "extras": 0,
                "total": 1
              }
            },
            {
              "batter": "PD Salt",
              "bowler": "Sandeep Sharma",
              "non_striker": "V Kohli",
              "runs": {
                "batter": 0,
                "extras": 0,
                "total": 0
              }
            },
            {
              "batter": "PD Salt",
              "bowler": "Sandeep Sharma",
              "non_striker": "V Kohli",
              "runs": {
                "batter": 0,
                "extras": 0,
                "total": 0
              }
            },
            {
              "batter": "PD Salt",
              "bowler": "Sandeep Sharma",
              "non_striker": "V Kohli",
              "runs": {
                "batter": 0,
                "extras": 0,
                "total": 0
              }
            }
          ]
        },
        {
          "over": 4,
          "deliveries": [
            {
              "batter": "V Kohli",
              "bowler": "M Theekshana",
              "non_striker": "PD Salt",
              "runs": {
                "batter": 1,
                "extras": 0,
                "total": 1
              }
            },
            {
              "batter": "PD Salt",
              "bowler": "M Theekshana",
              "non_striker": "V Kohli",
              "runs": {
                "batter": 4,
                "extras": 0,
                "total": 4
              }
            },
            {
              "batter": "PD Salt",
              "bowler": "M Theekshana",
              "non_striker": "V Kohli",
              "runs": {
                "batter": 6,
                "extras": 0,
                "total": 6
              }
            },
            {
              "batter": "PD Salt",
              "bowler": "M Theekshana",
              "non_striker": "V Kohli",
              "runs": {
                "batter": 0,
                "extras": 0,
                "total": 0
              }
            },
            {
              "batter": "PD Salt",
              "bowler": "M Theekshana",
              "non_striker": "V Kohli",
              "runs": {
                "batter": 1,
                "extras": 0,
                "total": 1
              }
            },
            {
              "batter": "V Kohli",
              "bowler": "M Theekshana",
              "non_striker": "PD Salt",
              "runs": {
                "batter": 1,
                "extras": 0,
                "total": 1
              }
            }
          ]
        },
        {
          "over": 5,
          "deliveries": [
            {
              "batter": "V Kohli",
              "bowler": "Sandeep Sharma",
              "extras": {
                "wides": 1
              },
              "non_striker": "PD Salt",
              "replacements": {
                "match": [
                  {
                    "in": "K Kartikeya",
                    "out": "N Rana",
                    "team": "Rajasthan Royals",
                    "reason": "impact_player"
                  }
                ]
              },
              "runs": {
                "batter": 0,
                "extras": 1,
                "total": 1
              }
            },
            {
              "batter": "V Kohli",
              "bowler": "Sandeep Sharma",
              "non_striker": "PD Salt",
              "runs": {
                "batter": 1,
                "extras": 0,
                "total": 1
              }
            },
            {
              "batter": "PD Salt",
              "bowler": "Sandeep Sharma",
              "non_striker": "V Kohli",
              "runs": {
                "batter": 6,
                "extras": 0,
                "total": 6
              }
            },
            {
              "batter": "PD Salt",
              "bowler": "Sandeep Sharma",
              "non_striker": "V Kohli",
              "runs": {
                "batter": 1,
                "extras": 0,
                "total": 1
              }
            },
            {
              "batter": "V Kohli",
              "bowler": "Sandeep Sharma",
              "non_striker": "PD Salt",
              "runs": {
                "batter": 1,
                "extras": 0,
                "total": 1
              }
            },
            {
              "batter": "PD Salt",
              "bowler": "Sandeep Sharma",
              "non_striker": "V Kohli",
              "runs": {
                "batter": 4,
                "extras": 0,
                "total": 4
              }
            },
            {
              "batter": "PD Salt",
              "bowler": "Sandeep Sharma",
              "non_striker": "V Kohli",
              "runs": {
                "batter": 1,
                "extras": 0,
                "total": 1
              }
            }
          ]
        },
        {
          "over": 6,
          "deliveries": [
            {
              "batter": "PD Salt",
              "bowler": "K Kartikeya",
              "non_striker": "V Kohli",
              "runs": {
                "batter": 1,
                "extras": 0,
                "total": 1
              }
            },
            {
              "batter": "V Kohli",
              "bowler": "K Kartikeya",
              "non_striker": "PD Salt",
              "runs": {
                "batter": 1,
                "extras": 0,
                "total": 1
              }
            },
            {
              "batter": "PD Salt",
              "bowler": "K Kartikeya",
              "non_striker": "V Kohli",
              "runs": {
                "batter": 0,
                "extras": 0,
                "total": 0
              }
            },
            {
              "batter": "PD Salt",
              "bowler": "K Kartikeya",
              "non_striker": "V Kohli",
              "runs": {
                "batter": 1,
                "extras": 0,
                "total": 1
              }
            },
            {
              "batter": "V Kohli",
              "bowler": "K Kartikeya",
              "non_striker": "PD Salt",
              "runs": {
                "batter": 2,
                "extras": 0,
                "total": 2
              }
            },
            {
              "batter": "V Kohli",
              "bowler": "K Kartikeya",
              "non_striker": "PD Salt",
              "runs": {
                "batter": 0,
                "extras": 0,
                "total": 0
              }
            }
          ]
        },
        {
          "over": 7,
          "deliveries": [
            {
              "batter": "PD Salt",
              "bowler": "PWH de Silva",
              "non_striker": "V Kohli",
              "runs": {
                "batter": 0,
                "extras": 0,
                "total": 0
              }
            },
            {
              "batter": "PD Salt",
              "bowler": "PWH de Silva",
              "non_striker": "V Kohli",
              "runs": {
                "batter": 4,
                "extras": 0,
                "total": 4
              }
            },
            {
              "batter": "PD Salt",
              "bowler": "PWH de Silva",
              "non_striker": "V Kohli",
              "runs": {
                "batter": 1,
                "extras": 0,
                "total": 1
              }
            },
            {
              "batter": "V Kohli",
              "bowler": "PWH de Silva",
              "non_striker": "PD Salt",
              "runs": {
                "batter": 1,
                "extras": 0,
                "total": 1
              }
            },
            {
              "batter": "PD Salt",
              "bowler": "PWH de Silva",
              "non_striker": "V Kohli",
              "runs": {
                "batter": 6,
                "extras": 0,
                "total": 6
              }
            },
            {
              "batter": "PD Salt",
              "bowler": "PWH de Silva",
              "non_striker": "V Kohli",
              "runs": {
                "batter": 0,
                "extras": 0,
                "total": 0
              }
            }
          ]
        },
        {
          "over": 8,
          "deliveries": [
            {
              "batter": "V Kohli",
              "bowler": "K Kartikeya",
              "non_striker": "PD Salt",
              "runs": {
                "batter": 1,
                "extras": 0,
                "total": 1
              }
            },
            {
              "batter": "PD Salt",
              "bowler": "K Kartikeya",
              "extras": {
                "wides": 2
              },
              "non_striker": "V Kohli",
              "runs": {
                "batter": 0,
                "extras": 2,
                "total": 2
              }
            },
            {
              "batter": "V Kohli",
              "bowler": "K Kartikeya",
              "non_striker": "PD Salt",
              "runs": {
                "batter": 1,
                "extras": 0,
                "total": 1
              }
            },
            {
              "batter": "PD Salt",
              "bowler": "K Kartikeya",
              "non_striker": "V Kohli",
              "runs": {
                "batter": 6,
                "extras": 0,
                "total": 6
              }
            },
            {
              "batter": "PD Salt",
              "bowler": "K Kartikeya",
              "non_striker": "V Kohli",
              "runs": {
                "batter": 0,
                "extras": 0,
                "total": 0
              },
              "wickets": [
                {
                  "player_out": "PD Salt",
                  "fielders": [
                    {
                      "name": "YBK Jaiswal"
                    }
                  ],
                  "kind": "caught"
                }
              ]
            },
            {
              "batter": "D Padikkal",
              "bowler": "K Kartikeya",
              "non_striker": "V Kohli",
              "runs": {
                "batter": 1,
                "extras": 0,
                "total": 1
              }
            },
            {
              "batter": "V Kohli",
              "bowler": "K Kartikeya",
              "non_striker": "D Padikkal",
              "runs": {
                "batter": 1,
                "extras": 0,
                "total": 1
              }
            }
          ]
        },
        {
          "over": 9,
          "deliveries": [
            {
              "batter": "V Kohli",
              "bowler": "PWH de Silva",
              "non_striker": "D Padikkal",
              "runs": {
                "batter": 1,
                "extras": 0,
                "total": 1
              }
            },
            {
              "batter": "D Padikkal",
              "bowler": "PWH de Silva",
              "non_striker": "V Kohli",
              "runs": {
                "batter": 4,
                "extras": 0,
                "total": 4
              }
            },
            {
              "batter": "D Padikkal",
              "bowler": "PWH de Silva",
              "non_striker": "V Kohli",
              "runs": {
                "batter": 1,
                "extras": 0,
                "total": 1
              }
            },
            {
              "batter": "V Kohli",
              "bowler": "PWH de Silva",
              "non_striker": "D Padikkal",
              "runs": {
                "batter": 0,
                "extras": 0,
                "total": 0
              }
            },
            {
              "batter": "V Kohli",
              "bowler": "PWH de Silva",
              "non_striker": "D Padikkal",
              "runs": {
                "batter": 0,
                "extras": 0,
                "total": 0
              }
            },
            {
              "batter": "V Kohli",
              "bowler": "PWH de Silva",
              "non_striker": "D Padikkal",
              "runs": {
                "batter": 1,
                "extras": 0,
                "total": 1
              }
            }
          ]
        },
        {
          "over": 10,
          "deliveries": [
            {
              "batter": "V Kohli",
              "bowler": "JC Archer",
              "extras": {
                "wides": 1
              },
              "non_striker": "D Padikkal",
              "runs": {
                "batter": 0,
                "extras": 1,
                "total": 1
              }
            },
            {
              "batter": "V Kohli",
              "bowler": "JC Archer",
              "non_striker": "D Padikkal",
              "runs": {
                "batter": 1,
                "extras": 0,
                "total": 1
              }
            },
            {
              "batter": "D Padikkal",
              "bowler": "JC Archer",
              "non_striker": "V Kohli",
              "runs": {
                "batter": 0,
                "extras": 0,
                "total": 0
              }
            },
            {
              "batter": "D Padikkal",
              "bowler": "JC Archer",
              "extras": {
                "wides": 1
              },
              "non_striker": "V Kohli",
              "runs": {
                "batter": 0,
                "extras": 1,
                "total": 1
              }
            },
            {
              "batter": "D Padikkal",
              "bowler": "JC Archer",
              "non_striker": "V Kohli",
              "runs": {
                "batter": 0,
                "extras": 0,
                "total": 0
              }
            },
            {
              "batter": "D Padikkal",
              "bowler": "JC Archer",
              "non_striker": "V Kohli",
              "runs": {
                "batter": 1,
                "extras": 0,
                "total": 1
              }
            },
            {
              "batter": "V Kohli",
              "bowler": "JC Archer",
              "non_striker": "D Padikkal",
              "runs": {
                "batter": 0,
                "extras": 0,
                "total": 0
              }
            },
            {
              "batter": "V Kohli",
              "bowler": "JC Archer",
              "non_striker": "D Padikkal",
              "runs": {
                "batter": 1,
                "extras": 0,
                "total": 1
              }
            }
          ]
        },
        {
          "over": 11,
          "deliveries": [
            {
              "batter": "V Kohli",
              "bowler": "R Parag",
              "non_striker": "D Padikkal",
              "runs": {
                "batter": 1,
                "extras": 0,
                "total": 1
              }
            },
            {
              "batter": "D Padikkal",
              "bowler": "R Parag",
              "non_striker": "V Kohli",
              "runs": {
                "batter": 0,
                "extras": 0,
                "total": 0
              }
            },
            {
              "batter": "D Padikkal",
              "bowler": "R Parag",
              "non_striker": "V Kohli",
              "runs": {
                "batter": 1,
                "extras": 0,
                "total": 1
              }
            },
            {
              "batter": "V Kohli",
              "bowler": "R Parag",
              "non_striker": "D Padikkal",
              "runs": {
                "batter": 1,
                "extras": 0,
                "total": 1
              }
            },
            {
              "batter": "D Padikkal",
              "bowler": "R Parag",
              "extras": {
                "wides": 2
              },
              "non_striker": "V Kohli",
              "runs": {
                "batter": 0,
                "extras": 2,
                "total": 2
              }
            },
            {
              "batter": "V Kohli",
              "bowler": "R Parag",
              "non_striker": "D Padikkal",
              "runs": {
                "batter": 1,
                "extras": 0,
                "total": 1
              }
            },
            {
              "batter": "D Padikkal",
              "bowler": "R Parag",
              "non_striker": "V Kohli",
              "runs": {
                "batter": 4,
                "extras": 0,
                "total": 4
              }
            }
          ]
        },
        {
          "over": 12,
          "deliveries": [
            {
              "batter": "V Kohli",
              "bowler": "K Kartikeya",
              "non_striker": "D Padikkal",
              "runs": {
                "batter": 0,
                "extras": 0,
                "total": 0
              }
            },
            {
              "batter": "V Kohli",
              "bowler": "K Kartikeya",
              "non_striker": "D Padikkal",
              "runs": {
                "batter": 1,
                "extras": 0,
                "total": 1
              }
            },
            {
              "batter": "D Padikkal",
              "bowler": "K Kartikeya",
              "non_striker": "V Kohli",
              "runs": {
                "batter": 0,
                "extras": 0,
                "total": 0
              }
            },
            {
              "batter": "D Padikkal",
              "bowler": "K Kartikeya",
              "non_striker": "V Kohli",
              "runs": {
                "batter": 0,
                "extras": 0,
                "total": 0
              }
            },
            {
              "batter": "D Padikkal",
              "bowler": "K Kartikeya",
              "non_striker": "V Kohli",
              "runs": {
                "batter": 1,
                "extras": 0,
                "total": 1
              }
            },
            {
              "batter": "V Kohli",
              "bowler": "K Kartikeya",
              "non_striker": "D Padikkal",
              "runs": {
                "batter": 6,
                "extras": 0,
                "total": 6
              }
            }
          ]
        },
        {
          "over": 13,
          "deliveries": [
            {
              "batter": "D Padikkal",
              "bowler": "M Theekshana",
              "non_striker": "V Kohli",
              "runs": {
                "batter": 1,
                "extras": 0,
                "total": 1
              }
            },
            {
              "batter": "V Kohli",
              "bowler": "M Theekshana",
              "non_striker": "D Padikkal",
              "runs": {
                "batter": 4,
                "extras": 0,
                "total": 4
              }
            },
            {
              "batter": "V Kohli",
              "bowler": "M Theekshana",
              "non_striker": "D Padikkal",
              "runs": {
                "batter": 1,
                "extras": 0,
                "total": 1
              }
            },
            {
              "batter": "D Padikkal",
              "bowler": "M Theekshana",
              "non_striker": "V Kohli",
              "runs": {
                "batter": 1,
                "extras": 0,
                "total": 1
              }
            },
            {
              "batter": "V Kohli",
              "bowler": "M Theekshana",
              "non_striker": "D Padikkal",
              "runs": {
                "batter": 0,
                "extras": 0,
                "total": 0
              }
            },
            {
              "batter": "V Kohli",
              "bowler": "M Theekshana",
              "non_striker": "D Padikkal",
              "runs": {
                "batter": 1,
                "extras": 0,
                "total": 1
              }
            }
          ]
        },
        {
          "over": 14,
          "deliveries": [
            {
              "batter": "V Kohli",
              "bowler": "PWH de Silva",
              "non_striker": "D Padikkal",
              "runs": {
                "batter": 1,
                "extras": 0,
                "total": 1
              }
            },
            {
              "batter": "D Padikkal",
              "bowler": "PWH de Silva",
              "non_striker": "V Kohli",
              "runs": {
                "batter": 1,
                "extras": 0,
                "total": 1
              }
            },
            {
              "batter": "V Kohli",
              "bowler": "PWH de Silva",
              "non_striker": "D Padikkal",
              "runs": {
                "batter": 6,
                "extras": 0,
                "total": 6
              }
            },
            {
              "batter": "V Kohli",
              "bowler": "PWH de Silva",
              "non_striker": "D Padikkal",
              "runs": {
                "batter": 2,
                "extras": 0,
                "total": 2
              }
            },
            {
              "batter": "V Kohli",
              "bowler": "PWH de Silva",
              "non_striker": "D Padikkal",
              "runs": {
                "batter": 0,
                "extras": 0,
                "total": 0
              }
            },
            {
              "batter": "V Kohli",
              "bowler": "PWH de Silva",
              "non_striker": "D Padikkal",
              "runs": {
                "batter": 4,
                "extras": 0,
                "total": 4
              }
            }
          ]
        },
        {
          "over": 15,
          "deliveries": [
            {
              "batter": "D Padikkal",
              "bowler": "TU Deshpande",
              "non_striker": "V Kohli",
              "runs": {
                "batter": 4,
                "extras": 0,
                "total": 4
              }
            },
            {
              "batter": "D Padikkal",
              "bowler": "TU Deshpande",
              "non_striker": "V Kohli",
              "runs": {
                "batter": 0,
                "extras": 0,
                "total": 0
              }
            },
            {
              "batter": "D Padikkal",
              "bowler": "TU Deshpande",
              "non_striker": "V Kohli",
              "runs": {
                "batter": 6,
                "extras": 0,
                "total": 6
              }
            },
            {
              "batter": "D Padikkal",
              "bowler": "TU Deshpande",
              "non_striker": "V Kohli",
              "runs": {
                "batter": 2,
                "extras": 0,
                "total": 2
              }
            },
            {
              "batter": "D Padikkal",
              "bowler": "TU Deshpande",
              "non_striker": "V Kohli",
              "runs": {
                "batter": 0,
                "extras": 0,
                "total": 0
              }
            },
            {
              "batter": "D Padikkal",
              "bowler": "TU Deshpande",
              "non_striker": "V Kohli",
              "runs": {
                "batter": 1,
                "extras": 0,
                "total": 1
              }
            }
          ]
        },
        {
          "over": 16,
          "deliveries": [
            {
              "batter": "D Padikkal",
              "bowler": "JC Archer",
              "non_striker": "V Kohli",
              "runs": {
                "batter": 2,
                "extras": 0,
                "total": 2
              }
            },
            {
              "batter": "D Padikkal",
              "bowler": "JC Archer",
              "extras": {
                "noballs": 1
              },
              "non_striker": "V Kohli",
              "runs": {
                "batter": 0,
                "extras": 1,
                "total": 1
              }
            },
            {
              "batter": "D Padikkal",
              "bowler": "JC Archer",
              "non_striker": "V Kohli",
              "runs": {
                "batter": 0,
                "extras": 0,
                "total": 0
              }
            },
            {
              "batter": "D Padikkal",
              "bowler": "JC Archer",
              "non_striker": "V Kohli",
              "runs": {
                "batter": 4,
                "extras": 0,
                "total": 4
              }
            },
            {
              "batter": "D Padikkal",
              "bowler": "JC Archer",
              "non_striker": "V Kohli",
              "runs": {
                "batter": 0,
                "extras": 0,
                "total": 0
              }
            },
            {
              "batter": "D Padikkal",
              "bowler": "JC Archer",
              "non_striker": "V Kohli",
              "runs": {
                "batter": 1,
                "extras": 0,
                "total": 1
              }
            },
            {
              "batter": "V Kohli",
              "bowler": "JC Archer",
              "non_striker": "D Padikkal",
              "runs": {
                "batter": 1,
                "extras": 0,
                "total": 1
              }
            }
          ]
        },
        {
          "over": 17,
          "deliveries": [
            {
              "batter": "V Kohli",
              "bowler": "Sandeep Sharma",
              "non_striker": "D Padikkal",
              "runs": {
                "batter": 2,
                "extras": 0,
                "total": 2
              }
            },
            {
              "batter": "V Kohli",
              "bowler": "Sandeep Sharma",
              "non_striker": "D Padikkal",
              "runs": {
                "batter": 1,
                "extras": 0,
                "total": 1
              }
            },
            {
              "batter": "D Padikkal",
              "bowler": "Sandeep Sharma",
              "non_striker": "V Kohli",
              "runs": {
                "batter": 4,
                "extras": 0,
                "total": 4
              }
            }
          ]
        }
      ],
      "powerplays": [
        {
          "from": 0.1,
          "to": 5.7,
          "type": "mandatory"
        }
      ],
      "target": {
        "overs": 20,
        "runs": 174
      }
    }
  ]
}