{
  "meta": {
    "data_version": "1.1.0",
    "created": "2025-04-16",
    "revision": 1
  },
  "info": {
    "balls_per_over": 6,
    "city": "Delhi",
    "dates": [
      "2025-04-16"
    ],
    "event": {
      "name": "Indian Premier League",
      "match_number": 32
    },
    "gender": "male",
    "match_type": "T20",
    "officials": {
      "match_referees": [
        "Shakti Singh"
      ],
      "reserve_umpires": [
        "Anish Sahasrabudhe"
      ],
      "tv_umpires": [
        "R Pandit"
      ],
      "umpires": [
        "A Totre",
        "K Kelkar"
      ]
    },
    "outcome": {
      "result": "tie",
      "eliminator": "Delhi Capitals"
    },
    "overs": 20,
    "player_of_match": [
      "MA Starc"
    ],
    "players": {
      "Delhi Capitals": [
        "Mukesh Kumar",
        "J Fraser-McGurk",
        "Abishek Porel",
        "KK Nair",
        "KL Rahul",
        "T Stubbs",
        "AR Patel",
        "Ashutosh Sharma",
        "V Nigam",
        "MA Starc",
        "Kuldeep Yadav",
        "MM Sharma"
      ],
      "Rajasthan Royals": [
        "YBK Jaiswal",
        "SV Samson",
        "R Parag",
        "N Rana",
        "Dhruv Jurel",
        "SO Hetmyer",
        "PWH de Silva",
        "JC Archer",
        "M Theekshana",
        "Sandeep Sharma",
        "TU Deshpande",
        "SB Dubey"
      ]
    },
    "registry": {
      "people": {
        "A Totre": "b1d7d7bc",
        "AR Patel": "2e171977",
        "Abishek Porel": "ad3b6e95",
        "Anish Sahasrabudhe": "2892df67",
        "Ashutosh Sharma": "84d9c311",
        "Dhruv Jurel": "bcf325d2",
        "J Fraser-McGurk": "9b6e1b3f",
        "JC Archer": "5574750c",
        "K Kelkar": "1d88908d",
        "KK Nair": "944533a5",
        "KL Rahul": "b17e2f24",
        "Kuldeep Yadav": "8d2c70ad",
        "M Theekshana": "f24c6701",
        "MA Starc": "3fb19989",
        "MM Sharma": "759ac88f",
        "Mukesh Kumar": "2cffab74",
        "N Rana": "fb2d1dda",
        "PWH de Silva": "a97c8ec2",
        "R Pandit": "8a604384",
        "R Parag": "04a418e8",
        "SB Dubey": "6b2ff18f",
        "SO Hetmyer": "48a1d7b7",
        "SV Samson": "a4cc73aa",
        "Sandeep Sharma": "ce820073",
        "Shakti Singh": "eb90d319",
        "T Stubbs": "85b3fab2",
        "TU Deshpande": "46a9bea1",
        "V Nigam": "5ffc0565",
        "YBK Jaiswal": "6c19c6e5"
      }
    },
    "season": "2025",
    "team_type": "club",
    "teams": [
      "Delhi Capitals",
      "Rajasthan Royals"
    ],
    "toss": {
      "decision": "field",
      "winner": "Rajasthan Royals"
    },
    "venue": "Arun Jaitley Stadium, Delhi"
  },
  "innings": [
    {
      "team": "Delhi Capitals",
      "overs": [
        {
          "over": 0,
          "deliveries": [
            {
              "batter": "J Fraser-McGurk",
              "bowler": "JC Archer",
              "non_striker": "Abishek Porel",
              "runs": {
                "batter": 0,
                "extras": 0,
                "total": 0
              }
            },
            {
              "batter": "J Fraser-McGurk",
              "bowler": "JC Archer",
              "non_striker": "Abishek Porel",
              "runs": {
                "batter": 0,
                "extras": 0,
                "total": 0
              }
            },
            {
              "batter": "J Fraser-McGurk",
              "bowler": "JC Archer",
              "non_striker": "Abishek Porel",
              "runs": {
                "batter": 4,
                "extras": 0,
                "total": 4
              }
            },
            {
              "batter": "J Fraser-McGurk",
              "bowler": "JC Archer",
              "non_striker": "Abishek Porel",
              "runs": {
                "batter": 4,
                "extras": 0,
                "total": 4
              }
            },
            {
              "batter": "J Fraser-McGurk",
              "bowler": "JC Archer",
              "non_striker": "Abishek Porel",
              "runs": {
                "batter": 1,
                "extras": 0,
                "total": 1
              }
            },
            {
              "batter": "Abishek Porel",
              "bowler": "JC Archer",
              "non_striker": "J Fraser-McGurk",
              "runs": {
                "batter": 1,
                "extras": 0,
                "total": 1
              }
            }
          ]
        },
        {
          "over": 1,
          "deliveries": [
            {
              "batter": "Abishek Porel",
              "bowler": "TU Deshpande",
              "non_striker": "J Fraser-McGurk",
              "runs": {
                "batter": 4,
                "extras": 0,
                "total": 4
              }
            },
            {
              "batter": "Abishek Porel",
              "bowler": "TU Deshpande",
              "non_striker": "J Fraser-McGurk",
              "runs": {
                "batter": 4,
                "extras": 0,
                "total": 4
              }
            },
            {
              "batter": "Abishek Porel",
              "bowler": "TU Deshpande",
              "non_striker": "J Fraser-McGurk",
              "runs": {
                "batter": 6,
                "extras": 0,
                "total": 6
              }
            },
            {
              "batter": "Abishek Porel",
              "bowler": "TU Deshpande",
              "non_striker": "J Fraser-McGurk",
              "runs": {
                "batter": 4,
                "extras": 0,
                "total": 4
              }
            },
            {
              "batter": "Abishek Porel",
              "bowler": "TU Deshpande",
              "non_striker": "J Fraser-McGurk",
              "runs": {
                "batter": 4,
                "extras": 0,
                "total": 4
              }
            },
            {
              "batter": "Abishek Porel",
              "bowler": "TU Deshpande",
              "non_striker": "J Fraser-McGurk",
              "runs": {
                "batter": 1,
                "extras": 0,
                "total": 1
              }
            }
          ]
        },
        {
          "over": 2,
          "deliveries": [
            {
              "batter": "Abishek Porel",
              "bowler": "JC Archer",
              "non_striker": "J Fraser-McGurk",
              "runs": {
                "batter": 0,
                "extras": 0,
                "total": 0
              }
            },
            {
              "batter": "Abishek Porel",
              "bowler": "JC Archer",
              "non_striker": "J Fraser-McGurk",
              "runs": {
                "batter": 1,
                "extras": 0,
                "total": 1
              }
            },
            {
              "batter": "J Fraser-McGurk",
              "bowler": "JC Archer",
              "non_striker": "Abishek Porel",
              "runs": {
                "batter": 0,
                "extras": 0,
                "total": 0
              },
              "wickets": [
                {
                  "player_out": "J Fraser-McGurk",
                  "fielders": [
                    {
                      "name": "YBK Jaiswal"
                    }
                  ],
                  "kind": "caught"
                }
              ]
            },
            {
              "batter": "KK Nair",
              "bowler": "JC Archer",
              "non_striker": "Abishek Porel",
              "runs": {
                "batter": 0,
                "extras": 0,
                "total": 0
              }
            },
            {
              "batter": "KK Nair",
              "bowler": "JC Archer",
              "non_striker": "Abishek Porel",
              "runs": {
                "batter": 0,
                "extras": 0,
                "total": 0
              }
            },
            {
              "batter": "KK Nair",
              "bowler": "JC Archer",
              "non_striker": "Abishek Porel",
              "runs": {
                "batter": 0,
                "extras": 0,
                "total": 0
              }
            }
          ]
        },
        {
          "over": 3,
          "deliveries": [
            {
              "batter": "Abishek Porel",
              "bowler": "Sandeep Sharma",
              "non_striker": "KK Nair",
              "runs": {
                "batter": 0,
                "extras": 0,
                "total": 0
              },
              "wickets": [
                {
                  "player_out": "KK Nair",
                  "fielders": [
                    {
                      "name": "PWH de Silva"
                    },
                    {
                      "name": "Sandeep Sharma"
                    }
                  ],
                  "kind": "run out"
                }
              ]
            },
            {
              "batter": "Abishek Porel",
              "bowler": "Sandeep Sharma",
              "non_striker": "KL Rahul",
              "runs": {
                "batter": 0,
                "extras": 0,
                "total": 0
              }
            },
            {
              "batter": "Abishek Porel",
              "bowler": "Sandeep Sharma",
              "non_striker": "KL Rahul",
              "runs": {
                "batter": 1,
                "extras": 0,
                "total": 1
              }
            },
            {
              "batter": "KL Rahul",
              "bowler": "Sandeep Sharma",
              "non_striker": "Abishek Porel",
              "runs": {
                "batter": 0,
                "extras": 0,
                "total": 0
              }
            },
            {
              "batter": "KL Rahul",
              "bowler": "Sandeep Sharma",
              "non_striker": "Abishek Porel",
              "runs": {
                "batter": 1,
                "extras": 0,
                "total": 1
              }
            },
            {
              "batter": "Abishek Porel",
              "bowler": "Sandeep Sharma",
              "non_striker": "KL Rahul",
              "runs": {
                "batter": 1,
                "extras": 0,
                "total": 1
              }
            }
          ]
        },
        {
          "over": 4,
          "deliveries": [
            {
              "batter": "Abishek Porel",
              "bowler": "M Theekshana",
              "non_striker": "KL Rahul",
              "runs": {
                "batter": 1,
                "extras": 0,
                "total": 1
              }
            },
            {
              "batter": "KL Rahul",
              "bowler": "M Theekshana",
              "non_striker": "Abishek Porel",
              "runs": {
                "batter": 0,
                "extras": 0,
                "total": 0
              }
            },
            {
              "batter": "KL Rahul",
              "bowler": "M Theekshana",
              "non_striker": "Abishek Porel",
              "runs": {
                "batter": 0,
                "extras": 0,
                "total": 0
              }
            },
            {
              "batter": "KL Rahul",
              "bowler": "M Theekshana",
              "non_striker": "Abishek Porel",
              "runs": {
                "batter": 4,
                "extras": 0,
                "total": 4
              }
            },
            {
              "batter": "KL Rahul",
              "bowler": "M Theekshana",
              "non_striker": "Abishek Porel",
              "runs": {
                "batter": 0,
                "extras": 0,
                "total": 0
              }
            },
            {
              "batter": "KL Rahul",
              "bowler": "M Theekshana",
              "non_striker": "Abishek Porel",
              "runs": {
                "batter": 0,
                "extras": 0,
                "total": 0
              }
            }
          ]
        },
        {
          "over": 5,
          "deliveries": [
            {
              "batter": "Abishek Porel",
              "bowler": "Sandeep Sharma",
              "non_striker": "KL Rahul",
              "runs": {
                "batter": 0,
                "extras": 0,
                "total": 0
              }
            },
            {
              "batter": "Abishek Porel",
              "bowler": "Sandeep Sharma",
              "non_striker": "KL Rahul",
              "runs": {
                "batter": 1,
                "extras": 0,
                "total": 1
              }
            },
            {
              "batter": "KL Rahul",
              "bowler": "Sandeep Sharma",
              "non_striker": "Abishek Porel",
              "runs": {
                "batter": 0,
                "extras": 0,
                "total": 0
              }
            },
            {
              "batter": "KL Rahul",
              "bowler": "Sandeep Sharma",
              "non_striker": "Abishek Porel",
              "runs": {
                "batter": 1,
                "extras": 0,
                "total": 1
              }
            },
            {
              "batter": "Abishek Porel",
              "bowler": "Sandeep Sharma",
              "non_striker": "KL Rahul",
              "runs": {
                "batter": 1,
                "extras": 0,
                "total": 1
              }
            },
            {
              "batter": "KL Rahul",
              "bowler": "Sandeep Sharma",
              "non_striker": "Abishek Porel",
              "runs": {
                "batter": 1,
                "extras": 0,
                "total": 1
              }
            }
          ]
        },
        {
          "over": 6,
          "deliveries": [
            {
              "batter": "KL Rahul",
              "bowler": "TU Deshpande",
              "non_striker": "Abishek Porel",
              "runs": {
                "batter": 1,
                "extras": 0,
                "total": 1
              }
            },
            {
              "batter": "Abishek Porel",
              "bowler": "TU Deshpande",
              "non_striker": "KL Rahul",
              "runs": {
                "batter": 1,
                "extras": 0,
                "total": 1
              }
            },
            {
              "batter": "KL Rahul",
              "bowler": "TU Deshpande",
              "non_striker": "Abishek Porel",
              "runs": {
                "batter": 0,
                "extras": 0,
                "total": 0
              }
            },
            {
              "batter": "KL Rahul",
              "bowler": "TU Deshpande",
              "non_striker": "Abishek Porel",
              "runs": {
                "batter": 6,
                "extras": 0,
                "total": 6
              }
            },
            {
              "batter": "KL Rahul",
              "bowler": "TU Deshpande",
              "non_striker": "Abishek Porel",
              "runs": {
                "batter": 1,
                "extras": 0,
                "total": 1
              }
            },
            {
              "batter": "Abishek Porel",
              "bowler": "TU Deshpande",
              "non_striker": "KL Rahul",
              "runs": {
                "batter": 1,
                "extras": 0,
                "total": 1
              }
            }
          ]
        },
        {
          "over": 7,
          "deliveries": [
            {
              "batter": "Abishek Porel",
              "bowler": "PWH de Silva",
              "non_striker": "KL Rahul",
              "runs": {
                "batter": 1,
                "extras": 0,
                "total": 1
              }
            },
            {
              "batter": "KL Rahul",
              "bowler": "PWH de Silva",
              "non_striker": "Abishek Porel",
              "runs": {
                "batter": 0,
                "extras": 0,
                "total": 0
              }
            },
            {
              "batter": "KL Rahul",
              "bowler": "PWH de Silva",
              "non_striker": "Abishek Porel",
              "runs": {
                "batter": 1,
                "extras": 0,
                "total": 1
              }
            },
            {
              "batter": "Abishek Porel",
              "bowler": "PWH de Silva",
              "non_striker": "KL Rahul",
              "runs": {
                "batter": 1,
                "extras": 0,
                "total": 1
              }
            },
            {
              "batter": "KL Rahul",
              "bowler": "PWH de Silva",
              "non_striker": "Abishek Porel",
              "runs": {
                "batter": 0,
                "extras": 0,
                "total": 0
              }
            },
            {
              "batter": "KL Rahul",
              "bowler": "PWH de Silva",
              "non_striker": "Abishek Porel",
              "runs": {
                "batter": 1,
                "extras": 0,
                "total": 1
              }
            }
          ]
        },
        {
          "over": 8,
          "deliveries": [
            {
              "batter": "KL Rahul",
              "bowler": "M Theekshana",
              "non_striker": "Abishek Porel",
              "runs": {
                "batter": 2,
                "extras": 0,
                "total": 2
              }
            },
            {
              "batter": "KL Rahul",
              "bowler": "M Theekshana",
              "non_striker": "Abishek Porel",
              "runs": {
                "batter": 4,
                "extras": 0,
                "total": 4
              }
            },
            {
              "batter": "KL Rahul",
              "bowler": "M Theekshana",
              "non_striker": "Abishek Porel",
              "runs": {
                "batter": 1,
                "extras": 0,
                "total": 1
              }
            },
            {
              "batter": "Abishek Porel",
              "bowler": "M Theekshana",
              "non_striker": "KL Rahul",
              "runs": {
                "batter": 1,
                "extras": 0,
                "total": 1
              }
            },
            {
              "batter": "KL Rahul",
              "bowler": "M Theekshana",
              "non_striker": "Abishek Porel",
              "runs": {
                "batter": 1,
                "extras": 0,
                "total": 1
              }
            },
            {
              "batter": "Abishek Porel",
              "bowler": "M Theekshana",
              "non_striker": "KL Rahul",
              "runs": {
                "batter": 0,
                "extras": 0,
                "total": 0
              }
            }
          ]
        },
        {
          "over": 9,
          "deliveries": [
            {
              "batter": "KL Rahul",
              "bowler": "PWH de Silva",
              "non_striker": "Abishek Porel",
              "runs": {
                "batter": 1,
                "extras": 0,
                "total": 1
              }
            },
            {
              "batter": "Abishek Porel",
              "bowler": "PWH de Silva",
              "non_striker": "KL Rahul",
              "runs": {
                "batter": 0,
                "extras": 0,
                "total": 0
              }
            },
            {
              "batter": "Abishek Porel",
              "bowler": "PWH de Silva",
              "non_striker": "KL Rahul",
              "runs": {
                "batter": 1,
                "extras": 0,
                "total": 1
              }
            },
            {
              "batter": "KL Rahul",
              "bowler": "PWH de Silva",
              "non_striker": "Abishek Porel",
              "runs": {
                "batter": 1,
                "extras": 0,
                "total": 1
              }
            },
            {
              "batter": "Abishek Porel",
              "bowler": "PWH de Silva",
              "non_striker": "KL Rahul",
              "runs": {
                "batter": 0,
                "extras": 0,
                "total": 0
              }
            },
            {
              "batter": "Abishek Porel",
              "bowler": "PWH de Silva",
              "non_striker": "KL Rahul",
              "runs": {
                "batter": 4,
                "extras": 0,
                "total": 4
              }
            }
          ]
        },
        {
          "over": 10,
          "deliveries": [
            {
              "batter": "KL Rahul",
              "bowler": "M Theekshana",
              "non_striker": "Abishek Porel",
              "runs": {
                "batter": 1,
                "extras": 0,
                "total": 1
              }
            },
            {
              "batter": "Abishek Porel",
              "bowler": "M Theekshana",
              "non_striker": "KL Rahul",
              "runs": {
                "batter": 1,
                "extras": 0,
                "total": 1
              }
            },
            {
              "batter": "KL Rahul",
              "bowler": "M Theekshana",
              "non_striker": "Abishek Porel",
              "runs": {
                "batter": 6,
                "extras": 0,
                "total": 6
              }
            },
            {
              "batter": "KL Rahul",
              "bowler": "M Theekshana",
              "non_striker": "Abishek Porel",
              "runs": {
                "batter": 1,
                "extras": 0,
                "total": 1
              }
            },
            {
              "batter": "Abishek Porel",
              "bowler": "M Theekshana",
              "non_striker": "KL Rahul",
              "runs": {
                "batter": 0,
                "extras": 0,
                "total": 0
              }
            },
            {
              "batter": "Abishek Porel",
              "bowler": "M Theekshana",
              "non_striker": "KL Rahul",
              "runs": {
                "batter": 1,
                "extras": 0,
                "total": 1
              }
            }
          ]
        },
        {
          "over": 11,
          "deliveries": [
            {
              "batter": "Abishek Porel",
              "bowler": "R Parag",
              "non_striker": "KL Rahul",
              "runs": {
                "batter": 1,
                "extras": 0,
                "total": 1
              }
            },
            {
              "batter": "KL Rahul",
              "bowler": "R Parag",
              "non_striker": "Abishek Porel",
              "runs": {
                "batter": 0,
                "extras": 0,
                "total": 0
              }
            },
            {
              "batter": "KL Rahul",
              "bowler": "R Parag",
              "non_striker": "Abishek Porel",
              "runs": {
                "batter": 1,
                "extras": 0,
                "total": 1
              }
            },
            {
              "batter": "Abishek Porel",
              "bowler": "R Parag",
              "non_striker": "KL Rahul",
              "runs": {
                "batter": 1,
                "extras": 0,
                "total": 1
              }
            },
            {
              "batter": "KL Rahul",
              "bowler": "R Parag",
              "non_striker": "Abishek Porel",
              "runs": {
                "batter": 1,
                "extras": 0,
                "total": 1
              }
            },
            {
              "batter": "Abishek Porel",
              "bowler": "R Parag",
              "non_striker": "KL Rahul",
              "runs": {
                "batter": 2,
                "extras": 0,
                "total": 2
              }
            }
          ]
        },
        {
          "over": 12,
          "deliveries": [
            {
              "batter": "KL Rahul",
              "bowler": "JC Archer",
              "non_striker": "Abishek Porel",
              "runs": {
                "batter": 1,
                "extras": 0,
                "total": 1
              }
            },
            {
              "batter": "Abishek Porel",
              "bowler": "JC Archer",
              "non_striker": "KL Rahul",
              "runs": {
                "batter": 2,
                "extras": 0,
                "total": 2
              }
            },
            {
              "batter": "Abishek Porel",
              "bowler": "JC Archer",
              "non_striker": "KL Rahul",
              "runs": {
                "batter": 1,
                "extras": 0,
                "total": 1
              }
            },
            {
              "batter": "KL Rahul",
              "bowler": "JC Archer",
              "extras": {
                "wides": 1
              },
              "non_striker": "Abishek Porel",
              "runs": {
                "batter": 0,
                "extras": 1,
                "total": 1
              }
            },
            {
              "batter": "KL Rahul",
              "bowler": "JC Archer",
              "non_striker": "Abishek Porel",
              "runs": {
                "batter": 0,
                "extras": 0,
                "total": 0
              },
              "wickets": [
                {
                  "player_out": "KL Rahul",
                  "fielders": [
                    {
                      "name": "SO Hetmyer"
                    }
                  ],
                  "kind": "caught"
                }
              ]
            },
            {
              "batter": "T Stubbs",
              "bowler": "JC Archer",
              "non_striker": "Abishek Porel",
              "runs": {
                "batter": 1,
                "extras": 0,
                "total": 1
              }
            },
            {
              "batter": "Abishek Porel",
              "bowler": "JC Archer",
              "non_striker": "T Stubbs",
              "runs": {
                "batter": 0,
                "extras": 0,
                "total": 0
              }
            }
          ]
        },
        {
          "over": 13,
          "deliveries": [
            {
              "batter": "T Stubbs",
              "bowler": "PWH de Silva",
              "non_striker": "Abishek Porel",
              "runs": {
                "batter": 0,
                "extras": 0,
                "total": 0
              }
            },
            {
              "batter": "T Stubbs",
              "bowler": "PWH de Silva",
              "non_striker": "Abishek Porel",
              "runs": {
                "batter": 0,
                "extras": 0,
                "total": 0
              }
            },
            {
              "batter": "T Stubbs",
              "bowler": "PWH de Silva",
              "non_striker": "Abishek Porel",
              "runs": {
                "batter": 6,
                "extras": 0,
                "total": 6
              }
            },
            {
              "batter": "T Stubbs",
              "bowler": "PWH de Silva",
              "non_striker": "Abishek Porel",
              "runs": {
                "batter": 1,
                "extras": 0,
                "total": 1
              }
            },
            {
              "batter": "Abishek Porel",
              "bowler": "PWH de Silva",
              "non_striker": "T Stubbs",
              "runs": {
                "batter": 0,
                "extras": 0,
                "total": 0
              },
              "wickets": [
                {
                  "player_out": "Abishek Porel",
                  "fielders": [
                    {
                      "name": "R Parag"
                    }
                  ],
                  "kind": "caught"
                }
              ]
            },
            {
              "batter": "AR Patel",
              "bowler": "PWH de Silva",
              "non_striker": "T Stubbs",
              "runs": {
                "batter": 1,
                "extras": 0,
                "total": 1
              }
            }
          ]
        },
        {
          "over": 14,
          "deliveries": [
            {
              "batter": "AR Patel",
              "bowler": "TU Deshpande",
              "non_striker": "T Stubbs",
              "runs": {
                "batter": 1,
                "extras": 0,
                "total": 1
              }
            },
            {
              "batter": "T Stubbs",
              "bowler": "TU Deshpande",
              "non_striker": "AR Patel",
              "runs": {
                "batter": 1,
                "extras": 0,
                "total": 1
              }
            },
            {
              "batter": "AR Patel",
              "bowler": "TU Deshpande",
              "non_striker": "T Stubbs",
              "runs": {
                "batter": 1,
                "extras": 0,
                "total": 1
              }
            },
            {
              "batter": "T Stubbs",
              "bowler": "TU Deshpande",
              "non_striker": "AR Patel",
              "runs": {
                "batter": 1,
                "extras": 0,
                "total": 1
              }
            },
            {
              "batter": "AR Patel",
              "bowler": "TU Deshpande",
              "non_striker": "T Stubbs",
              "runs": {
                "batter": 0,
                "extras": 0,
                "total": 0
              }
            },
            {
              "batter": "AR Patel",
              "bowler": "TU Deshpande",
              "non_striker": "T Stubbs",
              "runs": {
                "batter": 1,
                "extras": 0,
                "total": 1
              }
            }
          ]
        },
        {
          "over": 15,
          "deliveries": [
            {
              "batter": "AR Patel",
              "bowler": "PWH de Silva",
              "non_striker": "T Stubbs",
              "runs": {
                "batter": 4,
                "extras": 0,
                "total": 4
              }
            },
            {
              "batter": "AR Patel",
              "bowler": "PWH de Silva",
              "non_striker": "T Stubbs",
              "runs": {
                "batter": 4,
                "extras": 0,
                "total": 4
              }
            },
            {
              "batter": "AR Patel",
              "bowler": "PWH de Silva",
              "non_striker": "T Stubbs",
              "runs": {
                "batter": 6,
                "extras": 0,
                "total": 6
              }
            },
            {
              "batter": "AR Patel",
              "bowler": "PWH de Silva",
              "non_striker": "T Stubbs",
              "runs": {
                "batter": 1,
                "extras": 0,
                "total": 1
              }
            },
            {
              "batter": "T Stubbs",
              "bowler": "PWH de Silva",
              "non_striker": "AR Patel",
              "runs": {
                "batter": 2,
                "extras": 0,
                "total": 2
              }
            },
            {
              "batter": "T Stubbs",
              "bowler": "PWH de Silva",
              "non_striker": "AR Patel",
              "runs": {
                "batter": 2,
                "extras": 0,
                "total": 2
              }
            }
          ]
        },
        {
          "over": 16,
          "deliveries": [
            {
              "batter": "AR Patel",
              "bowler": "M Theekshana",
              "non_striker": "T Stubbs",
              "runs": {
                "batter": 6,
                "extras": 0,
                "total": 6
              }
            },
            {
              "batter": "AR Patel",
              "bowler": "M Theekshana",
              "non_striker": "T Stubbs",
              "runs": {
                "batter": 1,
                "extras": 0,
                "total": 1
              }
            },
            {
              "batter": "T Stubbs",
              "bowler": "M Theekshana",
              "non_striker": "AR Patel",
              "runs": {
                "batter": 1,
                "extras": 0,
                "total": 1
              }
            },
            {
              "batter": "AR Patel",
              "bowler": "M Theekshana",
              "non_striker": "T Stubbs",
              "runs": {
                "batter": 4,
                "extras": 0,
                "total": 4
              }
            },
            {
              "batter": "AR Patel",
              "bowler": "M Theekshana",
              "non_striker": "T Stubbs",
              "runs": {
                "batter": 4,
                "extras": 0,
                "total": 4
              }
            },
            {
              "batter": "AR Patel",
              "bowler": "M Theekshana",
              "non_striker": "T Stubbs",
              "runs": {
                "batter": 0,
                "extras": 0,
                "total": 0
              },
              "wickets": [
                {
                  "player_out": "AR Patel",
                  "fielders": [
                    {
                      "name": "Dhruv Jurel"
                    }
                  ],
                  "kind": "caught"
                }
              ]
            }
          ]
        },
        {
          "over": 17,
          "deliveries": [
            {
              "batter": "T Stubbs",
              "bowler": "Sandeep Sharma",
              "non_striker": "Ashutosh Sharma",
              "runs": {
                "batter": 1,
                "extras": 0,
                "total": 1
              }
            },
            {
              "batter": "Ashutosh Sharma",
              "bowler": "Sandeep Sharma",
              "non_striker": "T Stubbs",
              "runs": {
                "batter": 1,
                "extras": 0,
                "total": 1
              }
            },
            {
              "batter": "T Stubbs",
              "bowler": "Sandeep Sharma",
              "non_striker": "Ashutosh Sharma",
              "runs": {
                "batter": 1,
                "extras": 0,
                "total": 1
              }
            },
            {
              "batter": "Ashutosh Sharma",
              "bowler": "Sandeep Sharma",
              "non_striker": "T Stubbs",
              "review": {
                "by": "Rajasthan Royals",
                "umpire": "A Totre",
                "batter": "Ashutosh Sharma",
                "decision": "struck down",
                "type": "wicket"
              },
              "runs": {
                "batter": 0,
                "extras": 0,
                "total": 0
              }
            },
            {
              "batter": "Ashutosh Sharma",
              "bowler": "Sandeep Sharma",
              "extras": {
                "wides": 1
              },
              "non_striker": "T Stubbs",
              "runs": {
                "batter": 0,
                "extras": 1,
                "total": 1
              }
            },
            {
              "batter": "Ashutosh Sharma",
              "bowler": "Sandeep Sharma",
              "non_striker": "T Stubbs",
              "runs": {
                "batter": 2,
                "extras": 0,
                "total": 2
              }
            },
            {
              "batter": "Ashutosh Sharma",
              "bowler": "Sandeep Sharma",
              "non_striker": "T Stubbs",
              "runs": {
                "batter": 1,
                "extras": 0,
                "total": 1
              }
            }
          ]
        },
        {
          "over": 18,
          "deliveries": [
            {
              "batter": "Ashutosh Sharma",
              "bowler": "JC Archer",
              "non_striker": "T Stubbs",
              "runs": {
                "batter": 4,
                "extras": 0,
                "total": 4
              }
            },
            {
              "batter": "Ashutosh Sharma",
              "bowler": "JC Archer",
              "non_striker": "T Stubbs",
              "runs": {
                "batter": 1,
                "extras": 0,
                "total": 1
              }
            },
            {
              "batter": "T Stubbs",
              "bowler": "JC Archer",
              "non_striker": "Ashutosh Sharma",
              "runs": {
                "batter": 4,
                "extras": 0,
                "total": 4
              }
            },
            {
              "batter": "T Stubbs",
              "bowler": "JC Archer",
              "non_striker": "Ashutosh Sharma",
              "runs": {
                "batter": 1,
                "extras": 0,
                "total": 1
              }
            },
            {
              "batter": "Ashutosh Sharma",
              "bowler": "JC Archer",
              "non_striker": "T Stubbs",
              "runs": {
                "batter": 4,
                "extras": 0,
                "total": 4
              }
            },
            {
              "batter": "Ashutosh Sharma",
              "bowler": "JC Archer",
              "extras": {
                "wides": 1
              },
              "non_striker": "T Stubbs",
              "runs": {
                "batter": 0,
                "extras": 1,
                "total": 1
              }
            },
            {
              "batter": "Ashutosh Sharma",
              "bowler": "JC Archer",
              "extras": {
                "legbyes": 1
              },
              "non_striker": "T Stubbs",
              "runs": {
                "batter": 0,
                "extras": 1,
                "total": 1
              }
            }
          ]
        },
        {
          "over": 19,
          "deliveries": [
            {
              "batter": "Ashutosh Sharma",
              "bowler": "Sandeep Sharma",
              "extras": {
                "wides": 1
              },
              "non_striker": "T Stubbs",
              "runs": {
                "batter": 0,
                "extras": 1,
                "total": 1
              }
            },
            {
              "batter": "Ashutosh Sharma",
              "bowler": "Sandeep Sharma",
              "non_striker": "T Stubbs",
              "runs": {
                "batter": 0,
                "extras": 0,
                "total": 0
              }
            },
            {
              "batter": "Ashutosh Sharma",
              "bowler": "Sandeep Sharma",
              "extras": {
                "wides": 1
              },
              "non_striker": "T Stubbs",
              "runs": {
                "batter": 0,
                "extras": 1,
                "total": 1
              }
            },
            {
              "batter": "Ashutosh Sharma",
              "bowler": "Sandeep Sharma",
              "extras": {
                "wides": 1
              },
              "non_striker": "T Stubbs",
              "runs": {
                "batter": 0,
                "extras": 1,
                "total": 1
              }
            },
            {
              "batter": "Ashutosh Sharma",
              "bowler": "Sandeep Sharma",
              "extras": {
                "wides": 1
              },
              "non_striker": "T Stubbs",
              "runs": {
                "batter": 0,
                "extras": 1,
                "total": 1
              }
            },
            {
              "batter": "Ashutosh Sharma",
              "bowler": "Sandeep Sharma",
              "extras": {
                "noballs": 1
              },
              "non_striker": "T Stubbs",
              "runs": {
                "batter": 1,
                "extras": 1,
                "total": 2
              }
            },
            {
              "batter": "T Stubbs",
              "bowler": "Sandeep Sharma",
              "non_striker": "Ashutosh Sharma",
              "runs": {
                "batter": 4,
                "extras": 0,
                "total": 4
              }
            },
            {
              "batter": "T Stubbs",
              "bowler": "Sandeep Sharma",
              "non_striker": "Ashutosh Sharma",
              "runs": {
                "batter": 6,
                "extras": 0,
                "total": 6
              }
            },
            {
              "batter": "T Stubbs",
              "bowler": "Sandeep Sharma",
              "non_striker": "Ashutosh Sharma",
              "runs": {
                "batter": 1,
                "extras": 0,
                "total": 1
              }
            },
            {
              "batter": "Ashutosh Sharma",
              "bowler": "Sandeep Sharma",
              "non_striker": "T Stubbs",
              "runs": {
                "batter": 1,
                "extras": 0,
                "total": 1
              }
            },
            {
              "batter": "T Stubbs",
              "bowler": "Sandeep Sharma",
              "non_striker": "Ashutosh Sharma",
              "runs": {
                "batter": 1,
                "extras": 0,
                "total": 1
              }
            }
          ]
        }
      ],
      "powerplays": [
        {
          "from": 0.1,
          "to": 5.6,
          "type": "mandatory"
        }
      ]
    },
    {
      "team": "Rajasthan Royals",
      "overs": [
        {
          "over": 0,
          "deliveries": [
            {
              "batter": "YBK Jaiswal",
              "bowler": "MA Starc",
              "non_striker": "SV Samson",
              "replacements": {
                "match": [
                  {
                    "in": "Mukesh Kumar",
                    "out": "Abishek Porel",
                    "team": "Delhi Capitals",
                    "reason": "impact_player"
                  }
                ]
              },
              "runs": {
                "batter": 0,
                "extras": 0,
                "total": 0
              }
            },
            {
              "batter": "YBK Jaiswal",
              "bowler": "MA Starc",
              "non_striker": "SV Samson",
              "runs": {
                "batter": 0,
                "extras": 0,
                "total": 0
              }
            },
            {
              "batter": "YBK Jaiswal",
              "bowler": "MA Starc",
              "non_striker": "SV Samson",
              "runs": {
                "batter": 0,
                "extras": 0,
                "total": 0
              }
            },
            {
              "batter": "YBK Jaiswal",
              "bowler": "MA Starc",
              "extras": {
                "legbyes": 1
              },
              "non_striker": "SV Samson",
              "runs": {
                "batter": 0,
                "extras": 1,
                "total": 1
              }
            },
            {
              "batter": "SV Samson",
              "bowler": "MA Starc",
              "non_striker": "YBK Jaiswal",
              "runs": {
                "batter": 0,
                "extras": 0,
                "total": 0
              }
            },
            {
              "batter": "SV Samson",
              "bowler": "MA Starc",
              "non_striker": "YBK Jaiswal",
              "runs": {
                "batter": 1,
                "extras": 0,
                "total": 1
              }
            }
          ]
        },
        {
          "over": 1,
          "deliveries": [
            {
              "batter": "SV Samson",
              "bowler": "Mukesh Kumar",
              "non_striker": "YBK Jaiswal",
              "runs": {
                "batter": 6,
                "extras": 0,
                "total": 6
              }
            },
            {
              "batter": "SV Samson",
              "bowler": "Mukesh Kumar",
              "non_striker": "YBK Jaiswal",
              "runs": {
                "batter": 1,
                "extras": 0,
                "total": 1
              }
            },
            {
              "batter": "YBK Jaiswal",
              "bowler": "Mukesh Kumar",
              "non_striker": "SV Samson",
              "runs": {
                "batter": 6,
                "extras": 0,
                "total": 6
              }
            },
            {
              "batter": "YBK Jaiswal",
              "bowler": "Mukesh Kumar",
              "non_striker": "SV Samson",
              "runs": {
                "batter": 1,
                "extras": 0,
                "total": 1
              }
            },
            {
              "batter": "SV Samson",
              "bowler": "Mukesh Kumar",
              "non_striker": "YBK Jaiswal",
              "runs": {
                "batter": 0,
                "extras": 0,
                "total": 0
              }
            },
            {
              "batter": "SV Samson",
              "bowler": "Mukesh Kumar",
              "non_striker": "YBK Jaiswal",
              "runs": {
                "batter": 0,
                "extras": 0,
                "total": 0
              }
            }
          ]
        },
        {
          "over": 2,
          "deliveries": [
            {
              "batter": "YBK Jaiswal",
              "bowler": "MA Starc",
              "non_striker": "SV Samson",
              "runs": {
                "batter": 0,
                "extras": 0,
                "total": 0
              }
            },
            {
              "batter": "YBK Jaiswal",
              "bowler": "MA Starc",
              "extras": {
                "wides": 1
              },
              "non_striker": "SV Samson",
              "runs": {
                "batter": 0,
                "extras": 1,
                "total": 1
              }
            },
            {
              "batter": "YBK Jaiswal",
              "bowler": "MA Starc",
              "non_striker": "SV Samson",
              "runs": {
                "batter": 4,
                "extras": 0,
                "total": 4
              }
            },
            {
              "batter": "YBK Jaiswal",
              "bowler": "MA Starc",
              "non_striker": "SV Samson",
              "runs": {
                "batter": 6,
                "extras": 0,
                "total": 6
              }
            },
            {
              "batter": "YBK Jaiswal",
              "bowler": "MA Starc",
              "non_striker": "SV Samson",
              "runs": {
                "batter": 4,
                "extras": 0,
                "total": 4
              }
            },
            {
              "batter": "YBK Jaiswal",
              "bowler": "MA Starc",
              "extras": {
                "wides": 1
              },
              "non_striker": "SV Samson",
              "runs": {
                "batter": 0,
                "extras": 1,
                "total": 1
              }
            },
            {
              "batter": "YBK Jaiswal",
              "bowler": "MA Starc",
              "non_striker": "SV Samson",
              "runs": {
                "batter": 2,
                "extras": 0,
                "total": 2
              }
            },
            {
              "batter": "YBK Jaiswal",
              "bowler": "MA Starc",
              "non_striker": "SV Samson",
              "runs": {
                "batter": 1,
                "extras": 0,
                "total": 1
              }
            }
          ]
        },
        {
          "over": 3,
          "deliveries": [
            {
              "batter": "YBK Jaiswal",
              "bowler": "Mukesh Kumar",
              "non_striker": "SV Samson",
              "runs": {
                "batter": 1,
                "extras": 0,
                "total": 1
              }
            },
            {
              "batter": "SV Samson",
              "bowler": "Mukesh Kumar",
              "non_striker": "YBK Jaiswal",
              "runs": {
                "batter": 6,
                "extras": 0,
                "total": 6
              }
            },
            {
              "batter": "SV Samson",
              "bowler": "Mukesh Kumar",
              "non_striker": "YBK Jaiswal",
              "runs": {
                "batter": 1,
                "extras": 0,
                "total": 1
              }
            },
            {
              "batter": "YBK Jaiswal",
              "bowler": "Mukesh Kumar",
              "non_striker": "SV Samson",
              "runs": {
                "batter": 0,
                "extras": 0,
                "total": 0
              }
            },
            {
              "batter": "YBK Jaiswal",
              "bowler": "Mukesh Kumar",
              "non_striker": "SV Samson",
              "runs": {
                "batter": 1,
                "extras": 0,
                "total": 1
              }
            },
            {
              "batter": "SV Samson",
              "bowler": "Mukesh Kumar",
              "non_striker": "YBK Jaiswal",
              "runs": {
                "batter": 1,
                "extras": 0,
                "total": 1
              }
            }
          ]
        },
        {
          "over": 4,
          "deliveries": [
            {
              "batter": "SV Samson",
              "bowler": "MM Sharma",
              "non_striker": "YBK Jaiswal",
              "runs": {
                "batter": 0,
                "extras": 0,
                "total": 0
              }
            },
            {
              "batter": "SV Samson",
              "bowler": "MM Sharma",
              "non_striker": "YBK Jaiswal",
              "runs": {
                "batter": 0,
                "extras": 0,
                "total": 0
              }
            },
            {
              "batter": "SV Samson",
              "bowler": "MM Sharma",
              "non_striker": "YBK Jaiswal",
              "runs": {
                "batter": 4,
                "extras": 0,
                "total": 4
              }
            },
            {
              "batter": "SV Samson",
              "bowler": "MM Sharma",
              "non_striker": "YBK Jaiswal",
              "runs": {
                "batter": 0,
                "extras": 0,
                "total": 0
              }
            },
            {
              "batter": "SV Samson",
              "bowler": "MM Sharma",
              "non_striker": "YBK Jaiswal",
              "runs": {
                "batter": 0,
                "extras": 0,
                "total": 0
              }
            },
            {
              "batter": "SV Samson",
              "bowler": "MM Sharma",
              "non_striker": "YBK Jaiswal",
              "runs": {
                "batter": 1,
                "extras": 0,
                "total": 1
              }
            }
          ]
        },
        {
          "over": 5,
          "deliveries": [
            {
              "batter": "SV Samson",
              "bowler": "V Nigam",
              "non_striker": "YBK Jaiswal",
              "runs": {
                "batter": 4,
                "extras": 0,
                "total": 4
              }
            },
            {
              "batter": "SV Samson",
              "bowler": "V Nigam",
              "non_striker": "YBK Jaiswal",
              "runs": {
                "batter": 6,
                "extras": 0,
                "total": 6
              }
            },
            {
              "batter": "SV Samson",
              "bowler": "V Nigam",
              "extras": {
                "noballs": 1
              },
              "non_striker": "YBK Jaiswal",
              "runs": {
                "batter": 0,
                "extras": 1,
                "total": 1
              }
            },
            {
              "batter": "SV Samson",
              "bowler": "V Nigam",
              "non_striker": "YBK Jaiswal",
              "runs": {
                "batter": 0,
                "extras": 0,
                "total": 0
              },
              "wickets": [
                {
                  "player_out": "SV Samson",
                  "kind": "retired hurt"
                }
              ]
            },
            {
              "batter": "R Parag",
              "bowler": "V Nigam",
              "non_striker": "YBK Jaiswal",
              "runs": {
                "batter": 0,
                "extras": 0,
                "total": 0
              }
            },
            {
              "batter": "R Parag",
              "bowler": "V Nigam",
              "non_striker": "YBK Jaiswal",
              "runs": {
                "batter": 0,
                "extras": 0,
                "total": 0
              }
            },
            {
              "batter": "R Parag",
              "bowler": "V Nigam",
              "non_striker": "YBK Jaiswal",
              "runs": {
                "batter": 2,
                "extras": 0,
                "total": 2
              }
            }
          ]
        },
        {
          "over": 6,
          "deliveries": [
            {
              "batter": "YBK Jaiswal",
              "bowler": "AR Patel",
              "non_striker": "R Parag",
              "runs": {
                "batter": 1,
                "extras": 0,
                "total": 1
              }
            },
            {
              "batter": "R Parag",
              "bowler": "AR Patel",
              "non_striker": "YBK Jaiswal",
              "runs": {
                "batter": 0,
                "extras": 0,
                "total": 0
              }
            },
            {
              "batter": "R Parag",
              "bowler": "AR Patel",
              "non_striker": "YBK Jaiswal",
              "runs": {
                "batter": 1,
                "extras": 0,
                "total": 1
              }
            },
            {
              "batter": "YBK Jaiswal",
              "bowler": "AR Patel",
              "non_striker": "R Parag",
              "runs": {
                "batter": 0,
                "extras": 0,
                "total": 0
              }
            },
            {
              "batter": "YBK Jaiswal",
              "bowler": "AR Patel",
              "non_striker": "R Parag",
              "runs": {
                "batter": 0,
                "extras": 0,
                "total": 0
              }
            },
            {
              "batter": "YBK Jaiswal",
              "bowler": "AR Patel",
              "non_striker": "R Parag",
              "runs": {
                "batter": 0,
                "extras": 0,
                "total": 0
              }
            }
          ]
        },
        {
          "over": 7,
          "deliveries": [
            {
              "batter": "R Parag",
              "bowler": "Kuldeep Yadav",
              "non_striker": "YBK Jaiswal",
              "runs": {
                "batter": 0,
                "extras": 0,
                "total": 0
              }
            },
            {
              "batter": "R Parag",
              "bowler": "Kuldeep Yadav",
              "non_striker": "YBK Jaiswal",
              "runs": {
                "batter": 0,
                "extras": 0,
                "total": 0
              }
            },
            {
              "batter": "R Parag",
              "bowler": "Kuldeep Yadav",
              "non_striker": "YBK Jaiswal",
              "runs": {
                "batter": 4,
                "extras": 0,
                "total": 4
              }
            },
            {
              "batter": "R Parag",
              "bowler": "Kuldeep Yadav",
              "non_striker": "YBK Jaiswal",
              "runs": {
                "batter": 0,
                "extras": 0,
                "total": 0
              }
            },
            {
              "batter": "R Parag",
              "bowler": "Kuldeep Yadav",
              "non_striker": "YBK Jaiswal",
              "runs": {
                "batter": 1,
                "extras": 0,
                "total": 1
              }
            },
            {
              "batter": "YBK Jaiswal",
              "bowler": "Kuldeep Yadav",
              "non_striker": "R Parag",
              "runs": {
                "batter": 6,
                "extras": 0,
                "total": 6
              }
            }
          ]
        },
        {
          "over": 8,
          "deliveries": [
            {
              "batter": "R Parag",
              "bowler": "AR Patel",
              "non_striker": "YBK Jaiswal",
              "runs": {
                "batter": 0,
                "extras": 0,
                "total": 0
              },
              "wickets": [
                {
                  "player_out": "R Parag",
                  "kind": "bowled"
                }
              ]
            },
            {
              "batter": "N Rana",
              "bowler": "AR Patel",
              "non_striker": "YBK Jaiswal",
              "runs": {
                "batter": 0,
                "extras": 0,
                "total": 0
              }
            },
            {
              "batter": "N Rana",
              "bowler": "AR Patel",
              "non_striker": "YBK Jaiswal",
              "runs": {
                "batter": 1,
                "extras": 0,
                "total": 1
              }
            },
            {
              "batter": "YBK Jaiswal",
              "bowler": "AR Patel",
              "non_striker": "N Rana",
              "runs": {
                "batter": 4,
                "extras": 0,
                "total": 4
              }
            },
            {
              "batter": "YBK Jaiswal",
              "bowler": "AR Patel",
              "non_striker": "N Rana",
              "runs": {
                "batter": 0,
                "extras": 0,
                "total": 0
              }
            },
            {
              "batter": "YBK Jaiswal",
              "bowler": "AR Patel",
              "non_striker": "N Rana",
              "runs": {
                "batter": 1,
                "extras": 0,
                "total": 1
              }
            }
          ]
        },
        {
          "over": 9,
          "deliveries": [
            {
              "batter": "YBK Jaiswal",
              "bowler": "T Stubbs",
              "non_striker": "N Rana",
              "runs": {
                "batter": 0,
                "extras": 0,
                "total": 0
              }
            },
            {
              "batter": "YBK Jaiswal",
              "bowler": "T Stubbs",
              "non_striker": "N Rana",
              "runs": {
                "batter": 6,
                "extras": 0,
                "total": 6
              }
            },
            {
              "batter": "YBK Jaiswal",
              "bowler": "T Stubbs",
              "non_striker": "N Rana",
              "runs": {
                "batter": 1,
                "extras": 0,
                "total": 1
              }
            },
            {
              "batter": "N Rana",
              "bowler": "T Stubbs",
              "non_striker": "YBK Jaiswal",
              "runs": {
                "batter": 4,
                "extras": 0,
                "total": 4
              }
            },
            {
              "batter": "N Rana",
              "bowler": "T Stubbs",
              "non_striker": "YBK Jaiswal",
              "runs": {
                "batter": 1,
                "extras": 0,
                "total": 1
              }
            },
            {
              "batter": "YBK Jaiswal",
              "bowler": "T Stubbs",
              "non_striker": "N Rana",
              "runs": {
                "batter": 0,
                "extras": 0,
                "total": 0
              }
            }
          ]
        },
        {
          "over": 10,
          "deliveries": [
            {
              "batter": "N Rana",
              "bowler": "Kuldeep Yadav",
              "non_striker": "YBK Jaiswal",
              "runs": {
                "batter": 1,
                "extras": 0,
                "total": 1
              }
            },
            {
              "batter": "YBK Jaiswal",
              "bowler": "Kuldeep Yadav",
              "non_striker": "N Rana",
              "runs": {
                "batter": 0,
                "extras": 0,
                "total": 0
              }
            },
            {
              "batter": "YBK Jaiswal",
              "bowler": "Kuldeep Yadav",
              "non_striker": "N Rana",
              "runs": {
                "batter": 1,
                "extras": 0,
                "total": 1
              }
            },
            {
              "batter": "N Rana",
              "bowler": "Kuldeep Yadav",
              "non_striker": "YBK Jaiswal",
              "runs": {
                "batter": 1,
                "extras": 0,
                "total": 1
              }
            },
            {
              "batter": "YBK Jaiswal",
              "bowler": "Kuldeep Yadav",
              "non_striker": "N Rana",
              "runs": {
                "batter": 0,
                "extras": 0,
                "total": 0
              }
            },
            {
              "batter": "YBK Jaiswal",
              "bowler": "Kuldeep Yadav",
              "non_striker": "N Rana",
              "runs": {
                "batter": 1,
                "extras": 0,
                "total": 1
              }
            }
          ]
        },
        {
          "over": 11,
          "deliveries": [
            {
              "batter": "YBK Jaiswal",
              "bowler": "MM Sharma",
              "non_striker": "N Rana",
              "runs": {
                "batter": 1,
                "extras": 0,
                "total": 1
              }
            },
            {
              "batter": "N Rana",
              "bowler": "MM Sharma",
              "non_striker": "YBK Jaiswal",
              "runs": {
                "batter": 1,
                "extras": 0,
                "total": 1
              }
            },
            {
              "batter": "YBK Jaiswal",
              "bowler": "MM Sharma",
              "non_striker": "N Rana",
              "runs": {
                "batter": 1,
                "extras": 0,
                "total": 1
              }
            },
            {
              "batter": "N Rana",
              "bowler": "MM Sharma",
              "non_striker": "YBK Jaiswal",
              "runs": {
                "batter": 1,
                "extras": 0,
                "total": 1
              }
            },
            {
              "batter": "YBK Jaiswal",
              "bowler": "MM Sharma",
              "non_striker": "N Rana",
              "runs": {
                "batter": 1,
                "extras": 0,
                "total": 1
              }
            },
            {
              "batter": "N Rana",
              "bowler": "MM Sharma",
              "non_striker": "YBK Jaiswal",
              "runs": {
                "batter": 1,
                "extras": 0,
                "total": 1
              }
            }
          ]
        },
        {
          "over": 12,
          "deliveries": [
            {
              "batter": "N Rana",
              "bowler": "Mukesh Kumar",
              "non_striker": "YBK Jaiswal",
              "runs": {
                "batter": 4,
                "extras": 0,
                "total": 4
              }
            },
            {
              "batter": "N Rana",
              "bowler": "Mukesh Kumar",
              "non_striker": "YBK Jaiswal",
              "review": {
                "by": "Delhi Capitals",
                "umpire": "K Kelkar",
                "batter": "N Rana",
                "decision": "struck down",
                "type": "wicket"
              },
              "runs": {
                "batter": 0,
                "extras": 0,
                "total": 0
              }
            },
            {
              "batter": "N Rana",
              "bowler": "Mukesh Kumar",
              "non_striker": "YBK Jaiswal",
              "runs": {
                "batter": 1,
                "extras": 0,
                "total": 1
              }
            },
            {
              "batter": "YBK Jaiswal",
              "bowler": "Mukesh Kumar",
              "non_striker": "N Rana",
              "runs": {
                "batter": 1,
                "extras": 0,
                "total": 1
              }
            },
            {
              "batter": "N Rana",
              "bowler": "Mukesh Kumar",
              "non_striker": "YBK Jaiswal",
              "runs": {
                "batter": 1,
                "extras": 0,
                "total": 1
              }
            },
            {
              "batter": "YBK Jaiswal",
              "bowler": "Mukesh Kumar",
              "non_striker": "N Rana",
              "runs": {
                "batter": 0,
                "extras": 0,
                "total": 0
              }
            }
          ]
        },
        {
          "over": 13,
          "deliveries": [
            {
              "batter": "N Rana",
              "bowler": "Kuldeep Yadav",
              "non_striker": "YBK Jaiswal",
              "runs": {
                "batter": 1,
                "extras": 0,
                "total": 1
              }
            },
            {
              "batter": "YBK Jaiswal",
              "bowler": "Kuldeep Yadav",
              "non_striker": "N Rana",
              "runs": {
                "batter": 0,
                "extras": 0,
                "total": 0
              },
              "wickets": [
                {
                  "player_out": "YBK Jaiswal",
                  "fielders": [
                    {
                      "name": "MA Starc"
                    }
                  ],
                  "kind": "caught"
                }
              ]
            },
            {
              "batter": "Dhruv Jurel",
              "bowler": "Kuldeep Yadav",
              "non_striker": "N Rana",
              "runs": {
                "batter": 1,
                "extras": 0,
                "total": 1
              }
            },
            {
              "batter": "N Rana",
              "bowler": "Kuldeep Yadav",
              "non_striker": "Dhruv Jurel",
              "runs": {
                "batter": 1,
                "extras": 0,
                "total": 1
              }
            },
            {
              "batter": "Dhruv Jurel",
              "bowler": "Kuldeep Yadav",
              "non_striker": "N Rana",
              "runs": {
                "batter": 1,
                "extras": 0,
                "total": 1
              }
            },
            {
              "batter": "N Rana",
              "bowler": "Kuldeep Yadav",
              "non_striker": "Dhruv Jurel",
              "runs": {
                "batter": 1,
                "extras": 0,
                "total": 1
              }
            }
          ]
        },
        {
          "over": 14,
          "deliveries": [
            {
              "batter": "N Rana",
              "bowler": "AR Patel",
              "non_striker": "Dhruv Jurel",
              "runs": {
                "batter": 6,
                "extras": 0,
                "total": 6
              }
            },
            {
              "batter": "N Rana",
              "bowler": "AR Patel",
              "non_striker": "Dhruv Jurel",
              "runs": {
                "batter": 4,
                "extras": 0,
                "total": 4
              }
            },
            {
              "batter": "N Rana",
              "bowler": "AR Patel",
              "extras": {
                "byes": 1
              },
              "non_striker": "Dhruv Jurel",
              "runs": {
                "batter": 0,
                "extras": 1,
                "total": 1
              }
            },
            {
              "batter": "Dhruv Jurel",
              "bowler": "AR Patel",
              "non_striker": "N Rana",
              "runs": {
                "batter": 1,
                "extras": 0,
                "total": 1
              }
            },
            {
              "batter": "N Rana",
              "bowler": "AR Patel",
              "non_striker": "Dhruv Jurel",
              "runs": {
                "batter": 0,
                "extras": 0,
                "total": 0
              }
            },
            {
              "batter": "N Rana",
              "bowler": "AR Patel",
              "non_striker": "Dhruv Jurel",
              "runs": {
                "batter": 4,
                "extras": 0,
                "total": 4
              }
            }
          ]
        },
        {
          "over": 15,
          "deliveries": [
            {
              "batter": "Dhruv Jurel",
              "bowler": "Kuldeep Yadav",
              "non_striker": "N Rana",
              "runs": {
                "batter": 1,
                "extras": 0,
                "total": 1
              }
            },
            {
              "batter": "N Rana",
              "bowler": "Kuldeep Yadav",
              "non_striker": "Dhruv Jurel",
              "runs": {
                "batter": 6,
                "extras": 0,
                "total": 6
              }
            },
            {
              "batter": "N Rana",
              "bowler": "Kuldeep Yadav",
              "non_striker": "Dhruv Jurel",
              "runs": {
                "batter": 4,
                "extras": 0,
                "total": 4
              }
            },
            {
              "batter": "N Rana",
              "bowler": "Kuldeep Yadav",
              "non_striker": "Dhruv Jurel",
              "runs": {
                "batter": 1,
                "extras": 0,
                "total": 1
              }
            },
            {
              "batter": "Dhruv Jurel",
              "bowler": "Kuldeep Yadav",
              "non_striker": "N Rana",
              "review": {
                "by": "Rajasthan Royals",
                "umpire": "A Totre",
                "batter": "Dhruv Jurel",
                "decision": "upheld",
                "type": "wicket"
              },
              "runs": {
                "batter": 0,
                "extras": 0,
                "total": 0
              }
            },
            {
              "batter": "Dhruv Jurel",
              "bowler": "Kuldeep Yadav",
              "non_striker": "N Rana",
              "runs": {
                "batter": 1,
                "extras": 0,
                "total": 1
              }
            }
          ]
        },
        {
          "over": 16,
          "deliveries": [
            {
              "batter": "Dhruv Jurel",
              "bowler": "MM Sharma",
              "non_striker": "N Rana",
              "runs": {
                "batter": 1,
                "extras": 0,
                "total": 1
              }
            },
            {
              "batter": "N Rana",
              "bowler": "MM Sharma",
              "non_striker": "Dhruv Jurel",
              "runs": {
                "batter": 1,
                "extras": 0,
                "total": 1
              }
            },
            {
              "batter": "Dhruv Jurel",
              "bowler": "MM Sharma",
              "non_striker": "N Rana",
              "runs": {
                "batter": 6,
                "extras": 0,
                "total": 6
              }
            },
            {
              "batter": "Dhruv Jurel",
              "bowler": "MM Sharma",
              "non_striker": "N Rana",
              "runs": {
                "batter": 0,
                "extras": 0,
                "total": 0
              }
            },
            {
              "batter": "Dhruv Jurel",
              "bowler": "MM Sharma",
              "non_striker": "N Rana",
              "runs": {
                "batter": 1,
                "extras": 0,
                "total": 1
              }
            },
            {
              "batter": "N Rana",
              "bowler": "MM Sharma",
              "non_striker": "Dhruv Jurel",
              "runs": {
                "batter": 4,
                "extras": 0,
                "total": 4
              }
            }
          ]
        },
        {
          "over": 17,
          "deliveries": [
            {
              "batter": "Dhruv Jurel",
              "bowler": "MA Starc",
              "non_striker": "N Rana",
              "runs": {
                "batter": 1,
                "extras": 0,
                "total": 1
              }
            },
            {
              "batter": "N Rana",
              "bowler": "MA Starc",
              "non_striker": "Dhruv Jurel",
              "runs": {
                "batter": 1,
                "extras": 0,
                "total": 1
              }
            },
            {
              "batter": "Dhruv Jurel",
              "bowler": "MA Starc",
              "non_striker": "N Rana",
              "runs": {
                "batter": 1,
                "extras": 0,
                "total": 1
              }
            },
            {
              "batter": "N Rana",
              "bowler": "MA Starc",
              "non_striker": "Dhruv Jurel",
              "runs": {
                "batter": 0,
                "extras": 0,
                "total": 0
              },
              "wickets": [
                {
                  "player_out": "N Rana",
                  "kind": "lbw"
                }
              ]
            },
            {
              "batter": "SO Hetmyer",
              "bowler": "MA Starc",
              "non_striker": "Dhruv Jurel",
              "runs": {
                "batter": 4,
                "extras": 0,
                "total": 4
              }
            },
            {
              "batter": "SO Hetmyer",
              "bowler": "MA Starc",
              "non_striker": "Dhruv Jurel",
              "runs": {
                "batter": 1,
                "extras": 0,
                "total": 1
              }
            }
          ]
        },
        {
          "over": 18,
          "deliveries": [
            {
              "batter": "SO Hetmyer",
              "bowler": "MM Sharma",
              "extras": {
                "wides": 1
              },
              "non_striker": "Dhruv Jurel",
              "runs": {
                "batter": 0,
                "extras": 1,
                "total": 1
              }
            },
            {
              "batter": "SO Hetmyer",
              "bowler": "MM Sharma",
              "non_striker": "Dhruv Jurel",
              "runs": {
                "batter": 1,
                "extras": 0,
                "total": 1
              }
            },
            {
              "batter": "Dhruv Jurel",
              "bowler": "MM Sharma",
              "non_striker": "SO Hetmyer",
              "runs": {
                "batter": 2,
                "extras": 0,
                "total": 2
              }
            },
            {
              "batter": "Dhruv Jurel",
              "bowler": "MM Sharma",
              "non_striker": "SO Hetmyer",
              "runs": {
                "batter": 6,
                "extras": 0,
                "total": 6
              }
            },
            {
              "batter": "Dhruv Jurel",
              "bowler": "MM Sharma",
              "non_striker": "SO Hetmyer",
              "runs": {
                "batter": 1,
                "extras": 0,
                "total": 1
              }
            },
            {
              "batter": "SO Hetmyer",
              "bowler": "MM Sharma",
              "non_striker": "Dhruv Jurel",
              "runs": {
                "batter": 2,
                "extras": 0,
                "total": 2
              }
            },
            {
              "batter": "SO Hetmyer",
              "bowler": "MM Sharma",
              "non_striker": "Dhruv Jurel",
              "runs": {
                "batter": 1,
                "extras": 0,
                "total": 1
              }
            }
          ]
        },
        {
          "over": 19,
          "deliveries": [
            {
              "batter": "SO Hetmyer",
              "bowler": "MA Starc",
              "non_striker": "Dhruv Jurel",
              "runs": {
                "batter": 1,
                "extras": 0,
                "total": 1
              }
            },
            {
              "batter": "Dhruv Jurel",
              "bowler": "MA Starc",
              "non_striker": "SO Hetmyer",
              "runs": {
                "batter": 1,
                "extras": 0,
                "total": 1
              }
            },
            {
              "batter": "SO Hetmyer",
              "bowler": "MA Starc",
              "non_striker": "Dhruv Jurel",
              "runs": {
                "batter": 2,
                "extras": 0,
                "total": 2
              }
            },
            {
              "batter": "SO Hetmyer",
              "bowler": "MA Starc",
              "non_striker": "Dhruv Jurel",
              "runs": {
                "batter": 2,
                "extras": 0,
                "total": 2
              }
            },
            {
              "batter": "SO Hetmyer",
              "bowler": "MA Starc",
              "non_striker": "Dhruv Jurel",
              "runs": {
                "batter": 1,
                "extras": 0,
                "total": 1
              }
            },
            {
              "batter": "Dhruv Jurel",
              "bowler": "MA Starc",
              "non_striker": "SO Hetmyer",
              "runs": {
                "batter": 1,
                "extras": 0,
                "total": 1
              },
              "wickets": [
                {
                  "player_out": "Dhruv Jurel",
                  "fielders": [
                    {
                      "name": "KL Rahul"
                    },
                    {
                      "name": "AR Patel"
                    }
                  ],
                  "kind": "run out"
                }
              ]
            }
          ]
        }
      ],
      "powerplays": [
        {
          "from": 0.1,
          "to": 5.7,
          "type": "mandatory"
        }
      ],
      "target": {
        "overs": 20,
        "runs": 189
      }
    },
    {
      "team": "Rajasthan Royals",
      "overs": [
        {
          "over": 0,
          "deliveries": [
            {
              "batter": "SO Hetmyer",
              "bowler": "MA Starc",
              "non_striker": "R Parag",
              "runs": {
                "batter": 0,
                "extras": 0,
                "total": 0
              }
            },
            {
              "batter": "SO Hetmyer",
              "bowler": "MA Starc",
              "non_striker": "R Parag",
              "runs": {
                "batter": 4,
                "extras": 0,
                "total": 4
              }
            },
            {
              "batter": "SO Hetmyer",
              "bowler": "MA Starc",
              "non_striker": "R Parag",
              "runs": {
                "batter": 1,
                "extras": 0,
                "total": 1
              }
            },
            {
              "batter": "R Parag",
              "bowler": "MA Starc",
              "extras": {
                "noballs": 1
              },
              "non_striker": "SO Hetmyer",
              "runs": {
                "batter": 4,
                "extras": 1,
                "total": 5
              }
            },
            {
              "batter": "R Parag",
              "bowler": "MA Starc",
              "non_striker": "SO Hetmyer",
              "runs": {
                "batter": 0,
                "extras": 0,
                "total": 0
              },
              "wickets": [
                {
                  "player_out": "R Parag",
                  "fielders": [
                    {
                      "name": "KL Rahul"
                    }
                  ],
                  "kind": "run out"
                }
              ]
            },
            {
              "batter": "SO Hetmyer",
              "bowler": "MA Starc",
              "non_striker": "YBK Jaiswal",
              "runs": {
                "batter": 1,
                "extras": 0,
                "total": 1
              },
              "wickets": [
                {
                  "player_out": "YBK Jaiswal",
                  "fielders": [
                    {
                      "name": "J Fraser-McGurk"
                    }
                  ],
                  "kind": "run out"
                }
              ]
            }
          ]
        }
      ],
      "super_over": true
    },
    {
      "team": "Delhi Capitals",
      "overs": [
        {
          "over": 0,
          "deliveries": [
            {
              "batter": "KL Rahul",
              "bowler": "Sandeep Sharma",
              "non_striker": "T Stubbs",
              "replacements": {
                "match": [
                  {
                    "in": "SB Dubey",
                    "out": "M Theekshana",
                    "team": "Rajasthan Royals",
                    "reason": "impact_player"
                  }
                ]
              },
              "runs": {
                "batter": 2,
                "extras": 0,
                "total": 2
              }
            },
            {
              "batter": "KL Rahul",
              "bowler": "Sandeep Sharma",
              "non_striker": "T Stubbs",
              "runs": {
                "batter": 4,
                "extras": 0,
                "total": 4
              }
            },
            {
              "batter": "KL Rahul",
              "bowler": "Sandeep Sharma",
              "non_striker": "T Stubbs",
              "runs": {
                "batter": 1,
                "extras": 0,
                "total": 1
              }
            },
            {
              "batter": "T Stubbs",
              "bowler": "Sandeep Sharma",
              "non_striker": "KL Rahul",
              "runs": {
                "batter": 6,
                "extras": 0,
                "total": 6
              }
            }
          ]
        }
      ],
      "super_over": true
    }
  ]
}