{
  "meta": {
    "data_version": "1.1.0",
    "created": "2025-04-14",
    "revision": 1
  },
  "info": {
    "balls_per_over": 6,
    "city": "Lucknow",
    "dates": [
      "2025-04-12"
    ],
    "event": {
      "name": "Indian Premier League",
      "match_number": 26
    },
    "gender": "male",
    "match_type": "T20",
    "officials": {
      "match_referees": [
        "V Narayan Kutty"
      ],
      "reserve_umpires": [
        "AK Argal"
      ],
      "tv_umpires": [
        "MA Gough"
      ],
      "umpires": [
        "K Swaroopanand",
        "UV Gandhe"
      ]
    },
    "outcome": {
      "winner": "Lucknow Super Giants",
      "by": {
        "wickets": 6
      }
    },
    "overs": 20,
    "player_of_match": [
      "AK Markram"
    ],
    "players": {
      "Gujarat Titans": [
        "M Prasidh Krishna",
        "B Sai Sudharsan",
        "Shubman Gill",
        "JC Buttler",
        "Washington Sundar",
        "SE Rutherford",
        "M Shahrukh Khan",
        "R Tewatia",
        "Rashid Khan",
        "Arshad Khan",
        "R Sai Kishore",
        "Mohammed Siraj"
      ],
      "Lucknow Super Giants": [
        "DS Rathi",
        "AK Markram",
        "RR Pant",
        "N Pooran",
        "A Badoni",
        "DA Miller",
        "Abdul Samad",
        "Himmat Singh",
        "SN Thakur",
        "Akash Deep",
        "Avesh Khan",
        "Ravi Bishnoi"
      ]
    },
    "registry": {
      "people": {
        "A Badoni": "872b03f7",
        "AK Argal": "0ee78cf3",
        "AK Markram": "6a26221c",
        "Abdul Samad": "8e514b4c",
        "Akash Deep": "0a67aec0",
        "Arshad Khan": "12314277",
        "Avesh Khan": "eef2536f",
        "B Sai Sudharsan": "d5130a30",
        "DA Miller": "d67d5f00",
        "DS Rathi": "13fc5c6d",
        "Himmat Singh": "ebcfef83",
        "JC Buttler": "99b75528",
        "K Swaroopanand": "aa2a4962",
        "M Prasidh Krishna": "85e0cf10",
        "M Shahrukh Khan": "7dcb9bc9",
        "MA Gough": "76752ac8",
        "Mohammed Siraj": "2f49c897",
        "N Pooran": "3241e3fd",
        "R Sai Kishore": "c7a995d3",
        "R Tewatia": "39a2dfa8",
        "RR Pant": "919a3be2",
        "Rashid Khan": "5f547c8b",
        "Ravi Bishnoi": "df064e1a",
        "SE Rutherford": "d014d5ac",
        "SN Thakur": "1abb78f8",
        "Shubman Gill": "b4b99816",
        "UV Gandhe": "43dd4011",
        "V Narayan Kutty": "4bacee3d",
        "Washington Sundar": "f19ccfad"
      }
    },
    "season": "2025",
    "team_type": "club",
    "teams": [
      "Gujarat Titans",
      "Lucknow Super Giants"
    ],
    "toss": {
      "decision": "field",
      "winner": "Lucknow Super Giants"
    },
    "venue": "Bharat Ratna Shri Atal Bihari Vajpayee Ekana Cricket Stadium, Lucknow"
  },
  "innings": [
    {
      "team": "Gujarat Titans",
      "overs": [
        {
          "over": 0,
          "deliveries": [
            {
              "batter": "B Sai Sudharsan",
              "bowler": "SN Thakur",
              "non_striker": "Shubman Gill",
              "runs": {
                "batter": 4,
                "extras": 0,
                "total": 4
              }
            },
            {
              "batter": "B Sai Sudharsan",
              "bowler": "SN Thakur",
              "non_striker": "Shubman Gill",
              "runs": {
                "batter": 0,
                "extras": 0,
                "total": 0
              }
            },
            {
              "batter": "B Sai Sudharsan",
              "bowler": "SN Thakur",
              "non_striker": "Shubman Gill",
              "runs": {
                "batter": 1,
                "extras": 0,
                "total": 1
              }
            },
            {
              "batter": "Shubman Gill",
              "bowler": "SN Thakur",
              "non_striker": "B Sai Sudharsan",
              "runs": {
                "batter": 0,
                "extras": 0,
                "total": 0
              }
            },
            {
              "batter": "Shubman Gill",
              "bowler": "SN Thakur",
              "non_striker": "B Sai Sudharsan",
              "runs": {
                "batter": 1,
                "extras": 0,
                "total": 1
              }
            },
            {
              "batter": "B Sai Sudharsan",
              "bowler": "SN Thakur",
              "non_striker": "Shubman Gill",
              "runs": {
                "batter": 0,
                "extras": 0,
                "total": 0
              }
            }
          ]
        },
        {
          "over": 1,
          "deliveries": [
            {
              "batter": "Shubman Gill",
              "bowler": "Akash Deep",
              "non_striker": "B Sai Sudharsan",
              "runs": {
                "batter": 3,
                "extras": 0,
                "total": 3
              }
            },
            {
              "batter": "B Sai Sudharsan",
              "bowler": "Akash Deep",
              "non_striker": "Shubman Gill",
              "runs": {
                "batter": 4,
                "extras": 0,
                "total": 4
              }
            },
            {
              "batter": "B Sai Sudharsan",
              "bowler": "Akash Deep",
              "non_striker": "Shubman Gill",
              "runs": {
                "batter": 1,
                "extras": 0,
                "total": 1
              }
            },
            {
              "batter": "Shubman Gill",
              "bowler": "Akash Deep",
              "non_striker": "B Sai Sudharsan",
              "runs": {
                "batter": 4,
                "extras": 0,
                "total": 4
              }
            },
            {
              "batter": "Shubman Gill",
              "bowler": "Akash Deep",
              "non_striker": "B Sai Sudharsan",
              "runs": {
                "batter": 0,
                "extras": 0,
                "total": 0
              }
            },
            {
              "batter": "Shubman Gill",
              "bowler": "Akash Deep",
              "non_striker": "B Sai Sudharsan",
              "runs": {
                "batter": 1,
                "extras": 0,
                "total": 1
              }
            }
          ]
        },
        {
          "over": 2,
          "deliveries": [
            {
              "batter": "Shubman Gill",
              "bowler": "SN Thakur",
              "non_striker": "B Sai Sudharsan",
              "runs": {
                "batter": 1,
                "extras": 0,
                "total": 1
              }
            },
            {
              "batter": "B Sai Sudharsan",
              "bowler": "SN Thakur",
              "non_striker": "Shubman Gill",
              "runs": {
                "batter": 1,
                "extras": 0,
                "total": 1
              }
            },
            {
              "batter": "Shubman Gill",
              "bowler": "SN Thakur",
              "non_striker": "B Sai Sudharsan",
              "runs": {
                "batter": 0,
                "extras": 0,
                "total": 0
              }
            },
            {
              "batter": "Shubman Gill",
              "bowler": "SN Thakur",
              "non_striker": "B Sai Sudharsan",
              "runs": {
                "batter": 0,
                "extras": 0,
                "total": 0
              }
            },
            {
              "batter": "Shubman Gill",
              "bowler": "SN Thakur",
              "non_striker": "B Sai Sudharsan",
              "runs": {
                "batter": 4,
                "extras": 0,
                "total": 4
              }
            },
            {
              "batter": "Shubman Gill",
              "bowler": "SN Thakur",
              "non_striker": "B Sai Sudharsan",
              "runs": {
                "batter": 1,
                "extras": 0,
                "total": 1
              }
            }
          ]
        },
        {
          "over": 3,
          "deliveries": [
            {
              "batter": "Shubman Gill",
              "bowler": "DS Rathi",
              "non_striker": "B Sai Sudharsan",
              "runs": {
                "batter": 2,
                "extras": 0,
                "total": 2
              }
            },
            {
              "batter": "Shubman Gill",
              "bowler": "DS Rathi",
              "non_striker": "B Sai Sudharsan",
              "runs": {
                "batter": 1,
                "extras": 0,
                "total": 1
              }
            },
            {
              "batter": "B Sai Sudharsan",
              "bowler": "DS Rathi",
              "non_striker": "Shubman Gill",
              "runs": {
                "batter": 0,
                "extras": 0,
                "total": 0
              }
            },
            {
              "batter": "B Sai Sudharsan",
              "bowler": "DS Rathi",
              "non_striker": "Shubman Gill",
              "runs": {
                "batter": 1,
                "extras": 0,
                "total": 1
              }
            },
            {
              "batter": "Shubman Gill",
              "bowler": "DS Rathi",
              "non_striker": "B Sai Sudharsan",
              "runs": {
                "batter": 1,
                "extras": 0,
                "total": 1
              }
            },
            {
              "batter": "B Sai Sudharsan",
              "bowler": "DS Rathi",
              "non_striker": "Shubman Gill",
              "runs": {
                "batter": 4,
                "extras": 0,
                "total": 4
              }
            }
          ]
        },
        {
          "over": 4,
          "deliveries": [
            {
              "batter": "Shubman Gill",
              "bowler": "Akash Deep",
              "non_striker": "B Sai Sudharsan",
              "runs": {
                "batter": 4,
                "extras": 0,
                "total": 4
              }
            },
            {
              "batter": "Shubman Gill",
              "bowler": "Akash Deep",
              "non_striker": "B Sai Sudharsan",
              "runs": {
                "batter": 1,
                "extras": 0,
                "total": 1
              }
            },
            {
              "batter": "B Sai Sudharsan",
              "bowler": "Akash Deep",
              "non_striker": "Shubman Gill",
              "runs": {
                "batter": 1,
                "extras": 0,
                "total": 1
              }
            },
            {
              "batter": "Shubman Gill",
              "bowler": "Akash Deep",
              "extras": {
                "wides": 1
              },
              "non_striker": "B Sai Sudharsan",
              "runs": {
                "batter": 0,
                "extras": 1,
                "total": 1
              }
            },
            {
              "batter": "Shubman Gill",
              "bowler": "Akash Deep",
              "non_striker": "B Sai Sudharsan",
              "runs": {
                "batter": 0,
                "extras": 0,
                "total": 0
              }
            },
            {
              "batter": "Shubman Gill",
              "bowler": "Akash Deep",
              "non_striker": "B Sai Sudharsan",
              "runs": {
                "batter": 1,
                "extras": 0,
                "total": 1
              }
            },
            {
              "batter": "B Sai Sudharsan",
              "bowler": "Akash Deep",
              "non_striker": "Shubman Gill",
              "runs": {
                "batter": 1,
                "extras": 0,
                "total": 1
              }
            }
          ]
        },
        {
          "over": 5,
          "deliveries": [
            {
              "batter": "B Sai Sudharsan",
              "bowler": "Avesh Khan",
              "non_striker": "Shubman Gill",
              "runs": {
                "batter": 6,
                "extras": 0,
                "total": 6
              }
            },
            {
              "batter": "B Sai Sudharsan",
              "bowler": "Avesh Khan",
              "non_striker": "Shubman Gill",
              "runs": {
                "batter": 0,
                "extras": 0,
                "total": 0
              }
            },
            {
              "batter": "B Sai Sudharsan",
              "bowler": "Avesh Khan",
              "non_striker": "Shubman Gill",
              "runs": {
                "batter": 1,
                "extras": 0,
                "total": 1
              }
            },
            {
              "batter": "Shubman Gill",
              "bowler": "Avesh Khan",
              "non_striker": "B Sai Sudharsan",
              "runs": {
                "batter": 1,
                "extras": 0,
                "total": 1
              }
            },
            {
              "batter": "B Sai Sudharsan",
              "bowler": "Avesh Khan",
              "non_striker": "Shubman Gill",
              "runs": {
                "batter": 1,
                "extras": 0,
                "total": 1
              }
            },
            {
              "batter": "Shubman Gill",
              "bowler": "Avesh Khan",
              "non_striker": "B Sai Sudharsan",
              "runs": {
                "batter": 1,
                "extras": 0,
                "total": 1
              }
            }
          ]
        },
        {
          "over": 6,
          "deliveries": [
            {
              "batter": "Shubman Gill",
              "bowler": "Ravi Bishnoi",
              "non_striker": "B Sai Sudharsan",
              "runs": {
                "batter": 2,
                "extras": 0,
                "total": 2
              }
            },
            {
              "batter": "Shubman Gill",
              "bowler": "Ravi Bishnoi",
              "non_striker": "B Sai Sudharsan",
              "runs": {
                "batter": 4,
                "extras": 0,
                "total": 4
              }
            },
            {
              "batter": "Shubman Gill",
              "bowler": "Ravi Bishnoi",
              "non_striker": "B Sai Sudharsan",
              "runs": {
                "batter": 0,
                "extras": 0,
                "total": 0
              }
            },
            {
              "batter": "Shubman Gill",
              "bowler": "Ravi Bishnoi",
              "non_striker": "B Sai Sudharsan",
              "runs": {
                "batter": 1,
                "extras": 0,
                "total": 1
              }
            },
            {
              "batter": "B Sai Sudharsan",
              "bowler": "Ravi Bishnoi",
              "non_striker": "Shubman Gill",
              "runs": {
                "batter": 4,
                "extras": 0,
                "total": 4
              }
            },
            {
              "batter": "B Sai Sudharsan",
              "bowler": "Ravi Bishnoi",
              "extras": {
                "wides": 1
              },
              "non_striker": "Shubman Gill",
              "runs": {
                "batter": 0,
                "extras": 1,
                "total": 1
              }
            },
            {
              "batter": "B Sai Sudharsan",
              "bowler": "Ravi Bishnoi",
              "non_striker": "Shubman Gill",
              "review": {
                "by": "Lucknow Super Giants",
                "umpire": "K Swaroopanand",
                "batter": "B Sai Sudharsan",
                "decision": "struck down",
                "type": "wicket"
              },
              "runs": {
                "batter": 0,
                "extras": 0,
                "total": 0
              }
            }
          ]
        },
        {
          "over": 7,
          "deliveries": [
            {
              "batter": "Shubman Gill",
              "bowler": "AK Markram",
              "extras": {
                "wides": 1
              },
              "non_striker": "B Sai Sudharsan",
              "runs": {
                "batter": 0,
                "extras": 1,
                "total": 1
              }
            },
            {
              "batter": "Shubman Gill",
              "bowler": "AK Markram",
              "non_striker": "B Sai Sudharsan",
              "runs": {
                "batter": 4,
                "extras": 0,
                "total": 4
              }
            },
            {
              "batter": "Shubman Gill",
              "bowler": "AK Markram",
              "non_striker": "B Sai Sudharsan",
              "runs": {
                "batter": 1,
                "extras": 0,
                "total": 1
              }
            },
            {
              "batter": "B Sai Sudharsan",
              "bowler": "AK Markram",
              "non_striker": "Shubman Gill",
              "runs": {
                "batter": 1,
                "extras": 0,
                "total": 1
              }
            },
            {
              "batter": "Shubman Gill",
              "bowler": "AK Markram",
              "non_striker": "B Sai Sudharsan",
              "runs": {
                "batter": 6,
                "extras": 0,
                "total": 6
              }
            },
            {
              "batter": "Shubman Gill",
              "bowler": "AK Markram",
              "non_striker": "B Sai Sudharsan",
              "runs": {
                "batter": 1,
                "extras": 0,
                "total": 1
              }
            },
            {
              "batter": "B Sai Sudharsan",
              "bowler": "AK Markram",
              "non_striker": "Shubman Gill",
              "runs": {
                "batter": 1,
                "extras": 0,
                "total": 1
              }
            }
          ]
        },
        {
          "over": 8,
          "deliveries": [
            {
              "batter": "B Sai Sudharsan",
              "bowler": "DS Rathi",
              "non_striker": "Shubman Gill",
              "runs": {
                "batter": 1,
                "extras": 0,
                "total": 1
              }
            },
            {
              "batter": "Shubman Gill",
              "bowler": "DS Rathi",
              "non_striker": "B Sai Sudharsan",
              "runs": {
                "batter": 1,
                "extras": 0,
                "total": 1
              }
            },
            {
              "batter": "B Sai Sudharsan",
              "bowler": "DS Rathi",
              "non_striker": "Shubman Gill",
              "runs": {
                "batter": 1,
                "extras": 0,
                "total": 1
              }
            },
            {
              "batter": "Shubman Gill",
              "bowler": "DS Rathi",
              "non_striker": "B Sai Sudharsan",
              "runs": {
                "batter": 2,
                "extras": 0,
                "total": 2
              }
            },
            {
              "batter": "Shubman Gill",
              "bowler": "DS Rathi",
              "non_striker": "B Sai Sudharsan",
              "runs": {
                "batter": 1,
                "extras": 0,
                "total": 1
              }
            },
            {
              "batter": "B Sai Sudharsan",
              "bowler": "DS Rathi",
              "non_striker": "Shubman Gill",
              "runs": {
                "batter": 1,
                "extras": 0,
                "total": 1
              }
            }
          ]
        },
        {
          "over": 9,
          "deliveries": [
            {
              "batter": "B Sai Sudharsan",
              "bowler": "Ravi Bishnoi",
              "non_striker": "Shubman Gill",
              "runs": {
                "batter": 2,
                "extras": 0,
                "total": 2
              }
            },
            {
              "batter": "B Sai Sudharsan",
              "bowler": "Ravi Bishnoi",
              "non_striker": "Shubman Gill",
              "runs": {
                "batter": 4,
                "extras": 0,
                "total": 4
              }
            },
            {
              "batter": "B Sai Sudharsan",
              "bowler": "Ravi Bishnoi",
              "non_striker": "Shubman Gill",
              "runs": {
                "batter": 2,
                "extras": 0,
                "total": 2
              }
            },
            {
              "batter": "B Sai Sudharsan",
              "bowler": "Ravi Bishnoi",
              "extras": {
                "wides": 1
              },
              "non_striker": "Shubman Gill",
              "runs": {
                "batter": 0,
                "extras": 1,
                "total": 1
              }
            },
            {
              "batter": "B Sai Sudharsan",
              "bowler": "Ravi Bishnoi",
              "non_striker": "Shubman Gill",
              "runs": {
                "batter": 2,
                "extras": 0,
                "total": 2
              }
            },
            {
              "batter": "B Sai Sudharsan",
              "bowler": "Ravi Bishnoi",
              "extras": {
                "wides": 1
              },
              "non_striker": "Shubman Gill",
              "runs": {
                "batter": 0,
                "extras": 1,
                "total": 1
              }
            },
            {
              "batter": "B Sai Sudharsan",
              "bowler": "Ravi Bishnoi",
              "non_striker": "Shubman Gill",
              "runs": {
                "batter": 1,
                "extras": 0,
                "total": 1
              }
            },
            {
              "batter": "Shubman Gill",
              "bowler": "Ravi Bishnoi",
              "non_striker": "B Sai Sudharsan",
              "runs": {
                "batter": 2,
                "extras": 0,
                "total": 2
              }
            }
          ]
        },
        {
          "over": 10,
          "deliveries": [
            {
              "batter": "B Sai Sudharsan",
              "bowler": "DS Rathi",
              "non_striker": "Shubman Gill",
              "runs": {
                "batter": 0,
                "extras": 0,
                "total": 0
              }
            },
            {
              "batter": "B Sai Sudharsan",
              "bowler": "DS Rathi",
              "non_striker": "Shubman Gill",
              "runs": {
                "batter": 0,
                "extras": 0,
                "total": 0
              }
            },
            {
              "batter": "B Sai Sudharsan",
              "bowler": "DS Rathi",
              "non_striker": "Shubman Gill",
              "runs": {
                "batter": 1,
                "extras": 0,
                "total": 1
              }
            },
            {
              "batter": "Shubman Gill",
              "bowler": "DS Rathi",
              "non_striker": "B Sai Sudharsan",
              "runs": {
                "batter": 0,
                "extras": 0,
                "total": 0
              }
            },
            {
              "batter": "Shubman Gill",
              "bowler": "DS Rathi",
              "non_striker": "B Sai Sudharsan",
              "runs": {
                "batter": 1,
                "extras": 0,
                "total": 1
              }
            },
            {
              "batter": "B Sai Sudharsan",
              "bowler": "DS Rathi",
              "non_striker": "Shubman Gill",
              "runs": {
                "batter": 4,
                "extras": 0,
                "total": 4
              }
            }
          ]
        },
        {
          "over": 11,
          "deliveries": [
            {
              "batter": "Shubman Gill",
              "bowler": "Akash Deep",
              "non_striker": "B Sai Sudharsan",
              "runs": {
                "batter": 2,
                "extras": 0,
                "total": 2
              }
            },
            {
              "batter": "Shubman Gill",
              "bowler": "Akash Deep",
              "non_striker": "B Sai Sudharsan",
              "runs": {
                "batter": 4,
                "extras": 0,
                "total": 4
              }
            },
            {
              "batter": "Shubman Gill",
              "bowler": "Akash Deep",
              "non_striker": "B Sai Sudharsan",
              "runs": {
                "batter": 1,
                "extras": 0,
                "total": 1
              }
            },
            {
              "batter": "B Sai Sudharsan",
              "bowler": "Akash Deep",
              "non_striker": "Shubman Gill",
              "runs": {
                "batter": 0,
                "extras": 0,
                "total": 0
              }
            },
            {
              "batter": "B Sai Sudharsan",
              "bowler": "Akash Deep",
              "non_striker": "Shubman Gill",
              "runs": {
                "batter": 0,
                "extras": 0,
                "total": 0
              }
            },
            {
              "batter": "B Sai Sudharsan",
              "bowler": "Akash Deep",
              "non_striker": "Shubman Gill",
              "runs": {
                "batter": 4,
                "extras": 0,
                "total": 4
              }
            }
          ]
        },
        {
          "over": 12,
          "deliveries": [
            {
              "batter": "Shubman Gill",
              "bowler": "Avesh Khan",
              "non_striker": "B Sai Sudharsan",
              "runs": {
                "batter": 0,
                "extras": 0,
                "total": 0
              },
              "wickets": [
                {
                  "player_out": "Shubman Gill",
                  "fielders": [
                    {
                      "name": "AK Markram"
                    }
                  ],
                  "kind": "caught"
                }
              ]
            },
            {
              "batter": "JC Buttler",
              "bowler": "Avesh Khan",
              "non_striker": "B Sai Sudharsan",
              "runs": {
                "batter": 0,
                "extras": 0,
                "total": 0
              }
            },
            {
              "batter": "JC Buttler",
              "bowler": "Avesh Khan",
              "non_striker": "B Sai Sudharsan",
              "runs": {
                "batter": 1,
                "extras": 0,
                "total": 1
              }
            },
            {
              "batter": "B Sai Sudharsan",
              "bowler": "Avesh Khan",
              "non_striker": "JC Buttler",
              "runs": {
                "batter": 1,
                "extras": 0,
                "total": 1
              }
            },
            {
              "batter": "JC Buttler",
              "bowler": "Avesh Khan",
              "non_striker": "B Sai Sudharsan",
              "runs": {
                "batter": 0,
                "extras": 0,
                "total": 0
              }
            },
            {
              "batter": "JC Buttler",
              "bowler": "Avesh Khan",
              "non_striker": "B Sai Sudharsan",
              "runs": {
                "batter": 0,
                "extras": 0,
                "total": 0
              }
            }
          ]
        },
        {
          "over": 13,
          "deliveries": [
            {
              "batter": "B Sai Sudharsan",
              "bowler": "Ravi Bishnoi",
              "non_striker": "JC Buttler",
              "runs": {
                "batter": 0,
                "extras": 0,
                "total": 0
              },
              "wickets": [
                {
                  "player_out": "B Sai Sudharsan",
                  "fielders": [
                    {
                      "name": "N Pooran"
                    }
                  ],
                  "kind": "caught"
                }
              ]
            },
            {
              "batter": "Washington Sundar",
              "bowler": "Ravi Bishnoi",
              "non_striker": "JC Buttler",
              "runs": {
                "batter": 1,
                "extras": 0,
                "total": 1
              }
            },
            {
              "batter": "JC Buttler",
              "bowler": "Ravi Bishnoi",
              "non_striker": "Washington Sundar",
              "runs": {
                "batter": 1,
                "extras": 0,
                "total": 1
              }
            },
            {
              "batter": "Washington Sundar",
              "bowler": "Ravi Bishnoi",
              "non_striker": "JC Buttler",
              "runs": {
                "batter": 1,
                "extras": 0,
                "total": 1
              }
            },
            {
              "batter": "JC Buttler",
              "bowler": "Ravi Bishnoi",
              "non_striker": "Washington Sundar",
              "runs": {
                "batter": 1,
                "extras": 0,
                "total": 1
              }
            },
            {
              "batter": "Washington Sundar",
              "bowler": "Ravi Bishnoi",
              "extras": {
                "wides": 1
              },
              "non_striker": "JC Buttler",
              "runs": {
                "batter": 0,
                "extras": 1,
                "total": 1
              }
            },
            {
              "batter": "Washington Sundar",
              "bowler": "Ravi Bishnoi",
              "non_striker": "JC Buttler",
              "runs": {
                "batter": 0,
                "extras": 0,
                "total": 0
              },
              "wickets": [
                {
                  "player_out": "Washington Sundar",
                  "kind": "bowled"
                }
              ]
            }
          ]
        },
        {
          "over": 14,
          "deliveries": [
            {
              "batter": "JC Buttler",
              "bowler": "Avesh Khan",
              "non_striker": "SE Rutherford",
              "runs": {
                "batter": 1,
                "extras": 0,
                "total": 1
              }
            },
            {
              "batter": "SE Rutherford",
              "bowler": "Avesh Khan",
              "non_striker": "JC Buttler",
              "runs": {
                "batter": 1,
                "extras": 0,
                "total": 1
              }
            },
            {
              "batter": "JC Buttler",
              "bowler": "Avesh Khan",
              "non_striker": "SE Rutherford",
              "runs": {
                "batter": 4,
                "extras": 0,
                "total": 4
              }
            },
            {
              "batter": "JC Buttler",
              "bowler": "Avesh Khan",
              "non_striker": "SE Rutherford",
              "runs": {
                "batter": 1,
                "extras": 0,
                "total": 1
              }
            },
            {
              "batter": "SE Rutherford",
              "bowler": "Avesh Khan",
              "non_striker": "JC Buttler",
              "runs": {
                "batter": 0,
                "extras": 0,
                "total": 0
              }
            },
            {
              "batter": "SE Rutherford",
              "bowler": "Avesh Khan",
              "non_striker": "JC Buttler",
              "runs": {
                "batter": 1,
                "extras": 0,
                "total": 1
              }
            }
          ]
        },
        {
          "over": 15,
          "deliveries": [
            {
              "batter": "SE Rutherford",
              "bowler": "Ravi Bishnoi",
              "non_striker": "JC Buttler",
              "runs": {
                "batter": 0,
                "extras": 0,
                "total": 0
              }
            },
            {
              "batter": "SE Rutherford",
              "bowler": "Ravi Bishnoi",
              "non_striker": "JC Buttler",
              "runs": {
                "batter": 1,
                "extras": 0,
                "total": 1
              }
            },
            {
              "batter": "JC Buttler",
              "bowler": "Ravi Bishnoi",
              "non_striker": "SE Rutherford",
              "runs": {
                "batter": 1,
                "extras": 0,
                "total": 1
              }
            },
            {
              "batter": "SE Rutherford",
              "bowler": "Ravi Bishnoi",
              "non_striker": "JC Buttler",
              "runs": {
                "batter": 1,
                "extras": 0,
                "total": 1
              }
            },
            {
              "batter": "JC Buttler",
              "bowler": "Ravi Bishnoi",
              "non_striker": "SE Rutherford",
              "runs": {
                "batter": 1,
                "extras": 0,
                "total": 1
              }
            },
            {
              "batter": "SE Rutherford",
              "bowler": "Ravi Bishnoi",
              "non_striker": "JC Buttler",
              "runs": {
                "batter": 0,
                "extras": 0,
                "total": 0
              }
            }
          ]
        },
        {
          "over": 16,
          "deliveries": [
            {
              "batter": "JC Buttler",
              "bowler": "DS Rathi",
              "non_striker": "SE Rutherford",
              "runs": {
                "batter": 1,
                "extras": 0,
                "total": 1
              }
            },
            {
              "batter": "SE Rutherford",
              "bowler": "DS Rathi",
              "non_striker": "JC Buttler",
              "runs": {
                "batter": 1,
                "extras": 0,
                "total": 1
              }
            },
            {
              "batter": "JC Buttler",
              "bowler": "DS Rathi",
              "non_striker": "SE Rutherford",
              "runs": {
                "batter": 4,
                "extras": 0,
                "total": 4
              }
            },
            {
              "batter": "JC Buttler",
              "bowler": "DS Rathi",
              "non_striker": "SE Rutherford",
              "runs": {
                "batter": 0,
                "extras": 0,
                "total": 0
              },
              "wickets": [
                {
                  "player_out": "JC Buttler",
                  "fielders": [
                    {
                      "name": "SN Thakur"
                    }
                  ],
                  "kind": "caught"
                }
              ]
            },
            {
              "batter": "M Shahrukh Khan",
              "bowler": "DS Rathi",
              "non_striker": "SE Rutherford",
              "runs": {
                "batter": 1,
                "extras": 0,
                "total": 1
              }
            },
            {
              "batter": "SE Rutherford",
              "bowler": "DS Rathi",
              "non_striker": "M Shahrukh Khan",
              "runs": {
                "batter": 1,
                "extras": 0,
                "total": 1
              }
            }
          ]
        },
        {
          "over": 17,
          "deliveries": [
            {
              "batter": "SE Rutherford",
              "bowler": "SN Thakur",
              "non_striker": "M Shahrukh Khan",
              "runs": {
                "batter": 0,
                "extras": 0,
                "total": 0
              }
            },
            {
              "batter": "SE Rutherford",
              "bowler": "SN Thakur",
              "extras": {
                "wides": 1
              },
              "non_striker": "M Shahrukh Khan",
              "runs": {
                "batter": 0,
                "extras": 1,
                "total": 1
              }
            },
            {
              "batter": "SE Rutherford",
              "bowler": "SN Thakur",
              "non_striker": "M Shahrukh Khan",
              "runs": {
                "batter": 0,
                "extras": 0,
                "total": 0
              }
            },
            {
              "batter": "SE Rutherford",
              "bowler": "SN Thakur",
              "non_striker": "M Shahrukh Khan",
              "runs": {
                "batter": 1,
                "extras": 0,
                "total": 1
              }
            },
            {
              "batter": "M Shahrukh Khan",
              "bowler": "SN Thakur",
              "extras": {
                "wides": 1
              },
              "non_striker": "SE Rutherford",
              "runs": {
                "batter": 0,
                "extras": 1,
                "total": 1
              }
            },
            {
              "batter": "M Shahrukh Khan",
              "bowler": "SN Thakur",
              "non_striker": "SE Rutherford",
              "runs": {
                "batter": 1,
                "extras": 0,
                "total": 1
              }
            },
            {
              "batter": "SE Rutherford",
              "bowler": "SN Thakur",
              "extras": {
                "wides": 1
              },
              "non_striker": "M Shahrukh Khan",
              "runs": {
                "batter": 0,
                "extras": 1,
                "total": 1
              }
            },
            {
              "batter": "SE Rutherford",
              "bowler": "SN Thakur",
              "non_striker": "M Shahrukh Khan",
              "runs": {
                "batter": 4,
                "extras": 0,
                "total": 4
              }
            },
            {
              "batter": "SE Rutherford",
              "bowler": "SN Thakur",
              "non_striker": "M Shahrukh Khan",
              "runs": {
                "batter": 1,
                "extras": 0,
                "total": 1
              }
            }
          ]
        },
        {
          "over": 18,
          "deliveries": [
            {
              "batter": "SE Rutherford",
              "bowler": "Avesh Khan",
              "non_striker": "M Shahrukh Khan",
              "runs": {
                "batter": 4,
                "extras": 0,
                "total": 4
              }
            },
            {
              "batter": "SE Rutherford",
              "bowler": "Avesh Khan",
              "non_striker": "M Shahrukh Khan",
              "runs": {
                "batter": 4,
                "extras": 0,
                "total": 4
              }
            },
            {
              "batter": "SE Rutherford",
              "bowler": "Avesh Khan",
              "non_striker": "M Shahrukh Khan",
              "runs": {
                "batter": 1,
                "extras": 0,
                "total": 1
              }
            },
            {
              "batter": "M Shahrukh Khan",
              "bowler": "Avesh Khan",
              "non_striker": "SE Rutherford",
              "runs": {
                "batter": 1,
                "extras": 0,
                "total": 1
              }
            },
            {
              "batter": "SE Rutherford",
              "bowler": "Avesh Khan",
              "non_striker": "M Shahrukh Khan",
              "runs": {
                "batter": 1,
                "extras": 0,
                "total": 1
              }
            },
            {
              "batter": "M Shahrukh Khan",
              "bowler": "Avesh Khan",
              "non_striker": "SE Rutherford",
              "runs": {
                "batter": 1,
                "extras": 0,
                "total": 1
              }
            }
          ]
        },
        {
          "over": 19,
          "deliveries": [
            {
              "batter": "M Shahrukh Khan",
              "bowler": "SN Thakur",
              "non_striker": "SE Rutherford",
              "runs": {
                "batter": 6,
                "extras": 0,
                "total": 6
              }
            },
            {
              "batter": "M Shahrukh Khan",
              "bowler": "SN Thakur",
              "non_striker": "SE Rutherford",
              "runs": {
                "batter": 1,
                "extras": 0,
                "total": 1
              }
            },
            {
              "batter": "SE Rutherford",
              "bowler": "SN Thakur",
              "non_striker": "M Shahrukh Khan",
              "runs": {
                "batter": 0,
                "extras": 0,
                "total": 0
              },
              "wickets": [
                {
                  "player_out": "SE Rutherford",
                  "kind": "lbw"
                }
              ]
            },
            {
              "batter": "R Tewatia",
              "bowler": "SN Thakur",
              "non_striker": "M Shahrukh Khan",
              "runs": {
                "batter": 0,
                "extras": 0,
                "total": 0
              },
              "wickets": [
                {
                  "player_out": "R Tewatia",
                  "fielders": [
                    {
                      "name": "AK Markram"
                    }
                  ],
                  "kind": "caught"
                }
              ]
            },
            {
              "batter": "Rashid Khan",
              "bowler": "SN Thakur",
              "non_striker": "M Shahrukh Khan",
              "runs": {
                "batter": 2,
                "extras": 0,
                "total": 2
              }
            },
            {
              "batter": "Rashid Khan",
              "bowler": "SN Thakur",
              "non_striker": "M Shahrukh Khan",
              "runs": {
                "batter": 2,
                "extras": 0,
                "total": 2
              }
            }
          ]
        }
      ],
      "powerplays": [
        {
          "from": 0.1,
          "to": 5.6,
          "type": "mandatory"
        }
      ]
    },
    {
      "team": "Lucknow Super Giants",
      "overs": [
        {
          "over": 0,
          "deliveries": [
            {
              "batter": "AK Markram",
              "bowler": "Mohammed Siraj",
              "non_striker": "RR Pant",
              "replacements": {
                "match": [
                  {
                    "in": "M Prasidh Krishna",
                    "out": "SE Rutherford",
                    "team": "Gujarat Titans",
                    "reason": "impact_player"
                  }
                ]
              },
              "runs": {
                "batter": 1,
                "extras": 0,
                "total": 1
              }
            },
            {
              "batter": "RR Pant",
              "bowler": "Mohammed Siraj",
              "non_striker": "AK Markram",
              "runs": {
                "batter": 0,
                "extras": 0,
                "total": 0
              }
            },
            {
              "batter": "RR Pant",
              "bowler": "Mohammed Siraj",
              "non_striker": "AK Markram",
              "runs": {
                "batter": 1,
                "extras": 0,
                "total": 1
              }
            },
            {
              "batter": "AK Markram",
              "bowler": "Mohammed Siraj",
              "non_striker": "RR Pant",
              "runs": {
                "batter": 0,
                "extras": 0,
                "total": 0
              }
            },
            {
              "batter": "AK Markram",
              "bowler": "Mohammed Siraj",
              "non_striker": "RR Pant",
              "runs": {
                "batter": 0,
                "extras": 0,
                "total": 0
              }
            },
            {
              "batter": "AK Markram",
              "bowler": "Mohammed Siraj",
              "non_striker": "RR Pant",
              "runs": {
                "batter": 4,
                "extras": 0,
                "total": 4
              }
            }
          ]
        },
        {
          "over": 1,
          "deliveries": [
            {
              "batter": "RR Pant",
              "bowler": "Arshad Khan",
              "non_striker": "AK Markram",
              "runs": {
                "batter": 1,
                "extras": 0,
                "total": 1
              }
            },
            {
              "batter": "AK Markram",
              "bowler": "Arshad Khan",
              "non_striker": "RR Pant",
              "runs": {
                "batter": 1,
                "extras": 0,
                "total": 1
              }
            },
            {
              "batter": "RR Pant",
              "bowler": "Arshad Khan",
              "non_striker": "AK Markram",
              "runs": {
                "batter": 0,
                "extras": 0,
                "total": 0
              }
            },
            {
              "batter": "RR Pant",
              "bowler": "Arshad Khan",
              "non_striker": "AK Markram",
              "runs": {
                "batter": 0,
                "extras": 0,
                "total": 0
              }
            },
            {
              "batter": "RR Pant",
              "bowler": "Arshad Khan",
              "non_striker": "AK Markram",
              "runs": {
                "batter": 0,
                "extras": 0,
                "total": 0
              }
            },
            {
              "batter": "RR Pant",
              "bowler": "Arshad Khan",
              "non_striker": "AK Markram",
              "runs": {
                "batter": 0,
                "extras": 0,
                "total": 0
              }
            }
          ]
        },
        {
          "over": 2,
          "deliveries": [
            {
              "batter": "AK Markram",
              "bowler": "Mohammed Siraj",
              "non_striker": "RR Pant",
              "runs": {
                "batter": 4,
                "extras": 0,
                "total": 4
              }
            },
            {
              "batter": "AK Markram",
              "bowler": "Mohammed Siraj",
              "non_striker": "RR Pant",
              "runs": {
                "batter": 2,
                "extras": 0,
                "total": 2
              }
            },
            {
              "batter": "AK Markram",
              "bowler": "Mohammed Siraj",
              "non_striker": "RR Pant",
              "runs": {
                "batter": 4,
                "extras": 0,
                "total": 4
              }
            },
            {
              "batter": "AK Markram",
              "bowler": "Mohammed Siraj",
              "non_striker": "RR Pant",
              "runs": {
                "batter": 1,
                "extras": 0,
                "total": 1
              }
            },
            {
              "batter": "RR Pant",
              "bowler": "Mohammed Siraj",
              "extras": {
                "wides": 5
              },
              "non_striker": "AK Markram",
              "runs": {
                "batter": 0,
                "extras": 5,
                "total": 5
              }
            },
            {
              "batter": "RR Pant",
              "bowler": "Mohammed Siraj",
              "non_striker": "AK Markram",
              "runs": {
                "batter": 4,
                "extras": 0,
                "total": 4
              }
            },
            {
              "batter": "RR Pant",
              "bowler": "Mohammed Siraj",
              "non_striker": "AK Markram",
              "runs": {
                "batter": 0,
                "extras": 0,
                "total": 0
              }
            }
          ]
        },
        {
          "over": 3,
          "deliveries": [
            {
              "batter": "AK Markram",
              "bowler": "Arshad Khan",
              "non_striker": "RR Pant",
              "runs": {
                "batter": 0,
                "extras": 0,
                "total": 0
              }
            },
            {
              "batter": "AK Markram",
              "bowler": "Arshad Khan",
              "non_striker": "RR Pant",
              "runs": {
                "batter": 0,
                "extras": 0,
                "total": 0
              }
            },
            {
              "batter": "AK Markram",
              "bowler": "Arshad Khan",
              "non_striker": "RR Pant",
              "runs": {
                "batter": 4,
                "extras": 0,
                "total": 4
              }
            },
            {
              "batter": "AK Markram",
              "bowler": "Arshad Khan",
              "non_striker": "RR Pant",
              "runs": {
                "batter": 1,
                "extras": 0,
                "total": 1
              }
            },
            {
              "batter": "RR Pant",
              "bowler": "Arshad Khan",
              "non_striker": "AK Markram",
              "runs": {
                "batter": 4,
                "extras": 0,
                "total": 4
              }
            },
            {
              "batter": "RR Pant",
              "bowler": "Arshad Khan",
              "non_striker": "AK Markram",
              "runs": {
                "batter": 0,
                "extras": 0,
                "total": 0
              }
            }
          ]
        },
        {
          "over": 4,
          "deliveries": [
            {
              "batter": "AK Markram",
              "bowler": "M Prasidh Krishna",
              "non_striker": "RR Pant",
              "runs": {
                "batter": 6,
                "extras": 0,
                "total": 6
              }
            },
            {
              "batter": "AK Markram",
              "bowler": "M Prasidh Krishna",
              "non_striker": "RR Pant",
              "runs": {
                "batter": 0,
                "extras": 0,
                "total": 0
              }
            },
            {
              "batter": "AK Markram",
              "bowler": "M Prasidh Krishna",
              "non_striker": "RR Pant",
              "runs": {
                "batter": 4,
                "extras": 0,
                "total": 4
              }
            },
            {
              "batter": "AK Markram",
              "bowler": "M Prasidh Krishna",
              "non_striker": "RR Pant",
              "runs": {
                "batter": 1,
                "extras": 0,
                "total": 1
              }
            },
            {
              "batter": "RR Pant",
              "bowler": "M Prasidh Krishna",
              "non_striker": "AK Markram",
              "runs": {
                "batter": 1,
                "extras": 0,
                "total": 1
              }
            },
            {
              "batter": "AK Markram",
              "bowler": "M Prasidh Krishna",
              "non_striker": "RR Pant",
              "runs": {
                "batter": 0,
                "extras": 0,
                "total": 0
              }
            }
          ]
        },
        {
          "over": 5,
          "deliveries": [
            {
              "batter": "RR Pant",
              "bowler": "Rashid Khan",
              "extras": {
                "wides": 1
              },
              "non_striker": "AK Markram",
              "runs": {
                "batter": 0,
                "extras": 1,
                "total": 1
              }
            },
            {
              "batter": "RR Pant",
              "bowler": "Rashid Khan",
              "non_striker": "AK Markram",
              "runs": {
                "batter": 1,
                "extras": 0,
                "total": 1
              }
            },
            {
              "batter": "AK Markram",
              "bowler": "Rashid Khan",
              "non_striker": "RR Pant",
              "runs": {
                "batter": 4,
                "extras": 0,
                "total": 4
              }
            },
            {
              "batter": "AK Markram",
              "bowler": "Rashid Khan",
              "non_striker": "RR Pant",
              "runs": {
                "batter": 1,
                "extras": 0,
                "total": 1
              }
            },
            {
              "batter": "RR Pant",
              "bowler": "Rashid Khan",
              "non_striker": "AK Markram",
              "runs": {
                "batter": 0,
                "extras": 0,
                "total": 0
              }
            },
            {
              "batter": "RR Pant",
              "bowler": "Rashid Khan",
              "non_striker": "AK Markram",
              "runs": {
                "batter": 4,
                "extras": 0,
                "total": 4
              }
            },
            {
              "batter": "RR Pant",
              "bowler": "Rashid Khan",
              "non_striker": "AK Markram",
              "runs": {
                "batter": 1,
                "extras": 0,
                "total": 1
              }
            }
          ]
        },
        {
          "over": 6,
          "deliveries": [
            {
              "batter": "RR Pant",
              "bowler": "M Prasidh Krishna",
              "non_striker": "AK Markram",
              "runs": {
                "batter": 4,
                "extras": 0,
                "total": 4
              }
            },
            {
              "batter": "RR Pant",
              "bowler": "M Prasidh Krishna",
              "non_striker": "AK Markram",
              "runs": {
                "batter": 0,
                "extras": 0,
                "total": 0
              },
              "wickets": [
                {
                  "player_out": "RR Pant",
                  "fielders": [
                    {
                      "name": "Washington Sundar"
                    }
                  ],
                  "kind": "caught"
                }
              ]
            },
            {
              "batter": "N Pooran",
              "bowler": "M Prasidh Krishna",
              "non_striker": "AK Markram",
              "runs": {
                "batter": 0,
                "extras": 0,
                "total": 0
              }
            },
            {
              "batter": "N Pooran",
              "bowler": "M Prasidh Krishna",
              "non_striker": "AK Markram",
              "runs": {
                "batter": 1,
                "extras": 0,
                "total": 1
              }
            },
            {
              "batter": "AK Markram",
              "bowler": "M Prasidh Krishna",
              "non_striker": "N Pooran",
              "runs": {
                "batter": 1,
                "extras": 0,
                "total": 1
              }
            },
            {
              "batter": "N Pooran",
              "bowler": "M Prasidh Krishna",
              "non_striker": "AK Markram",
              "runs": {
                "batter": 0,
                "extras": 0,
                "total": 0
              }
            }
          ]
        },
        {
          "over": 7,
          "deliveries": [
            {
              "batter": "AK Markram",
              "bowler": "Rashid Khan",
              "non_striker": "N Pooran",
              "runs": {
                "batter": 1,
                "extras": 0,
                "total": 1
              }
            },
            {
              "batter": "N Pooran",
              "bowler": "Rashid Khan",
              "non_striker": "AK Markram",
              "runs": {
                "batter": 0,
                "extras": 0,
                "total": 0
              }
            },
            {
              "batter": "N Pooran",
              "bowler": "Rashid Khan",
              "non_striker": "AK Markram",
              "runs": {
                "batter": 6,
                "extras": 0,
                "total": 6
              }
            },
            {
              "batter": "N Pooran",
              "bowler": "Rashid Khan",
              "non_striker": "AK Markram",
              "runs": {
                "batter": 0,
                "extras": 0,
                "total": 0
              }
            },
            {
              "batter": "N Pooran",
              "bowler": "Rashid Khan",
              "non_striker": "AK Markram",
              "runs": {
                "batter": 2,
                "extras": 0,
                "total": 2
              }
            },
            {
              "batter": "N Pooran",
              "bowler": "Rashid Khan",
              "non_striker": "AK Markram",
              "runs": {
                "batter": 2,
                "extras": 0,
                "total": 2
              }
            }
          ]
        },
        {
          "over": 8,
          "deliveries": [
            {
              "batter": "AK Markram",
              "bowler": "Washington Sundar",
              "non_striker": "N Pooran",
              "runs": {
                "batter": 4,
                "extras": 0,
                "total": 4
              }
            },
            {
              "batter": "AK Markram",
              "bowler": "Washington Sundar",
              "non_striker": "N Pooran",
              "runs": {
                "batter": 1,
                "extras": 0,
                "total": 1
              }
            },
            {
              "batter": "N Pooran",
              "bowler": "Washington Sundar",
              "non_striker": "AK Markram",
              "runs": {
                "batter": 0,
                "extras": 0,
                "total": 0
              }
            },
            {
              "batter": "N Pooran",
              "bowler": "Washington Sundar",
              "non_striker": "AK Markram",
              "runs": {
                "batter": 6,
                "extras": 0,
                "total": 6
              }
            },
            {
              "batter": "N Pooran",
              "bowler": "Washington Sundar",
              "non_striker": "AK Markram",
              "runs": {
                "batter": 0,
                "extras": 0,
                "total": 0
              }
            },
            {
              "batter": "N Pooran",
              "bowler": "Washington Sundar",
              "non_striker": "AK Markram",
              "runs": {
                "batter": 1,
                "extras": 0,
                "total": 1
              }
            }
          ]
        },
        {
          "over": 9,
          "deliveries": [
            {
              "batter": "N Pooran",
              "bowler": "R Sai Kishore",
              "non_striker": "AK Markram",
              "runs": {
                "batter": 6,
                "extras": 0,
                "total": 6
              }
            },
            {
              "batter": "N Pooran",
              "bowler": "R Sai Kishore",
              "non_striker": "AK Markram",
              "runs": {
                "batter": 1,
                "extras": 0,
                "total": 1
              }
            },
            {
              "batter": "AK Markram",
              "bowler": "R Sai Kishore",
              "non_striker": "N Pooran",
              "runs": {
                "batter": 4,
                "extras": 0,
                "total": 4
              }
            },
            {
              "batter": "AK Markram",
              "bowler": "R Sai Kishore",
              "non_striker": "N Pooran",
              "runs": {
                "batter": 1,
                "extras": 0,
                "total": 1
              }
            },
            {
              "batter": "N Pooran",
              "bowler": "R Sai Kishore",
              "non_striker": "AK Markram",
              "runs": {
                "batter": 6,
                "extras": 0,
                "total": 6
              }
            },
            {
              "batter": "N Pooran",
              "bowler": "R Sai Kishore",
              "non_striker": "AK Markram",
              "runs": {
                "batter": 6,
                "extras": 0,
                "total": 6
              }
            }
          ]
        },
        {
          "over": 10,
          "deliveries": [
            {
              "batter": "AK Markram",
              "bowler": "Mohammed Siraj",
              "non_striker": "N Pooran",
              "runs": {
                "batter": 1,
                "extras": 0,
                "total": 1
              }
            },
            {
              "batter": "N Pooran",
              "bowler": "Mohammed Siraj",
              "non_striker": "AK Markram",
              "runs": {
                "batter": 1,
                "extras": 0,
                "total": 1
              }
            },
            {
              "batter": "AK Markram",
              "bowler": "Mohammed Siraj",
              "non_striker": "N Pooran",
              "runs": {
                "batter": 4,
                "extras": 0,
                "total": 4
              }
            },
            {
              "batter": "AK Markram",
              "bowler": "Mohammed Siraj",
              "non_striker": "N Pooran",
              "runs": {
                "batter": 2,
                "extras": 0,
                "total": 2
              }
            },
            {
              "batter": "AK Markram",
              "bowler": "Mohammed Siraj",
              "non_striker": "N Pooran",
              "runs": {
                "batter": 1,
                "extras": 0,
                "total": 1
              }
            },
            {
              "batter": "N Pooran",
              "bowler": "Mohammed Siraj",
              "non_striker": "AK Markram",
              "runs": {
                "batter": 0,
                "extras": 0,
                "total": 0
              }
            }
          ]
        },
        {
          "over": 11,
          "deliveries": [
            {
              "batter": "AK Markram",
              "bowler": "M Prasidh Krishna",
              "non_striker": "N Pooran",
              "runs": {
                "batter": 0,
                "extras": 0,
                "total": 0
              },
              "wickets": [
                {
                  "player_out": "AK Markram",
                  "fielders": [
                    {
                      "name": "Shubman Gill"
                    }
                  ],
                  "kind": "caught"
                }
              ]
            },
            {
              "batter": "A Badoni",
              "bowler": "M Prasidh Krishna",
              "non_striker": "N Pooran",
              "replacements": {
                "match": [
                  {
                    "in": "A Badoni",
                    "out": "DS Rathi",
                    "team": "Lucknow Super Giants",
                    "reason": "impact_player"
                  }
                ]
              },
              "runs": {
                "batter": 1,
                "extras": 0,
                "total": 1
              }
            },
            {
              "batter": "N Pooran",
              "bowler": "M Prasidh Krishna",
              "non_striker": "A Badoni",
              "runs": {
                "batter": 0,
                "extras": 0,
                "total": 0
              }
            },
            {
              "batter": "N Pooran",
              "bowler": "M Prasidh Krishna",
              "non_striker": "A Badoni",
              "runs": {
                "batter": 1,
                "extras": 0,
                "total": 1
              }
            },
            {
              "batter": "A Badoni",
              "bowler": "M Prasidh Krishna",
              "non_striker": "N Pooran",
              "runs": {
                "batter": 0,
                "extras": 0,
                "total": 0
              }
            },
            {
              "batter": "A Badoni",
              "bowler": "M Prasidh Krishna",
              "non_striker": "N Pooran",
              "runs": {
                "batter": 0,
                "extras": 0,
                "total": 0
              }
            }
          ]
        },
        {
          "over": 12,
          "deliveries": [
            {
              "batter": "N Pooran",
              "bowler": "Mohammed Siraj",
              "non_striker": "A Badoni",
              "runs": {
                "batter": 6,
                "extras": 0,
                "total": 6
              }
            },
            {
              "batter": "N Pooran",
              "bowler": "Mohammed Siraj",
              "non_striker": "A Badoni",
              "runs": {
                "batter": 1,
                "extras": 0,
                "total": 1
              }
            },
            {
              "batter": "A Badoni",
              "bowler": "Mohammed Siraj",
              "non_striker": "N Pooran",
              "runs": {
                "batter": 1,
                "extras": 0,
                "total": 1
              }
            },
            {
              "batter": "N Pooran",
              "bowler": "Mohammed Siraj",
              "non_striker": "A Badoni",
              "runs": {
                "batter": 4,
                "extras": 0,
                "total": 4
              }
            },
            {
              "batter": "N Pooran",
              "bowler": "Mohammed Siraj",
              "non_striker": "A Badoni",
              "runs": {
                "batter": 1,
                "extras": 0,
                "total": 1
              }
            },
            {
              "batter": "A Badoni",
              "bowler": "Mohammed Siraj",
              "non_striker": "N Pooran",
              "runs": {
                "batter": 2,
                "extras": 0,
                "total": 2
              }
            }
          ]
        },
        {
          "over": 13,
          "deliveries": [
            {
              "batter": "N Pooran",
              "bowler": "M Prasidh Krishna",
              "non_striker": "A Badoni",
              "runs": {
                "batter": 1,
                "extras": 0,
                "total": 1
              }
            },
            {
              "batter": "A Badoni",
              "bowler": "M Prasidh Krishna",
              "non_striker": "N Pooran",
              "runs": {
                "batter": 0,
                "extras": 0,
                "total": 0
              }
            },
            {
              "batter": "A Badoni",
              "bowler": "M Prasidh Krishna",
              "non_striker": "N Pooran",
              "runs": {
                "batter": 1,
                "extras": 0,
                "total": 1
              }
            },
            {
              "batter": "N Pooran",
              "bowler": "M Prasidh Krishna",
              "non_striker": "A Badoni",
              "runs": {
                "batter": 1,
                "extras": 0,
                "total": 1
              }
            },
            {
              "batter": "A Badoni",
              "bowler": "M Prasidh Krishna",
              "extras": {
                "wides": 2
              },
              "non_striker": "N Pooran",
              "runs": {
                "batter": 0,
                "extras": 2,
                "total": 2
              }
            },
            {
              "batter": "N Pooran",
              "bowler": "M Prasidh Krishna",
              "non_striker": "A Badoni",
              "runs": {
                "batter": 0,
                "extras": 0,
                "total": 0
              }
            },
            {
              "batter": "N Pooran",
              "bowler": "M Prasidh Krishna",
              "non_striker": "A Badoni",
              "runs": {
                "batter": 1,
                "extras": 0,
                "total": 1
              }
            }
          ]
        },
        {
          "over": 14,
          "deliveries": [
            {
              "batter": "N Pooran",
              "bowler": "Washington Sundar",
              "non_striker": "A Badoni",
              "runs": {
                "batter": 1,
                "extras": 0,
                "total": 1
              }
            },
            {
              "batter": "A Badoni",
              "bowler": "Washington Sundar",
              "non_striker": "N Pooran",
              "runs": {
                "batter": 1,
                "extras": 0,
                "total": 1
              }
            },
            {
              "batter": "N Pooran",
              "bowler": "Washington Sundar",
              "non_striker": "A Badoni",
              "runs": {
                "batter": 0,
                "extras": 0,
                "total": 0
              }
            },
            {
              "batter": "N Pooran",
              "bowler": "Washington Sundar",
              "non_striker": "A Badoni",
              "runs": {
                "batter": 0,
                "extras": 0,
                "total": 0
              }
            },
            {
              "batter": "N Pooran",
              "bowler": "Washington Sundar",
              "non_striker": "A Badoni",
              "runs": {
                "batter": 6,
                "extras": 0,
                "total": 6
              }
            },
            {
              "batter": "N Pooran",
              "bowler": "Washington Sundar",
              "non_striker": "A Badoni",
              "runs": {
                "batter": 0,
                "extras": 0,
                "total": 0
              }
            }
          ]
        },
        {
          "over": 15,
          "deliveries": [
            {
              "batter": "A Badoni",
              "bowler": "Rashid Khan",
              "non_striker": "N Pooran",
              "runs": {
                "batter": 1,
                "extras": 0,
                "total": 1
              }
            },
            {
              "batter": "N Pooran",
              "bowler": "Rashid Khan",
              "non_striker": "A Badoni",
              "runs": {
                "batter": 0,
                "extras": 0,
                "total": 0
              },
              "wickets": [
                {
                  "player_out": "N Pooran",
                  "fielders": [
                    {
                      "name": "M Shahrukh Khan"
                    }
                  ],
                  "kind": "caught"
                }
              ]
            },
            {
              "batter": "DA Miller",
              "bowler": "Rashid Khan",
              "non_striker": "A Badoni",
              "runs": {
                "batter": 1,
                "extras": 0,
                "total": 1
              }
            },
            {
              "batter": "A Badoni",
              "bowler": "Rashid Khan",
              "non_striker": "DA Miller",
              "runs": {
                "batter": 1,
                "extras": 0,
                "total": 1
              }
            },
            {
              "batter": "DA Miller",
              "bowler": "Rashid Khan",
              "non_striker": "A Badoni",
              "runs": {
                "batter": 0,
                "extras": 0,
                "total": 0
              }
            },
            {
              "batter": "DA Miller",
              "bowler": "Rashid Khan",
              "non_striker": "A Badoni",
              "runs": {
                "batter": 0,
                "extras": 0,
                "total": 0
              }
            }
          ]
        },
        {
          "over": 16,
          "deliveries": [
            {
              "batter": "A Badoni",
              "bowler": "Washington Sundar",
              "non_striker": "DA Miller",
              "runs": {
                "batter": 0,
                "extras": 0,
                "total": 0
              }
            },
            {
              "batter": "A Badoni",
              "bowler": "Washington Sundar",
              "non_striker": "DA Miller",
              "runs": {
                "batter": 1,
                "extras": 0,
                "total": 1
              }
            },
            {
              "batter": "DA Miller",
              "bowler": "Washington Sundar",
              "non_striker": "A Badoni",
              "runs": {
                "batter": 2,
                "extras": 0,
                "total": 2
              }
            },
            {
              "batter": "DA Miller",
              "bowler": "Washington Sundar",
              "extras": {
                "byes": 1
              },
              "non_striker": "A Badoni",
              "runs": {
                "batter": 0,
                "extras": 1,
                "total": 1
              }
            },
            {
              "batter": "A Badoni",
              "bowler": "Washington Sundar",
              "non_striker": "DA Miller",
              "runs": {
                "batter": 1,
                "extras": 0,
                "total": 1
              }
            },
            {
              "batter": "DA Miller",
              "bowler": "Washington Sundar",
              "non_striker": "A Badoni",
              "runs": {
                "batter": 1,
                "extras": 0,
                "total": 1
              }
            }
          ]
        },
        {
          "over": 17,
          "deliveries": [
            {
              "batter": "DA Miller",
              "bowler": "Rashid Khan",
              "non_striker": "A Badoni",
              "runs": {
                "batter": 1,
                "extras": 0,
                "total": 1
              }
            },
            {
              "batter": "A Badoni",
              "bowler": "Rashid Khan",
              "non_striker": "DA Miller",
              "runs": {
                "batter": 0,
                "extras": 0,
                "total": 0
              }
            },
            {
              "batter": "A Badoni",
              "bowler": "Rashid Khan",
              "non_striker": "DA Miller",
              "runs": {
                "batter": 4,
                "extras": 0,
                "total": 4
              }
            },
            {
              "batter": "A Badoni",
              "bowler": "Rashid Khan",
              "non_striker": "DA Miller",
              "runs": {
                "batter": 2,
                "extras": 0,
                "total": 2
              }
            },
            {
              "batter": "A Badoni",
              "bowler": "Rashid Khan",
              "non_striker": "DA Miller",
              "runs": {
                "batter": 1,
                "extras": 0,
                "total": 1
              }
            },
            {
              "batter": "DA Miller",
              "bowler": "Rashid Khan",
              "non_striker": "A Badoni",
              "runs": {
                "batter": 1,
                "extras": 0,
                "total": 1
              }
            }
          ]
        },
        {
          "over": 18,
          "deliveries": [
            {
              "batter": "DA Miller",
              "bowler": "Washington Sundar",
              "non_striker": "A Badoni",
              "runs": {
                "batter": 0,
                "extras": 0,
                "total": 0
              }
            },
            {
              "batter": "DA Miller",
              "bowler": "Washington Sundar",
              "non_striker": "A Badoni",
              "runs": {
                "batter": 1,
                "extras": 0,
                "total": 1
              }
            },
            {
              "batter": "A Badoni",
              "bowler": "Washington Sundar",
              "non_striker": "DA Miller",
              "runs": {
                "batter": 1,
                "extras": 0,
                "total": 1
              }
            },
            {
              "batter": "DA Miller",
              "bowler": "Washington Sundar",
              "non_striker": "A Badoni",
              "runs": {
                "batter": 0,
                "extras": 0,
                "total": 0
              },
              "wickets": [
                {
                  "player_out": "DA Miller",
                  "kind": "bowled"
                }
              ]
            },
            {
              "batter": "Abdul Samad",
              "bowler": "Washington Sundar",
              "non_striker": "A Badoni",
              "runs": {
                "batter": 0,
                "extras": 0,
                "total": 0
              }
            },
            {
              "batter": "Abdul Samad",
              "bowler": "Washington Sundar",
              "non_striker": "A Badoni",
              "runs": {
                "batter": 1,
                "extras": 0,
                "total": 1
              }
            }
          ]
        },
        {
          "over": 19,
          "deliveries": [
            {
              "batter": "Abdul Samad",
              "bowler": "R Sai Kishore",
              "non_striker": "A Badoni",
              "runs": {
                "batter": 1,
                "extras": 0,
                "total": 1
              }
            },
            {
              "batter": "A Badoni",
              "bowler": "R Sai Kishore",
              "non_striker": "Abdul Samad",
              "runs": {
                "batter": 4,
                "extras": 0,
                "total": 4
              }
            },
            {
              "batter": "A Badoni",
              "bowler": "R Sai Kishore",
              "non_striker": "Abdul Samad",
              "runs": {
                "batter": 6,
                "extras": 0,
                "total": 6
              }
            }
          ]
        }
      ],
      "powerplays": [
        {
          "from": 0.1,
          "to": 5.7,
          "type": "mandatory"
        }
      ],
      "target": {
        "overs": 20,
        "runs": 181
      }
    }
  ]
}