{
  "meta": {
    "data_version": "1.1.0",
    "created": "2025-04-11",
    "revision": 1
  },
  "info": {
    "balls_per_over": 6,
    "city": "Bali",
    "dates": [
      "2025-04-11"
    ],
    "event": {
      "name": "Kartini Cup",
      "match_number": 3
    },
    "gender": "female",
    "match_type": "T20",
    "match_type_number": 2230,
    "officials": {
      "umpires": [
        "Yeri Rosongna",
        "Yousuf Wadu"
      ]
    },
    "outcome": {
      "winner": "Cook Islands",
      "by": {
        "runs": 38
      }
    },
    "overs": 20,
    "player_of_match": [
      "ET Williams"
    ],
    "players": {
      "Cook Islands": [
        "A Katoa",
        "GES Sullivan",
        "Z Maeva",
        "S Vaia",
        "ET Williams",
        "TC Mataora",
        "R Aurora",
        "Lily Lamb",
        "T Elikana",
        "S Samuels",
        "R Bowers-Fleming"
      ],
      "Philippines": [
        "ABY Smith",
        "JKD Andreano",
        "AR Valdez",
        "KK Donovan",
        "R Castillo",
        "AS Miranda",
        "Angela Busa",
        "Kyte Gullem Keen",
        "Ma Luz Barcelona",
        "JR Medianesta",
        "Karri Gullem Keen"
      ]
    },
    "registry": {
      "people": {
        "A Katoa": "34e7e35c",
        "ABY Smith": "fcb4448f",
        "AR Valdez": "3c3f34b0",
        "AS Miranda": "283e47fa",
        "Angela Busa": "cbef5af4",
        "ET Williams": "90410756",
        "GES Sullivan": "165b9097",
        "JKD Andreano": "757baa30",
        "JR Medianesta": "538cb58a",
        "KK Donovan": "ef2a7af4",
        "Karri Gullem Keen": "bb7b014a",
        "Kyte Gullem Keen": "f3f654c2",
        "Lily Lamb": "69fc75bb",
        "Ma Luz Barcelona": "b36c42ac",
        "R Aurora": "97555d44",
        "R Bowers-Fleming": "0eb829be",
        "R Castillo": "716ba9ef",
        "S Samuels": "d852095e",
        "S Vaia": "78103121",
        "T Elikana": "2bea8bda",
        "TC Mataora": "6059bb14",
        "Yeri Rosongna": "161c019d",
        "Yousuf Wadu": "cf41005c",
        "Z Maeva": "34f0c9ad"
      }
    },
    "season": "2025",
    "team_type": "international",
    "teams": [
      "Cook Islands",
      "Philippines"
    ],
    "toss": {
      "decision": "bat",
      "winner": "Cook Islands"
    },
    "venue": "Udayana Cricket Ground"
  },
  "innings": [
    {
      "team": "Cook Islands",
      "overs": [
        {
          "over": 0,
          "deliveries": [
            {
              "batter": "A Katoa",
              "bowler": "KK Donovan",
              "non_striker": "GES Sullivan",
              "runs": {
                "batter": 0,
                "extras": 0,
                "total": 0
              }
            },
            {
              "batter": "A Katoa",
              "bowler": "KK Donovan",
              "non_striker": "GES Sullivan",
              "runs": {
                "batter": 0,
                "extras": 0,
                "total": 0
              }
            },
            {
              "batter": "A Katoa",
              "bowler": "KK Donovan",
              "non_striker": "GES Sullivan",
              "runs": {
                "batter": 0,
                "extras": 0,
                "total": 0
              }
            },
            {
              "batter": "A Katoa",
              "bowler": "KK Donovan",
              "non_striker": "GES Sullivan",
              "runs": {
                "batter": 0,
                "extras": 0,
                "total": 0
              }
            },
            {
              "batter": "A Katoa",
              "bowler": "KK Donovan",
              "non_striker": "GES Sullivan",
              "runs": {
                "batter": 0,
                "extras": 0,
                "total": 0
              }
            },
            {
              "batter": "A Katoa",
              "bowler": "KK Donovan",
              "non_striker": "GES Sullivan",
              "runs": {
                "batter": 0,
                "extras": 0,
                "total": 0
              }
            }
          ]
        },
        {
          "over": 1,
          "deliveries": [
            {
              "batter": "GES Sullivan",
              "bowler": "Karri Gullem Keen",
              "non_striker": "A Katoa",
              "runs": {
                "batter": 0,
                "extras": 0,
                "total": 0
              }
            },
            {
              "batter": "GES Sullivan",
              "bowler": "Karri Gullem Keen",
              "non_striker": "A Katoa",
              "runs": {
                "batter": 0,
                "extras": 0,
                "total": 0
              }
            },
            {
              "batter": "GES Sullivan",
              "bowler": "Karri Gullem Keen",
              "non_striker": "A Katoa",
              "runs": {
                "batter": 1,
                "extras": 0,
                "total": 1
              }
            },
            {
              "batter": "A Katoa",
              "bowler": "Karri Gullem Keen",
              "non_striker": "GES Sullivan",
              "runs": {
                "batter": 0,
                "extras": 0,
                "total": 0
              }
            },
            {
              "batter": "A Katoa",
              "bowler": "Karri Gullem Keen",
              "extras": {
                "wides": 1
              },
              "non_striker": "GES Sullivan",
              "runs": {
                "batter": 0,
                "extras": 1,
                "total": 1
              }
            },
            {
              "batter": "A Katoa",
              "bowler": "Karri Gullem Keen",
              "non_striker": "GES Sullivan",
              "runs": {
                "batter": 2,
                "extras": 0,
                "total": 2
              }
            },
            {
              "batter": "A Katoa",
              "bowler": "Karri Gullem Keen",
              "non_striker": "GES Sullivan",
              "runs": {
                "batter": 2,
                "extras": 0,
                "total": 2
              }
            }
          ]
        },
        {
          "over": 2,
          "deliveries": [
            {
              "batter": "GES Sullivan",
              "bowler": "KK Donovan",
              "non_striker": "A Katoa",
              "runs": {
                "batter": 0,
                "extras": 0,
                "total": 0
              },
              "wickets": [
                {
                  "player_out": "GES Sullivan",
                  "kind": "bowled"
                }
              ]
            },
            {
              "batter": "Z Maeva",
              "bowler": "KK Donovan",
              "non_striker": "A Katoa",
              "runs": {
                "batter": 0,
                "extras": 0,
                "total": 0
              }
            },
            {
              "batter": "Z Maeva",
              "bowler": "KK Donovan",
              "non_striker": "A Katoa",
              "runs": {
                "batter": 1,
                "extras": 0,
                "total": 1
              }
            },
            {
              "batter": "A Katoa",
              "bowler": "KK Donovan",
              "non_striker": "Z Maeva",
              "runs": {
                "batter": 0,
                "extras": 0,
                "total": 0
              }
            },
            {
              "batter": "A Katoa",
              "bowler": "KK Donovan",
              "non_striker": "Z Maeva",
              "runs": {
                "batter": 0,
                "extras": 0,
                "total": 0
              }
            },
            {
              "batter": "A Katoa",
              "bowler": "KK Donovan",
              "non_striker": "Z Maeva",
              "runs": {
                "batter": 1,
                "extras": 0,
                "total": 1
              }
            }
          ]
        },
        {
          "over": 3,
          "deliveries": [
            {
              "batter": "A Katoa",
              "bowler": "Karri Gullem Keen",
              "non_striker": "Z Maeva",
              "runs": {
                "batter": 0,
                "extras": 0,
                "total": 0
              }
            },
            {
              "batter": "A Katoa",
              "bowler": "Karri Gullem Keen",
              "non_striker": "Z Maeva",
              "runs": {
                "batter": 0,
                "extras": 0,
                "total": 0
              }
            },
            {
              "batter": "A Katoa",
              "bowler": "Karri Gullem Keen",
              "non_striker": "Z Maeva",
              "runs": {
                "batter": 1,
                "extras": 0,
                "total": 1
              }
            },
            {
              "batter": "Z Maeva",
              "bowler": "Karri Gullem Keen",
              "non_striker": "A Katoa",
              "runs": {
                "batter": 1,
                "extras": 0,
                "total": 1
              }
            },
            {
              "batter": "A Katoa",
              "bowler": "Karri Gullem Keen",
              "non_striker": "Z Maeva",
              "runs": {
                "batter": 1,
                "extras": 0,
                "total": 1
              }
            },
            {
              "batter": "Z Maeva",
              "bowler": "Karri Gullem Keen",
              "non_striker": "A Katoa",
              "runs": {
                "batter": 1,
                "extras": 0,
                "total": 1
              }
            }
          ]
        },
        {
          "over": 4,
          "deliveries": [
            {
              "batter": "Z Maeva",
              "bowler": "KK Donovan",
              "non_striker": "A Katoa",
              "runs": {
                "batter": 2,
                "extras": 0,
                "total": 2
              }
            },
            {
              "batter": "Z Maeva",
              "bowler": "KK Donovan",
              "non_striker": "A Katoa",
              "runs": {
                "batter": 0,
                "extras": 0,
                "total": 0
              }
            },
            {
              "batter": "Z Maeva",
              "bowler": "KK Donovan",
              "non_striker": "A Katoa",
              "runs": {
                "batter": 1,
                "extras": 0,
                "total": 1
              }
            },
            {
              "batter": "A Katoa",
              "bowler": "KK Donovan",
              "extras": {
                "wides": 1
              },
              "non_striker": "Z Maeva",
              "runs": {
                "batter": 0,
                "extras": 1,
                "total": 1
              }
            },
            {
              "batter": "A Katoa",
              "bowler": "KK Donovan",
              "extras": {
                "wides": 2
              },
              "non_striker": "Z Maeva",
              "runs": {
                "batter": 0,
                "extras": 2,
                "total": 2
              }
            },
            {
              "batter": "Z Maeva",
              "bowler": "KK Donovan",
              "non_striker": "A Katoa",
              "runs": {
                "batter": 0,
                "extras": 0,
                "total": 0
              }
            },
            {
              "batter": "Z Maeva",
              "bowler": "KK Donovan",
              "non_striker": "A Katoa",
              "runs": {
                "batter": 1,
                "extras": 0,
                "total": 1
              }
            },
            {
              "batter": "A Katoa",
              "bowler": "KK Donovan",
              "non_striker": "Z Maeva",
              "runs": {
                "batter": 0,
                "extras": 0,
                "total": 0
              }
            }
          ]
        },
        {
          "over": 5,
          "deliveries": [
            {
              "batter": "Z Maeva",
              "bowler": "Karri Gullem Keen",
              "non_striker": "A Katoa",
              "runs": {
                "batter": 2,
                "extras": 0,
                "total": 2
              }
            },
            {
              "batter": "Z Maeva",
              "bowler": "Karri Gullem Keen",
              "non_striker": "A Katoa",
              "runs": {
                "batter": 0,
                "extras": 0,
                "total": 0
              }
            },
            {
              "batter": "Z Maeva",
              "bowler": "Karri Gullem Keen",
              "non_striker": "A Katoa",
              "runs": {
                "batter": 0,
                "extras": 0,
                "total": 0
              }
            },
            {
              "batter": "Z Maeva",
              "bowler": "Karri Gullem Keen",
              "non_striker": "A Katoa",
              "runs": {
                "batter": 0,
                "extras": 0,
                "total": 0
              }
            },
            {
              "batter": "Z Maeva",
              "bowler": "Karri Gullem Keen",
              "extras": {
                "byes": 2
              },
              "non_striker": "A Katoa",
              "runs": {
                "batter": 0,
                "extras": 2,
                "total": 2
              }
            },
            {
              "batter": "Z Maeva",
              "bowler": "Karri Gullem Keen",
              "non_striker": "A Katoa",
              "runs": {
                "batter": 0,
                "extras": 0,
                "total": 0
              }
            }
          ]
        },
        {
          "over": 6,
          "deliveries": [
            {
              "batter": "A Katoa",
              "bowler": "KK Donovan",
              "extras": {
                "wides": 1
              },
              "non_striker": "Z Maeva",
              "runs": {
                "batter": 0,
                "extras": 1,
                "total": 1
              }
            },
            {
              "batter": "A Katoa",
              "bowler": "KK Donovan",
              "non_striker": "Z Maeva",
              "runs": {
                "batter": 1,
                "extras": 0,
                "total": 1
              }
            },
            {
              "batter": "Z Maeva",
              "bowler": "KK Donovan",
              "non_striker": "A Katoa",
              "runs": {
                "batter": 2,
                "extras": 0,
                "total": 2
              }
            },
            {
              "batter": "Z Maeva",
              "bowler": "KK Donovan",
              "non_striker": "A Katoa",
              "runs": {
                "batter": 2,
                "extras": 0,
                "total": 2
              }
            },
            {
              "batter": "Z Maeva",
              "bowler": "KK Donovan",
              "non_striker": "A Katoa",
              "runs": {
                "batter": 0,
                "extras": 0,
                "total": 0
              }
            },
            {
              "batter": "Z Maeva",
              "bowler": "KK Donovan",
              "non_striker": "A Katoa",
              "runs": {
                "batter": 0,
                "extras": 0,
                "total": 0
              }
            },
            {
              "batter": "Z Maeva",
              "bowler": "KK Donovan",
              "non_striker": "A Katoa",
              "runs": {
                "batter": 0,
                "extras": 0,
                "total": 0
              }
            }
          ]
        },
        {
          "over": 7,
          "deliveries": [
            {
              "batter": "A Katoa",
              "bowler": "Karri Gullem Keen",
              "non_striker": "Z Maeva",
              "runs": {
                "batter": 2,
                "extras": 0,
                "total": 2
              }
            },
            {
              "batter": "A Katoa",
              "bowler": "Karri Gullem Keen",
              "non_striker": "Z Maeva",
              "runs": {
                "batter": 1,
                "extras": 0,
                "total": 1
              }
            },
            {
              "batter": "Z Maeva",
              "bowler": "Karri Gullem Keen",
              "non_striker": "A Katoa",
              "runs": {
                "batter": 0,
                "extras": 0,
                "total": 0
              }
            },
            {
              "batter": "Z Maeva",
              "bowler": "Karri Gullem Keen",
              "non_striker": "A Katoa",
              "runs": {
                "batter": 3,
                "extras": 0,
                "total": 3
              }
            },
            {
              "batter": "A Katoa",
              "bowler": "Karri Gullem Keen",
              "non_striker": "Z Maeva",
              "runs": {
                "batter": 0,
                "extras": 0,
                "total": 0
              },
              "wickets": [
                {
                  "player_out": "A Katoa",
                  "fielders": [
                    {
                      "name": "ABY Smith"
                    }
                  ],
                  "kind": "caught"
                }
              ]
            },
            {
              "batter": "S Vaia",
              "bowler": "Karri Gullem Keen",
              "non_striker": "Z Maeva",
              "runs": {
                "batter": 0,
                "extras": 0,
                "total": 0
              }
            }
          ]
        },
        {
          "over": 8,
          "deliveries": [
            {
              "batter": "Z Maeva",
              "bowler": "JKD Andreano",
              "non_striker": "S Vaia",
              "runs": {
                "batter": 2,
                "extras": 0,
                "total": 2
              }
            },
            {
              "batter": "Z Maeva",
              "bowler": "JKD Andreano",
              "non_striker": "S Vaia",
              "runs": {
                "batter": 2,
                "extras": 0,
                "total": 2
              }
            },
            {
              "batter": "Z Maeva",
              "bowler": "JKD Andreano",
              "non_striker": "S Vaia",
              "runs": {
                "batter": 0,
                "extras": 0,
                "total": 0
              }
            },
            {
              "batter": "Z Maeva",
              "bowler": "JKD Andreano",
              "non_striker": "S Vaia",
              "runs": {
                "batter": 1,
                "extras": 0,
                "total": 1
              }
            },
            {
              "batter": "S Vaia",
              "bowler": "JKD Andreano",
              "extras": {
                "wides": 1
              },
              "non_striker": "Z Maeva",
              "runs": {
                "batter": 0,
                "extras": 1,
                "total": 1
              }
            },
            {
              "batter": "S Vaia",
              "bowler": "JKD Andreano",
              "non_striker": "Z Maeva",
              "runs": {
                "batter": 0,
                "extras": 0,
                "total": 0
              }
            },
            {
              "batter": "S Vaia",
              "bowler": "JKD Andreano",
              "non_striker": "Z Maeva",
              "runs": {
                "batter": 2,
                "extras": 0,
                "total": 2
              }
            }
          ]
        },
        {
          "over": 9,
          "deliveries": [
            {
              "batter": "Z Maeva",
              "bowler": "ABY Smith",
              "non_striker": "S Vaia",
              "runs": {
                "batter": 0,
                "extras": 0,
                "total": 0
              }
            },
            {
              "batter": "Z Maeva",
              "bowler": "ABY Smith",
              "non_striker": "S Vaia",
              "runs": {
                "batter": 6,
                "extras": 0,
                "total": 6
              }
            },
            {
              "batter": "Z Maeva",
              "bowler": "ABY Smith",
              "non_striker": "S Vaia",
              "runs": {
                "batter": 0,
                "extras": 0,
                "total": 0
              }
            },
            {
              "batter": "Z Maeva",
              "bowler": "ABY Smith",
              "non_striker": "S Vaia",
              "runs": {
                "batter": 1,
                "extras": 0,
                "total": 1
              }
            },
            {
              "batter": "S Vaia",
              "bowler": "ABY Smith",
              "non_striker": "Z Maeva",
              "runs": {
                "batter": 1,
                "extras": 0,
                "total": 1
              }
            },
            {
              "batter": "Z Maeva",
              "bowler": "ABY Smith",
              "non_striker": "S Vaia",
              "runs": {
                "batter": 0,
                "extras": 0,
                "total": 0
              },
              "wickets": [
                {
                  "player_out": "Z Maeva",
                  "fielders": [
                    {
                      "name": "JR Medianesta"
                    }
                  ],
                  "kind": "stumped"
                }
              ]
            }
          ]
        },
        {
          "over": 10,
          "deliveries": [
            {
              "batter": "S Vaia",
              "bowler": "JKD Andreano",
              "non_striker": "ET Williams",
              "runs": {
                "batter": 0,
                "extras": 0,
                "total": 0
              }
            },
            {
              "batter": "S Vaia",
              "bowler": "JKD Andreano",
              "non_striker": "ET Williams",
              "runs": {
                "batter": 0,
                "extras": 0,
                "total": 0
              }
            },
            {
              "batter": "S Vaia",
              "bowler": "JKD Andreano",
              "non_striker": "ET Williams",
              "runs": {
                "batter": 0,
                "extras": 0,
                "total": 0
              }
            },
            {
              "batter": "S Vaia",
              "bowler": "JKD Andreano",
              "non_striker": "ET Williams",
              "runs": {
                "batter": 0,
                "extras": 0,
                "total": 0
              },
              "wickets": [
                {
                  "player_out": "S Vaia",
                  "fielders": [
                    {
                      "name": "JR Medianesta"
                    }
                  ],
                  "kind": "stumped"
                }
              ]
            },
            {
              "batter": "TC Mataora",
              "bowler": "JKD Andreano",
              "non_striker": "ET Williams",
              "runs": {
                "batter": 0,
                "extras": 0,
                "total": 0
              }
            },
            {
              "batter": "TC Mataora",
              "bowler": "JKD Andreano",
              "extras": {
                "byes": 1
              },
              "non_striker": "ET Williams",
              "runs": {
                "batter": 0,
                "extras": 1,
                "total": 1
              }
            }
          ]
        },
        {
          "over": 11,
          "deliveries": [
            {
              "batter": "TC Mataora",
              "bowler": "ABY Smith",
              "non_striker": "ET Williams",
              "runs": {
                "batter": 2,
                "extras": 0,
                "total": 2
              }
            },
            {
              "batter": "TC Mataora",
              "bowler": "ABY Smith",
              "non_striker": "ET Williams",
              "runs": {
                "batter": 1,
                "extras": 0,
                "total": 1
              }
            },
            {
              "batter": "ET Williams",
              "bowler": "ABY Smith",
              "non_striker": "TC Mataora",
              "runs": {
                "batter": 0,
                "extras": 0,
                "total": 0
              }
            },
            {
              "batter": "ET Williams",
              "bowler": "ABY Smith",
              "extras": {
                "wides": 1
              },
              "non_striker": "TC Mataora",
              "runs": {
                "batter": 0,
                "extras": 1,
                "total": 1
              }
            },
            {
              "batter": "ET Williams",
              "bowler": "ABY Smith",
              "non_striker": "TC Mataora",
              "runs": {
                "batter": 1,
                "extras": 0,
                "total": 1
              }
            },
            {
              "batter": "TC Mataora",
              "bowler": "ABY Smith",
              "non_striker": "ET Williams",
              "runs": {
                "batter": 4,
                "extras": 0,
                "total": 4
              }
            },
            {
              "batter": "TC Mataora",
              "bowler": "ABY Smith",
              "non_striker": "ET Williams",
              "runs": {
                "batter": 4,
                "extras": 0,
                "total": 4
              }
            }
          ]
        },
        {
          "over": 12,
          "deliveries": [
            {
              "batter": "ET Williams",
              "bowler": "JKD Andreano",
              "extras": {
                "byes": 1
              },
              "non_striker": "TC Mataora",
              "runs": {
                "batter": 0,
                "extras": 1,
                "total": 1
              }
            },
            {
              "batter": "TC Mataora",
              "bowler": "JKD Andreano",
              "extras": {
                "wides": 2
              },
              "non_striker": "ET Williams",
              "runs": {
                "batter": 0,
                "extras": 2,
                "total": 2
              }
            },
            {
              "batter": "ET Williams",
              "bowler": "JKD Andreano",
              "non_striker": "TC Mataora",
              "runs": {
                "batter": 0,
                "extras": 0,
                "total": 0
              }
            },
            {
              "batter": "ET Williams",
              "bowler": "JKD Andreano",
              "non_striker": "TC Mataora",
              "runs": {
                "batter": 1,
                "extras": 0,
                "total": 1
              }
            },
            {
              "batter": "TC Mataora",
              "bowler": "JKD Andreano",
              "non_striker": "ET Williams",
              "runs": {
                "batter": 1,
                "extras": 0,
                "total": 1
              }
            },
            {
              "batter": "ET Williams",
              "bowler": "JKD Andreano",
              "non_striker": "TC Mataora",
              "runs": {
                "batter": 2,
                "extras": 0,
                "total": 2
              }
            },
            {
              "batter": "ET Williams",
              "bowler": "JKD Andreano",
              "non_striker": "TC Mataora",
              "runs": {
                "batter": 2,
                "extras": 0,
                "total": 2
              }
            }
          ]
        },
        {
          "over": 13,
          "deliveries": [
            {
              "batter": "TC Mataora",
              "bowler": "AR Valdez",
              "non_striker": "ET Williams",
              "runs": {
                "batter": 1,
                "extras": 0,
                "total": 1
              }
            },
            {
              "batter": "ET Williams",
              "bowler": "AR Valdez",
              "non_striker": "TC Mataora",
              "runs": {
                "batter": 1,
                "extras": 0,
                "total": 1
              }
            },
            {
              "batter": "TC Mataora",
              "bowler": "AR Valdez",
              "non_striker": "ET Williams",
              "runs": {
                "batter": 1,
                "extras": 0,
                "total": 1
              }
            },
            {
              "batter": "ET Williams",
              "bowler": "AR Valdez",
              "non_striker": "TC Mataora",
              "runs": {
                "batter": 1,
                "extras": 0,
                "total": 1
              }
            },
            {
              "batter": "TC Mataora",
              "bowler": "AR Valdez",
              "non_striker": "ET Williams",
              "runs": {
                "batter": 1,
                "extras": 0,
                "total": 1
              }
            },
            {
              "batter": "ET Williams",
              "bowler": "AR Valdez",
              "non_striker": "TC Mataora",
              "runs": {
                "batter": 1,
                "extras": 0,
                "total": 1
              }
            }
          ]
        },
        {
          "over": 14,
          "deliveries": [
            {
              "batter": "ET Williams",
              "bowler": "JKD Andreano",
              "non_striker": "TC Mataora",
              "runs": {
                "batter": 0,
                "extras": 0,
                "total": 0
              }
            },
            {
              "batter": "ET Williams",
              "bowler": "JKD Andreano",
              "non_striker": "TC Mataora",
              "runs": {
                "batter": 1,
                "extras": 0,
                "total": 1
              }
            },
            {
              "batter": "TC Mataora",
              "bowler": "JKD Andreano",
              "non_striker": "ET Williams",
              "runs": {
                "batter": 4,
                "extras": 0,
                "total": 4
              }
            },
            {
              "batter": "TC Mataora",
              "bowler": "JKD Andreano",
              "non_striker": "ET Williams",
              "runs": {
                "batter": 0,
                "extras": 0,
                "total": 0
              }
            },
            {
              "batter": "TC Mataora",
              "bowler": "JKD Andreano",
              "extras": {
                "wides": 2
              },
              "non_striker": "ET Williams",
              "runs": {
                "batter": 0,
                "extras": 2,
                "total": 2
              }
            },
            {
              "batter": "ET Williams",
              "bowler": "JKD Andreano",
              "non_striker": "TC Mataora",
              "runs": {
                "batter": 0,
                "extras": 0,
                "total": 0
              }
            },
            {
              "batter": "ET Williams",
              "bowler": "JKD Andreano",
              "non_striker": "TC Mataora",
              "runs": {
                "batter": 1,
                "extras": 0,
                "total": 1
              }
            }
          ]
        },
        {
          "over": 15,
          "deliveries": [
            {
              "batter": "ET Williams",
              "bowler": "AR Valdez",
              "non_striker": "TC Mataora",
              "runs": {
                "batter": 1,
                "extras": 0,
                "total": 1
              }
            },
            {
              "batter": "TC Mataora",
              "bowler": "AR Valdez",
              "non_striker": "ET Williams",
              "runs": {
                "batter": 1,
                "extras": 0,
                "total": 1
              }
            },
            {
              "batter": "ET Williams",
              "bowler": "AR Valdez",
              "non_striker": "TC Mataora",
              "runs": {
                "batter": 0,
                "extras": 0,
                "total": 0
              }
            },
            {
              "batter": "ET Williams",
              "bowler": "AR Valdez",
              "non_striker": "TC Mataora",
              "runs": {
                "batter": 0,
                "extras": 0,
                "total": 0
              }
            },
            {
              "batter": "ET Williams",
              "bowler": "AR Valdez",
              "non_striker": "TC Mataora",
              "runs": {
                "batter": 2,
                "extras": 0,
                "total": 2
              }
            },
            {
              "batter": "ET Williams",
              "bowler": "AR Valdez",
              "non_striker": "TC Mataora",
              "runs": {
                "batter": 1,
                "extras": 0,
                "total": 1
              }
            }
          ]
        },
        {
          "over": 16,
          "deliveries": [
            {
              "batter": "ET Williams",
              "bowler": "R Castillo",
              "non_striker": "TC Mataora",
              "runs": {
                "batter": 0,
                "extras": 0,
                "total": 0
              }
            },
            {
              "batter": "ET Williams",
              "bowler": "R Castillo",
              "non_striker": "TC Mataora",
              "runs": {
                "batter": 2,
                "extras": 0,
                "total": 2
              }
            },
            {
              "batter": "ET Williams",
              "bowler": "R Castillo",
              "non_striker": "TC Mataora",
              "runs": {
                "batter": 2,
                "extras": 0,
                "total": 2
              }
            },
            {
              "batter": "ET Williams",
              "bowler": "R Castillo",
              "non_striker": "TC Mataora",
              "runs": {
                "batter": 1,
                "extras": 0,
                "total": 1
              }
            },
            {
              "batter": "TC Mataora",
              "bowler": "R Castillo",
              "non_striker": "ET Williams",
              "runs": {
                "batter": 0,
                "extras": 0,
                "total": 0
              }
            },
            {
              "batter": "TC Mataora",
              "bowler": "R Castillo",
              "non_striker": "ET Williams",
              "runs": {
                "batter": 0,
                "extras": 0,
                "total": 0
              }
            }
          ]
        },
        {
          "over": 17,
          "deliveries": [
            {
              "batter": "ET Williams",
              "bowler": "AR Valdez",
              "non_striker": "TC Mataora",
              "runs": {
                "batter": 1,
                "extras": 0,
                "total": 1
              }
            },
            {
              "batter": "TC Mataora",
              "bowler": "AR Valdez",
              "non_striker": "ET Williams",
              "runs": {
                "batter": 0,
                "extras": 0,
                "total": 0
              }
            },
            {
              "batter": "TC Mataora",
              "bowler": "AR Valdez",
              "non_striker": "ET Williams",
              "runs": {
                "batter": 2,
                "extras": 0,
                "total": 2
              }
            },
            {
              "batter": "TC Mataora",
              "bowler": "AR Valdez",
              "non_striker": "ET Williams",
              "runs": {
                "batter": 1,
                "extras": 0,
                "total": 1
              }
            },
            {
              "batter": "ET Williams",
              "bowler": "AR Valdez",
              "non_striker": "TC Mataora",
              "runs": {
                "batter": 4,
                "extras": 0,
                "total": 4
              }
            },
            {
              "batter": "ET Williams",
              "bowler": "AR Valdez",
              "non_striker": "TC Mataora",
              "runs": {
                "batter": 0,
                "extras": 0,
                "total": 0
              }
            }
          ]
        },
        {
          "over": 18,
          "deliveries": [
            {
              "batter": "TC Mataora",
              "bowler": "R Castillo",
              "non_striker": "ET Williams",
              "runs": {
                "batter": 2,
                "extras": 0,
                "total": 2
              }
            },
            {
              "batter": "TC Mataora",
              "bowler": "R Castillo",
              "non_striker": "ET Williams",
              "runs": {
                "batter": 1,
                "extras": 0,
                "total": 1
              }
            },
            {
              "batter": "ET Williams",
              "bowler": "R Castillo",
              "non_striker": "TC Mataora",
              "runs": {
                "batter": 0,
                "extras": 0,
                "total": 0
              }
            },
            {
              "batter": "ET Williams",
              "bowler": "R Castillo",
              "non_striker": "TC Mataora",
              "runs": {
                "batter": 1,
                "extras": 0,
                "total": 1
              }
            },
            {
              "batter": "TC Mataora",
              "bowler": "R Castillo",
              "extras": {
                "byes": 2
              },
              "non_striker": "ET Williams",
              "runs": {
                "batter": 0,
                "extras": 2,
                "total": 2
              }
            },
            {
              "batter": "TC Mataora",
              "bowler": "R Castillo",
              "non_striker": "ET Williams",
              "runs": {
                "batter": 4,
                "extras": 0,
                "total": 4
              }
            }
          ]
        },
        {
          "over": 19,
          "deliveries": [
            {
              "batter": "ET Williams",
              "bowler": "AR Valdez",
              "non_striker": "TC Mataora",
              "runs": {
                "batter": 2,
                "extras": 0,
                "total": 2
              }
            },
            {
              "batter": "ET Williams",
              "bowler": "AR Valdez",
              "non_striker": "TC Mataora",
              "runs": {
                "batter": 0,
                "extras": 0,
                "total": 0
              }
            },
            {
              "batter": "ET Williams",
              "bowler": "AR Valdez",
              "non_striker": "TC Mataora",
              "runs": {
                "batter": 6,
                "extras": 0,
                "total": 6
              }
            },
            {
              "batter": "ET Williams",
              "bowler": "AR Valdez",
              "extras": {
                "legbyes": 1
              },
              "non_striker": "TC Mataora",
              "runs": {
                "batter": 0,
                "extras": 1,
                "total": 1
              }
            },
            {
              "batter": "TC Mataora",
              "bowler": "AR Valdez",
              "non_striker": "ET Williams",
              "runs": {
                "batter": 0,
                "extras": 0,
                "total": 0
              },
              "wickets": [
                {
                  "player_out": "TC Mataora",
                  "fielders": [
                    {
                      "name": "JR Medianesta"
                    }
                  ],
                  "kind": "run out"
                }
              ]
            },
            {
              "batter": "R Aurora",
              "bowler": "AR Valdez",
              "non_striker": "ET Williams",
              "runs": {
                "batter": 0,
                "extras": 0,
                "total": 0
              },
              "wickets": [
                {
                  "player_out": "R Aurora",
                  "kind": "bowled"
                }
              ]
            }
          ]
        }
      ],
      "powerplays": [
        {
          "from": 0.1,
          "to": 5.6,
          "type": "mandatory"
        }
      ]
    },
    {
      "team": "Philippines",
      "absent_hurt": [
        "Karri Gullem Keen"
      ],
      "overs": [
        {
          "over": 0,
          "deliveries": [
            {
              "batter": "ABY Smith",
              "bowler": "GES Sullivan",
              "non_striker": "JKD Andreano",
              "runs": {
                "batter": 1,
                "extras": 0,
                "total": 1
              }
            },
            {
              "batter": "JKD Andreano",
              "bowler": "GES Sullivan",
              "non_striker": "ABY Smith",
              "runs": {
                "batter": 0,
                "extras": 0,
                "total": 0
              }
            },
            {
              "batter": "JKD Andreano",
              "bowler": "GES Sullivan",
              "non_striker": "ABY Smith",
              "runs": {
                "batter": 0,
                "extras": 0,
                "total": 0
              }
            },
            {
              "batter": "JKD Andreano",
              "bowler": "GES Sullivan",
              "non_striker": "ABY Smith",
              "runs": {
                "batter": 2,
                "extras": 0,
                "total": 2
              }
            },
            {
              "batter": "JKD Andreano",
              "bowler": "GES Sullivan",
              "non_striker": "ABY Smith",
              "runs": {
                "batter": 0,
                "extras": 0,
                "total": 0
              }
            },
            {
              "batter": "JKD Andreano",
              "bowler": "GES Sullivan",
              "non_striker": "ABY Smith",
              "runs": {
                "batter": 0,
                "extras": 0,
                "total": 0
              }
            }
          ]
        },
        {
          "over": 1,
          "deliveries": [
            {
              "batter": "ABY Smith",
              "bowler": "S Samuels",
              "non_striker": "JKD Andreano",
              "runs": {
                "batter": 0,
                "extras": 0,
                "total": 0
              }
            },
            {
              "batter": "ABY Smith",
              "bowler": "S Samuels",
              "non_striker": "JKD Andreano",
              "runs": {
                "batter": 0,
                "extras": 0,
                "total": 0
              }
            },
            {
              "batter": "ABY Smith",
              "bowler": "S Samuels",
              "non_striker": "JKD Andreano",
              "runs": {
                "batter": 2,
                "extras": 0,
                "total": 2
              }
            },
            {
              "batter": "ABY Smith",
              "bowler": "S Samuels",
              "extras": {
                "wides": 1
              },
              "non_striker": "JKD Andreano",
              "runs": {
                "batter": 0,
                "extras": 1,
                "total": 1
              }
            },
            {
              "batter": "ABY Smith",
              "bowler": "S Samuels",
              "non_striker": "JKD Andreano",
              "runs": {
                "batter": 1,
                "extras": 0,
                "total": 1
              }
            },
            {
              "batter": "JKD Andreano",
              "bowler": "S Samuels",
              "non_striker": "ABY Smith",
              "runs": {
                "batter": 0,
                "extras": 0,
                "total": 0
              }
            },
            {
              "batter": "JKD Andreano",
              "bowler": "S Samuels",
              "non_striker": "ABY Smith",
              "runs": {
                "batter": 2,
                "extras": 0,
                "total": 2
              }
            }
          ]
        },
        {
          "over": 2,
          "deliveries": [
            {
              "batter": "ABY Smith",
              "bowler": "GES Sullivan",
              "non_striker": "JKD Andreano",
              "runs": {
                "batter": 1,
                "extras": 0,
                "total": 1
              }
            },
            {
              "batter": "JKD Andreano",
              "bowler": "GES Sullivan",
              "non_striker": "ABY Smith",
              "runs": {
                "batter": 0,
                "extras": 0,
                "total": 0
              }
            },
            {
              "batter": "JKD Andreano",
              "bowler": "GES Sullivan",
              "non_striker": "ABY Smith",
              "runs": {
                "batter": 0,
                "extras": 0,
                "total": 0
              }
            },
            {
              "batter": "JKD Andreano",
              "bowler": "GES Sullivan",
              "non_striker": "ABY Smith",
              "runs": {
                "batter": 0,
                "extras": 0,
                "total": 0
              }
            },
            {
              "batter": "JKD Andreano",
              "bowler": "GES Sullivan",
              "non_striker": "ABY Smith",
              "runs": {
                "batter": 0,
                "extras": 0,
                "total": 0
              }
            },
            {
              "batter": "JKD Andreano",
              "bowler": "GES Sullivan",
              "non_striker": "ABY Smith",
              "runs": {
                "batter": 0,
                "extras": 0,
                "total": 0
              }
            }
          ]
        },
        {
          "over": 3,
          "deliveries": [
            {
              "batter": "ABY Smith",
              "bowler": "S Samuels",
              "non_striker": "JKD Andreano",
              "runs": {
                "batter": 0,
                "extras": 0,
                "total": 0
              }
            },
            {
              "batter": "ABY Smith",
              "bowler": "S Samuels",
              "non_striker": "JKD Andreano",
              "runs": {
                "batter": 1,
                "extras": 0,
                "total": 1
              }
            },
            {
              "batter": "JKD Andreano",
              "bowler": "S Samuels",
              "non_striker": "ABY Smith",
              "runs": {
                "batter": 2,
                "extras": 0,
                "total": 2
              }
            },
            {
              "batter": "JKD Andreano",
              "bowler": "S Samuels",
              "non_striker": "ABY Smith",
              "runs": {
                "batter": 1,
                "extras": 0,
                "total": 1
              }
            },
            {
              "batter": "ABY Smith",
              "bowler": "S Samuels",
              "non_striker": "JKD Andreano",
              "runs": {
                "batter": 0,
                "extras": 0,
                "total": 0
              }
            },
            {
              "batter": "ABY Smith",
              "bowler": "S Samuels",
              "non_striker": "JKD Andreano",
              "runs": {
                "batter": 0,
                "extras": 0,
                "total": 0
              }
            }
          ]
        },
        {
          "over": 4,
          "deliveries": [
            {
              "batter": "JKD Andreano",
              "bowler": "R Aurora",
              "non_striker": "ABY Smith",
              "runs": {
                "batter": 0,
                "extras": 0,
                "total": 0
              }
            },
            {
              "batter": "JKD Andreano",
              "bowler": "R Aurora",
              "non_striker": "ABY Smith",
              "runs": {
                "batter": 0,
                "extras": 0,
                "total": 0
              },
              "wickets": [
                {
                  "player_out": "JKD Andreano",
                  "fielders": [
                    {
                      "name": "GES Sullivan"
                    }
                  ],
                  "kind": "caught"
                }
              ]
            },
            {
              "batter": "AR Valdez",
              "bowler": "R Aurora",
              "non_striker": "ABY Smith",
              "runs": {
                "batter": 0,
                "extras": 0,
                "total": 0
              }
            },
            {
              "batter": "AR Valdez",
              "bowler": "R Aurora",
              "non_striker": "ABY Smith",
              "runs": {
                "batter": 0,
                "extras": 0,
                "total": 0
              }
            },
            {
              "batter": "AR Valdez",
              "bowler": "R Aurora",
              "non_striker": "ABY Smith",
              "runs": {
                "batter": 0,
                "extras": 0,
                "total": 0
              }
            },
            {
              "batter": "AR Valdez",
              "bowler": "R Aurora",
              "non_striker": "ABY Smith",
              "runs": {
                "batter": 4,
                "extras": 0,
                "total": 4
              }
            }
          ]
        },
        {
          "over": 5,
          "deliveries": [
            {
              "batter": "ABY Smith",
              "bowler": "T Elikana",
              "non_striker": "AR Valdez",
              "runs": {
                "batter": 0,
                "extras": 0,
                "total": 0
              }
            },
            {
              "batter": "ABY Smith",
              "bowler": "T Elikana",
              "non_striker": "AR Valdez",
              "runs": {
                "batter": 2,
                "extras": 0,
                "total": 2
              }
            },
            {
              "batter": "ABY Smith",
              "bowler": "T Elikana",
              "non_striker": "AR Valdez",
              "runs": {
                "batter": 1,
                "extras": 0,
                "total": 1
              }
            },
            {
              "batter": "AR Valdez",
              "bowler": "T Elikana",
              "non_striker": "ABY Smith",
              "runs": {
                "batter": 0,
                "extras": 0,
                "total": 0
              }
            },
            {
              "batter": "AR Valdez",
              "bowler": "T Elikana",
              "non_striker": "ABY Smith",
              "runs": {
                "batter": 0,
                "extras": 0,
                "total": 0
              }
            },
            {
              "batter": "AR Valdez",
              "bowler": "T Elikana",
              "non_striker": "ABY Smith",
              "runs": {
                "batter": 6,
                "extras": 0,
                "total": 6
              }
            }
          ]
        },
        {
          "over": 6,
          "deliveries": [
            {
              "batter": "ABY Smith",
              "bowler": "R Aurora",
              "non_striker": "AR Valdez",
              "runs": {
                "batter": 0,
                "extras": 0,
                "total": 0
              }
            },
            {
              "batter": "ABY Smith",
              "bowler": "R Aurora",
              "non_striker": "AR Valdez",
              "runs": {
                "batter": 0,
                "extras": 0,
                "total": 0
              },
              "wickets": [
                {
                  "player_out": "AR Valdez",
                  "fielders": [
                    {
                      "name": "R Aurora"
                    }
                  ],
                  "kind": "run out"
                }
              ]
            },
            {
              "batter": "ABY Smith",
              "bowler": "R Aurora",
              "non_striker": "KK Donovan",
              "runs": {
                "batter": 0,
                "extras": 0,
                "total": 0
              }
            },
            {
              "batter": "ABY Smith",
              "bowler": "R Aurora",
              "non_striker": "KK Donovan",
              "runs": {
                "batter": 2,
                "extras": 0,
                "total": 2
              }
            },
            {
              "batter": "ABY Smith",
              "bowler": "R Aurora",
              "non_striker": "KK Donovan",
              "runs": {
                "batter": 0,
                "extras": 0,
                "total": 0
              }
            },
            {
              "batter": "ABY Smith",
              "bowler": "R Aurora",
              "non_striker": "KK Donovan",
              "runs": {
                "batter": 0,
                "extras": 0,
                "total": 0
              }
            }
          ]
        },
        {
          "over": 7,
          "deliveries": [
            {
              "batter": "KK Donovan",
              "bowler": "T Elikana",
              "non_striker": "ABY Smith",
              "runs": {
                "batter": 1,
                "extras": 0,
                "total": 1
              }
            },
            {
              "batter": "ABY Smith",
              "bowler": "T Elikana",
              "non_striker": "KK Donovan",
              "runs": {
                "batter": 2,
                "extras": 0,
                "total": 2
              }
            },
            {
              "batter": "ABY Smith",
              "bowler": "T Elikana",
              "non_striker": "KK Donovan",
              "runs": {
                "batter": 1,
                "extras": 0,
                "total": 1
              }
            },
            {
              "batter": "KK Donovan",
              "bowler": "T Elikana",
              "non_striker": "ABY Smith",
              "runs": {
                "batter": 1,
                "extras": 0,
                "total": 1
              }
            },
            {
              "batter": "ABY Smith",
              "bowler": "T Elikana",
              "non_striker": "KK Donovan",
              "runs": {
                "batter": 4,
                "extras": 0,
                "total": 4
              }
            },
            {
              "batter": "ABY Smith",
              "bowler": "T Elikana",
              "non_striker": "KK Donovan",
              "runs": {
                "batter": 0,
                "extras": 0,
                "total": 0
              }
            }
          ]
        },
        {
          "over": 8,
          "deliveries": [
            {
              "batter": "KK Donovan",
              "bowler": "TC Mataora",
              "non_striker": "ABY Smith",
              "runs": {
                "batter": 1,
                "extras": 0,
                "total": 1
              }
            },
            {
              "batter": "ABY Smith",
              "bowler": "TC Mataora",
              "non_striker": "KK Donovan",
              "runs": {
                "batter": 0,
                "extras": 0,
                "total": 0
              }
            },
            {
              "batter": "ABY Smith",
              "bowler": "TC Mataora",
              "non_striker": "KK Donovan",
              "runs": {
                "batter": 1,
                "extras": 0,
                "total": 1
              }
            },
            {
              "batter": "KK Donovan",
              "bowler": "TC Mataora",
              "non_striker": "ABY Smith",
              "runs": {
                "batter": 1,
                "extras": 0,
                "total": 1
              }
            },
            {
              "batter": "ABY Smith",
              "bowler": "TC Mataora",
              "non_striker": "KK Donovan",
              "runs": {
                "batter": 1,
                "extras": 0,
                "total": 1
              }
            },
            {
              "batter": "KK Donovan",
              "bowler": "TC Mataora",
              "non_striker": "ABY Smith",
              "runs": {
                "batter": 1,
                "extras": 0,
                "total": 1
              }
            }
          ]
        },
        {
          "over": 9,
          "deliveries": [
            {
              "batter": "KK Donovan",
              "bowler": "Z Maeva",
              "non_striker": "ABY Smith",
              "runs": {
                "batter": 0,
                "extras": 0,
                "total": 0
              }
            },
            {
              "batter": "KK Donovan",
              "bowler": "Z Maeva",
              "non_striker": "ABY Smith",
              "runs": {
                "batter": 1,
                "extras": 0,
                "total": 1
              }
            },
            {
              "batter": "ABY Smith",
              "bowler": "Z Maeva",
              "non_striker": "KK Donovan",
              "runs": {
                "batter": 0,
                "extras": 0,
                "total": 0
              }
            },
            {
              "batter": "ABY Smith",
              "bowler": "Z Maeva",
              "non_striker": "KK Donovan",
              "runs": {
                "batter": 1,
                "extras": 0,
                "total": 1
              }
            },
            {
              "batter": "KK Donovan",
              "bowler": "Z Maeva",
              "non_striker": "ABY Smith",
              "runs": {
                "batter": 4,
                "extras": 0,
                "total": 4
              }
            },
            {
              "batter": "KK Donovan",
              "bowler": "Z Maeva",
              "non_striker": "ABY Smith",
              "runs": {
                "batter": 1,
                "extras": 0,
                "total": 1
              }
            }
          ]
        },
        {
          "over": 10,
          "deliveries": [
            {
              "batter": "KK Donovan",
              "bowler": "TC Mataora",
              "non_striker": "ABY Smith",
              "runs": {
                "batter": 1,
                "extras": 0,
                "total": 1
              }
            },
            {
              "batter": "ABY Smith",
              "bowler": "TC Mataora",
              "non_striker": "KK Donovan",
              "runs": {
                "batter": 0,
                "extras": 0,
                "total": 0
              }
            },
            {
              "batter": "ABY Smith",
              "bowler": "TC Mataora",
              "non_striker": "KK Donovan",
              "runs": {
                "batter": 0,
                "extras": 0,
                "total": 0
              }
            },
            {
              "batter": "ABY Smith",
              "bowler": "TC Mataora",
              "non_striker": "KK Donovan",
              "runs": {
                "batter": 1,
                "extras": 0,
                "total": 1
              }
            },
            {
              "batter": "KK Donovan",
              "bowler": "TC Mataora",
              "non_striker": "ABY Smith",
              "runs": {
                "batter": 3,
                "extras": 0,
                "total": 3
              }
            },
            {
              "batter": "ABY Smith",
              "bowler": "TC Mataora",
              "non_striker": "KK Donovan",
              "runs": {
                "batter": 1,
                "extras": 0,
                "total": 1
              }
            }
          ]
        },
        {
          "over": 11,
          "deliveries": [
            {
              "batter": "ABY Smith",
              "bowler": "Z Maeva",
              "non_striker": "KK Donovan",
              "runs": {
                "batter": 0,
                "extras": 0,
                "total": 0
              }
            },
            {
              "batter": "ABY Smith",
              "bowler": "Z Maeva",
              "non_striker": "KK Donovan",
              "runs": {
                "batter": 1,
                "extras": 0,
                "total": 1
              }
            },
            {
              "batter": "KK Donovan",
              "bowler": "Z Maeva",
              "non_striker": "ABY Smith",
              "runs": {
                "batter": 1,
                "extras": 0,
                "total": 1
              }
            },
            {
              "batter": "ABY Smith",
              "bowler": "Z Maeva",
              "non_striker": "KK Donovan",
              "runs": {
                "batter": 1,
                "extras": 0,
                "total": 1
              }
            },
            {
              "batter": "KK Donovan",
              "bowler": "Z Maeva",
              "non_striker": "ABY Smith",
              "runs": {
                "batter": 1,
                "extras": 0,
                "total": 1
              }
            },
            {
              "batter": "ABY Smith",
              "bowler": "Z Maeva",
              "non_striker": "KK Donovan",
              "runs": {
                "batter": 2,
                "extras": 0,
                "total": 2
              }
            }
          ]
        },
        {
          "over": 12,
          "deliveries": [
            {
              "batter": "KK Donovan",
              "bowler": "ET Williams",
              "non_striker": "ABY Smith",
              "runs": {
                "batter": 1,
                "extras": 0,
                "total": 1
              }
            },
            {
              "batter": "ABY Smith",
              "bowler": "ET Williams",
              "non_striker": "KK Donovan",
              "runs": {
                "batter": 1,
                "extras": 0,
                "total": 1
              }
            },
            {
              "batter": "KK Donovan",
              "bowler": "ET Williams",
              "extras": {
                "byes": 1
              },
              "non_striker": "ABY Smith",
              "runs": {
                "batter": 0,
                "extras": 1,
                "total": 1
              }
            },
            {
              "batter": "ABY Smith",
              "bowler": "ET Williams",
              "non_striker": "KK Donovan",
              "runs": {
                "batter": 0,
                "extras": 0,
                "total": 0
              }
            },
            {
              "batter": "ABY Smith",
              "bowler": "ET Williams",
              "non_striker": "KK Donovan",
              "runs": {
                "batter": 0,
                "extras": 0,
                "total": 0
              },
              "wickets": [
                {
                  "player_out": "ABY Smith",
                  "fielders": [
                    {
                      "name": "T Elikana"
                    }
                  ],
                  "kind": "caught"
                }
              ]
            },
            {
              "batter": "R Castillo",
              "bowler": "ET Williams",
              "non_striker": "KK Donovan",
              "runs": {
                "batter": 0,
                "extras": 0,
                "total": 0
              }
            }
          ]
        },
        {
          "over": 13,
          "deliveries": [
            {
              "batter": "KK Donovan",
              "bowler": "R Aurora",
              "non_striker": "R Castillo",
              "runs": {
                "batter": 0,
                "extras": 0,
                "total": 0
              }
            },
            {
              "batter": "KK Donovan",
              "bowler": "R Aurora",
              "non_striker": "R Castillo",
              "runs": {
                "batter": 0,
                "extras": 0,
                "total": 0
              }
            },
            {
              "batter": "KK Donovan",
              "bowler": "R Aurora",
              "non_striker": "R Castillo",
              "runs": {
                "batter": 0,
                "extras": 0,
                "total": 0
              },
              "wickets": [
                {
                  "player_out": "KK Donovan",
                  "fielders": [
                    {
                      "name": "Z Maeva"
                    }
                  ],
                  "kind": "caught"
                }
              ]
            },
            {
              "batter": "AS Miranda",
              "bowler": "R Aurora",
              "extras": {
                "noballs": 1
              },
              "non_striker": "R Castillo",
              "runs": {
                "batter": 0,
                "extras": 1,
                "total": 1
              }
            },
            {
              "batter": "AS Miranda",
              "bowler": "R Aurora",
              "non_striker": "R Castillo",
              "runs": {
                "batter": 1,
                "extras": 0,
                "total": 1
              }
            },
            {
              "batter": "R Castillo",
              "bowler": "R Aurora",
              "non_striker": "AS Miranda",
              "runs": {
                "batter": 0,
                "extras": 0,
                "total": 0
              }
            },
            {
              "batter": "R Castillo",
              "bowler": "R Aurora",
              "non_striker": "AS Miranda",
              "runs": {
                "batter": 0,
                "extras": 0,
                "total": 0
              }
            }
          ]
        },
        {
          "over": 14,
          "deliveries": [
            {
              "batter": "AS Miranda",
              "bowler": "ET Williams",
              "non_striker": "R Castillo",
              "runs": {
                "batter": 0,
                "extras": 0,
                "total": 0
              }
            },
            {
              "batter": "AS Miranda",
              "bowler": "ET Williams",
              "non_striker": "R Castillo",
              "runs": {
                "batter": 2,
                "extras": 0,
                "total": 2
              }
            },
            {
              "batter": "AS Miranda",
              "bowler": "ET Williams",
              "non_striker": "R Castillo",
              "runs": {
                "batter": 0,
                "extras": 0,
                "total": 0
              }
            },
            {
              "batter": "AS Miranda",
              "bowler": "ET Williams",
              "extras": {
                "byes": 2
              },
              "non_striker": "R Castillo",
              "runs": {
                "batter": 0,
                "extras": 2,
                "total": 2
              }
            },
            {
              "batter": "AS Miranda",
              "bowler": "ET Williams",
              "non_striker": "R Castillo",
              "runs": {
                "batter": 0,
                "extras": 0,
                "total": 0
              }
            },
            {
              "batter": "AS Miranda",
              "bowler": "ET Williams",
              "extras": {
                "wides": 2
              },
              "non_striker": "R Castillo",
              "runs": {
                "batter": 0,
                "extras": 2,
                "total": 2
              }
            },
            {
              "batter": "R Castillo",
              "bowler": "ET Williams",
              "non_striker": "AS Miranda",
              "runs": {
                "batter": 0,
                "extras": 0,
                "total": 0
              }
            }
          ]
        },
        {
          "over": 15,
          "deliveries": [
            {
              "batter": "AS Miranda",
              "bowler": "R Aurora",
              "non_striker": "R Castillo",
              "runs": {
                "batter": 1,
                "extras": 0,
                "total": 1
              }
            },
            {
              "batter": "R Castillo",
              "bowler": "R Aurora",
              "non_striker": "AS Miranda",
              "runs": {
                "batter": 1,
                "extras": 0,
                "total": 1
              }
            },
            {
              "batter": "AS Miranda",
              "bowler": "R Aurora",
              "extras": {
                "wides": 1
              },
              "non_striker": "R Castillo",
              "runs": {
                "batter": 0,
                "extras": 1,
                "total": 1
              }
            },
            {
              "batter": "AS Miranda",
              "bowler": "R Aurora",
              "non_striker": "R Castillo",
              "runs": {
                "batter": 0,
                "extras": 0,
                "total": 0
              }
            },
            {
              "batter": "AS Miranda",
              "bowler": "R Aurora",
              "non_striker": "R Castillo",
              "runs": {
                "batter": 0,
                "extras": 0,
                "total": 0
              }
            },
            {
              "batter": "AS Miranda",
              "bowler": "R Aurora",
              "extras": {
                "wides": 1
              },
              "non_striker": "R Castillo",
              "runs": {
                "batter": 0,
                "extras": 1,
                "total": 1
              }
            },
            {
              "batter": "AS Miranda",
              "bowler": "R Aurora",
              "extras": {
                "wides": 1
              },
              "non_striker": "R Castillo",
              "runs": {
                "batter": 0,
                "extras": 1,
                "total": 1
              }
            },
            {
              "batter": "AS Miranda",
              "bowler": "R Aurora",
              "non_striker": "R Castillo",
              "runs": {
                "batter": 1,
                "extras": 0,
                "total": 1
              }
            },
            {
              "batter": "R Castillo",
              "bowler": "R Aurora",
              "non_striker": "AS Miranda",
              "runs": {
                "batter": 0,
                "extras": 0,
                "total": 0
              }
            }
          ]
        },
        {
          "over": 16,
          "deliveries": [
            {
              "batter": "AS Miranda",
              "bowler": "GES Sullivan",
              "extras": {
                "wides": 1
              },
              "non_striker": "R Castillo",
              "runs": {
                "batter": 0,
                "extras": 1,
                "total": 1
              }
            },
            {
              "batter": "AS Miranda",
              "bowler": "GES Sullivan",
              "non_striker": "R Castillo",
              "runs": {
                "batter": 0,
                "extras": 0,
                "total": 0
              }
            },
            {
              "batter": "AS Miranda",
              "bowler": "GES Sullivan",
              "non_striker": "R Castillo",
              "runs": {
                "batter": 0,
                "extras": 0,
                "total": 0
              },
              "wickets": [
                {
                  "player_out": "AS Miranda",
                  "fielders": [
                    {
                      "name": "T Elikana"
                    }
                  ],
                  "kind": "caught"
                }
              ]
            },
            {
              "batter": "Angela Busa",
              "bowler": "GES Sullivan",
              "non_striker": "R Castillo",
              "runs": {
                "batter": 0,
                "extras": 0,
                "total": 0
              }
            },
            {
              "batter": "Angela Busa",
              "bowler": "GES Sullivan",
              "non_striker": "R Castillo",
              "runs": {
                "batter": 0,
                "extras": 0,
                "total": 0
              }
            },
            {
              "batter": "Angela Busa",
              "bowler": "GES Sullivan",
              "non_striker": "R Castillo",
              "runs": {
                "batter": 0,
                "extras": 0,
                "total": 0
              },
              "wickets": [
                {
                  "player_out": "Angela Busa",
                  "fielders": [
                    {
                      "name": "A Katoa"
                    }
                  ],
                  "kind": "run out"
                }
              ]
            },
            {
              "batter": "R Castillo",
              "bowler": "GES Sullivan",
              "non_striker": "Kyte Gullem Keen",
              "runs": {
                "batter": 1,
                "extras": 0,
                "total": 1
              }
            }
          ]
        },
        {
          "over": 17,
          "deliveries": [
            {
              "batter": "R Castillo",
              "bowler": "T Elikana",
              "non_striker": "Kyte Gullem Keen",
              "runs": {
                "batter": 1,
                "extras": 0,
                "total": 1
              }
            },
            {
              "batter": "Kyte Gullem Keen",
              "bowler": "T Elikana",
              "non_striker": "R Castillo",
              "runs": {
                "batter": 1,
                "extras": 0,
                "total": 1
              }
            },
            {
              "batter": "R Castillo",
              "bowler": "T Elikana",
              "non_striker": "Kyte Gullem Keen",
              "runs": {
                "batter": 1,
                "extras": 0,
                "total": 1
              }
            },
            {
              "batter": "Kyte Gullem Keen",
              "bowler": "T Elikana",
              "extras": {
                "wides": 1
              },
              "non_striker": "R Castillo",
              "runs": {
                "batter": 0,
                "extras": 1,
                "total": 1
              }
            },
            {
              "batter": "Kyte Gullem Keen",
              "bowler": "T Elikana",
              "non_striker": "R Castillo",
              "runs": {
                "batter": 0,
                "extras": 0,
                "total": 0
              }
            },
            {
              "batter": "Kyte Gullem Keen",
              "bowler": "T Elikana",
              "non_striker": "R Castillo",
              "runs": {
                "batter": 0,
                "extras": 0,
                "total": 0
              }
            },
            {
              "batter": "Kyte Gullem Keen",
              "bowler": "T Elikana",
              "non_striker": "R Castillo",
              "runs": {
                "batter": 0,
                "extras": 0,
                "total": 0
              }
            }
          ]
        },
        {
          "over": 18,
          "deliveries": [
            {
              "batter": "R Castillo",
              "bowler": "GES Sullivan",
              "non_striker": "Kyte Gullem Keen",
              "runs": {
                "batter": 1,
                "extras": 0,
                "total": 1
              }
            },
            {
              "batter": "Kyte Gullem Keen",
              "bowler": "GES Sullivan",
              "non_striker": "R Castillo",
              "runs": {
                "batter": 0,
                "extras": 0,
                "total": 0
              },
              "wickets": [
                {
                  "player_out": "Kyte Gullem Keen",
                  "fielders": [
                    {
                      "name": "S Vaia"
                    }
                  ],
                  "kind": "stumped"
                }
              ]
            },
            {
              "batter": "Ma Luz Barcelona",
              "bowler": "GES Sullivan",
              "non_striker": "R Castillo",
              "runs": {
                "batter": 0,
                "extras": 0,
                "total": 0
              }
            },
            {
              "batter": "Ma Luz Barcelona",
              "bowler": "GES Sullivan",
              "non_striker": "R Castillo",
              "runs": {
                "batter": 0,
                "extras": 0,
                "total": 0
              }
            },
            {
              "batter": "Ma Luz Barcelona",
              "bowler": "GES Sullivan",
              "non_striker": "R Castillo",
              "runs": {
                "batter": 0,
                "extras": 0,
                "total": 0
              },
              "wickets": [
                {
                  "player_out": "Ma Luz Barcelona",
                  "kind": "bowled"
                }
              ]
            },
            {
              "batter": "JR Medianesta",
              "bowler": "GES Sullivan",
              "non_striker": "R Castillo",
              "runs": {
                "batter": 0,
                "extras": 0,
                "total": 0
              }
            }
          ]
        },
        {
          "over": 19,
          "deliveries": [
            {
              "batter": "R Castillo",
              "bowler": "T Elikana",
              "extras": {
                "wides": 1
              },
              "non_striker": "JR Medianesta",
              "runs": {
                "batter": 0,
                "extras": 1,
                "total": 1
              }
            },
            {
              "batter": "R Castillo",
              "bowler": "T Elikana",
              "non_striker": "JR Medianesta",
              "runs": {
                "batter": 0,
                "extras": 0,
                "total": 0
              },
              "wickets": [
                {
                  "player_out": "R Castillo",
                  "fielders": [
                    {
                      "name": "R Bowers-Fleming"
                    }
                  ],
                  "kind": "caught"
                }
              ]
            }
          ]
        }
      ],
      "powerplays": [
        {
          "from": 0.1,
          "to": 5.6,
          "type": "mandatory"
        }
      ],
      "target": {
        "overs": 20,
        "runs": 126
      }
    }
  ]
}