{
  "meta": {
    "data_version": "1.1.0",
    "created": "2025-04-10",
    "revision": 1
  },
  "info": {
    "balls_per_over": 6,
    "city": "Bali",
    "dates": [
      "2025-04-10"
    ],
    "event": {
      "name": "Kartini Cup",
      "match_number": 2
    },
    "gender": "female",
    "match_type": "T20",
    "match_type_number": 2229,
    "officials": {
      "umpires": [
        "F Shony",
        "S Hawoe"
      ]
    },
    "outcome": {
      "winner": "Indonesia",
      "by": {
        "runs": 76
      }
    },
    "overs": 20,
    "player_of_match": [
      "D Wulandari"
    ],
    "players": {
      "Indonesia": [
        "M Corazon",
        "D Wulandari",
        "BD Pare",
        "KS Kasse",
        "NPAN Sakarini",
        "NLKWR Dewi",
        "DAL Paramitha",
        "Emily Sirs",
        "NW Sariani",
        "SAN Maypriani",
        "NK Ariani"
      ],
      "Philippines": [
        "ABY Smith",
        "JKD Andreano",
        "AR Valdez",
        "KK Donovan",
        "Karri Gullem Keen",
        "SF Sirah",
        "Angela Busa",
        "AS Miranda",
        "R Castillo",
        "Kyte Gullem Keen",
        "JR Medianesta"
      ]
    },
    "registry": {
      "people": {
        "ABY Smith": "fcb4448f",
        "AR Valdez": "3c3f34b0",
        "AS Miranda": "283e47fa",
        "Angela Busa": "cbef5af4",
        "BD Pare": "7b702d77",
        "D Wulandari": "8c0d904e",
        "DAL Paramitha": "84f831c3",
        "Emily Sirs": "aa88b08b",
        "F Shony": "85712af4",
        "JKD Andreano": "757baa30",
        "JR Medianesta": "538cb58a",
        "KK Donovan": "ef2a7af4",
        "KS Kasse": "007a3773",
        "Karri Gullem Keen": "bb7b014a",
        "Kyte Gullem Keen": "f3f654c2",
        "M Corazon": "0baa36e0",
        "NK Ariani": "382377a4",
        "NLKWR Dewi": "d04fc4a4",
        "NPAN Sakarini": "72b5decf",
        "NW Sariani": "e910d955",
        "R Castillo": "716ba9ef",
        "S Hawoe": "e773dfe5",
        "SAN Maypriani": "ad135bde",
        "SF Sirah": "48bd237f"
      }
    },
    "season": "2025",
    "team_type": "international",
    "teams": [
      "Indonesia",
      "Philippines"
    ],
    "toss": {
      "decision": "field",
      "winner": "Philippines"
    },
    "venue": "Udayana Cricket Ground"
  },
  "innings": [
    {
      "team": "Indonesia",
      "overs": [
        {
          "over": 0,
          "deliveries": [
            {
              "batter": "M Corazon",
              "bowler": "KK Donovan",
              "non_striker": "D Wulandari",
              "runs": {
                "batter": 0,
                "extras": 0,
                "total": 0
              }
            },
            {
              "batter": "M Corazon",
              "bowler": "KK Donovan",
              "extras": {
                "wides": 2
              },
              "non_striker": "D Wulandari",
              "runs": {
                "batter": 0,
                "extras": 2,
                "total": 2
              }
            },
            {
              "batter": "D Wulandari",
              "bowler": "KK Donovan",
              "non_striker": "M Corazon",
              "runs": {
                "batter": 0,
                "extras": 0,
                "total": 0
              }
            },
            {
              "batter": "D Wulandari",
              "bowler": "KK Donovan",
              "extras": {
                "wides": 1
              },
              "non_striker": "M Corazon",
              "runs": {
                "batter": 0,
                "extras": 1,
                "total": 1
              }
            },
            {
              "batter": "D Wulandari",
              "bowler": "KK Donovan",
              "non_striker": "M Corazon",
              "runs": {
                "batter": 0,
                "extras": 0,
                "total": 0
              }
            },
            {
              "batter": "D Wulandari",
              "bowler": "KK Donovan",
              "extras": {
                "byes": 1
              },
              "non_striker": "M Corazon",
              "runs": {
                "batter": 0,
                "extras": 1,
                "total": 1
              }
            },
            {
              "batter": "M Corazon",
              "bowler": "KK Donovan",
              "non_striker": "D Wulandari",
              "runs": {
                "batter": 0,
                "extras": 0,
                "total": 0
              },
              "wickets": [
                {
                  "player_out": "M Corazon",
                  "kind": "bowled"
                }
              ]
            },
            {
              "batter": "BD Pare",
              "bowler": "KK Donovan",
              "extras": {
                "wides": 1
              },
              "non_striker": "D Wulandari",
              "runs": {
                "batter": 0,
                "extras": 1,
                "total": 1
              }
            },
            {
              "batter": "BD Pare",
              "bowler": "KK Donovan",
              "non_striker": "D Wulandari",
              "runs": {
                "batter": 0,
                "extras": 0,
                "total": 0
              }
            }
          ]
        },
        {
          "over": 1,
          "deliveries": [
            {
              "batter": "D Wulandari",
              "bowler": "Karri Gullem Keen",
              "non_striker": "BD Pare",
              "runs": {
                "batter": 1,
                "extras": 0,
                "total": 1
              }
            },
            {
              "batter": "BD Pare",
              "bowler": "Karri Gullem Keen",
              "non_striker": "D Wulandari",
              "runs": {
                "batter": 0,
                "extras": 0,
                "total": 0
              }
            },
            {
              "batter": "BD Pare",
              "bowler": "Karri Gullem Keen",
              "non_striker": "D Wulandari",
              "runs": {
                "batter": 2,
                "extras": 0,
                "total": 2
              }
            },
            {
              "batter": "BD Pare",
              "bowler": "Karri Gullem Keen",
              "non_striker": "D Wulandari",
              "runs": {
                "batter": 1,
                "extras": 0,
                "total": 1
              }
            },
            {
              "batter": "D Wulandari",
              "bowler": "Karri Gullem Keen",
              "non_striker": "BD Pare",
              "runs": {
                "batter": 0,
                "extras": 0,
                "total": 0
              }
            },
            {
              "batter": "D Wulandari",
              "bowler": "Karri Gullem Keen",
              "non_striker": "BD Pare",
              "runs": {
                "batter": 0,
                "extras": 0,
                "total": 0
              }
            }
          ]
        },
        {
          "over": 2,
          "deliveries": [
            {
              "batter": "BD Pare",
              "bowler": "KK Donovan",
              "non_striker": "D Wulandari",
              "runs": {
                "batter": 0,
                "extras": 0,
                "total": 0
              },
              "wickets": [
                {
                  "player_out": "BD Pare",
                  "kind": "bowled"
                }
              ]
            },
            {
              "batter": "KS Kasse",
              "bowler": "KK Donovan",
              "extras": {
                "wides": 1
              },
              "non_striker": "D Wulandari",
              "runs": {
                "batter": 0,
                "extras": 1,
                "total": 1
              }
            },
            {
              "batter": "KS Kasse",
              "bowler": "KK Donovan",
              "non_striker": "D Wulandari",
              "runs": {
                "batter": 0,
                "extras": 0,
                "total": 0
              },
              "wickets": [
                {
                  "player_out": "KS Kasse",
                  "kind": "bowled"
                }
              ]
            },
            {
              "batter": "NPAN Sakarini",
              "bowler": "KK Donovan",
              "extras": {
                "wides": 1
              },
              "non_striker": "D Wulandari",
              "runs": {
                "batter": 0,
                "extras": 1,
                "total": 1
              }
            },
            {
              "batter": "NPAN Sakarini",
              "bowler": "KK Donovan",
              "non_striker": "D Wulandari",
              "runs": {
                "batter": 2,
                "extras": 0,
                "total": 2
              }
            },
            {
              "batter": "NPAN Sakarini",
              "bowler": "KK Donovan",
              "non_striker": "D Wulandari",
              "runs": {
                "batter": 1,
                "extras": 0,
                "total": 1
              }
            },
            {
              "batter": "D Wulandari",
              "bowler": "KK Donovan",
              "non_striker": "NPAN Sakarini",
              "runs": {
                "batter": 0,
                "extras": 0,
                "total": 0
              }
            },
            {
              "batter": "D Wulandari",
              "bowler": "KK Donovan",
              "non_striker": "NPAN Sakarini",
              "runs": {
                "batter": 0,
                "extras": 0,
                "total": 0
              }
            }
          ]
        },
        {
          "over": 3,
          "deliveries": [
            {
              "batter": "NPAN Sakarini",
              "bowler": "Karri Gullem Keen",
              "non_striker": "D Wulandari",
              "runs": {
                "batter": 1,
                "extras": 0,
                "total": 1
              }
            },
            {
              "batter": "D Wulandari",
              "bowler": "Karri Gullem Keen",
              "non_striker": "NPAN Sakarini",
              "runs": {
                "batter": 0,
                "extras": 0,
                "total": 0
              }
            },
            {
              "batter": "D Wulandari",
              "bowler": "Karri Gullem Keen",
              "non_striker": "NPAN Sakarini",
              "runs": {
                "batter": 1,
                "extras": 0,
                "total": 1
              }
            },
            {
              "batter": "NPAN Sakarini",
              "bowler": "Karri Gullem Keen",
              "non_striker": "D Wulandari",
              "runs": {
                "batter": 0,
                "extras": 0,
                "total": 0
              }
            },
            {
              "batter": "NPAN Sakarini",
              "bowler": "Karri Gullem Keen",
              "non_striker": "D Wulandari",
              "runs": {
                "batter": 0,
                "extras": 0,
                "total": 0
              }
            },
            {
              "batter": "NPAN Sakarini",
              "bowler": "Karri Gullem Keen",
              "non_striker": "D Wulandari",
              "runs": {
                "batter": 0,
                "extras": 0,
                "total": 0
              }
            }
          ]
        },
        {
          "over": 4,
          "deliveries": [
            {
              "batter": "D Wulandari",
              "bowler": "KK Donovan",
              "non_striker": "NPAN Sakarini",
              "runs": {
                "batter": 0,
                "extras": 0,
                "total": 0
              }
            },
            {
              "batter": "D Wulandari",
              "bowler": "KK Donovan",
              "non_striker": "NPAN Sakarini",
              "runs": {
                "batter": 1,
                "extras": 0,
                "total": 1
              }
            },
            {
              "batter": "NPAN Sakarini",
              "bowler": "KK Donovan",
              "non_striker": "D Wulandari",
              "runs": {
                "batter": 0,
                "extras": 0,
                "total": 0
              }
            },
            {
              "batter": "NPAN Sakarini",
              "bowler": "KK Donovan",
              "non_striker": "D Wulandari",
              "runs": {
                "batter": 0,
                "extras": 0,
                "total": 0
              }
            },
            {
              "batter": "NPAN Sakarini",
              "bowler": "KK Donovan",
              "extras": {
                "wides": 1
              },
              "non_striker": "D Wulandari",
              "runs": {
                "batter": 0,
                "extras": 1,
                "total": 1
              }
            },
            {
              "batter": "NPAN Sakarini",
              "bowler": "KK Donovan",
              "extras": {
                "wides": 1
              },
              "non_striker": "D Wulandari",
              "runs": {
                "batter": 0,
                "extras": 1,
                "total": 1
              }
            },
            {
              "batter": "NPAN Sakarini",
              "bowler": "KK Donovan",
              "non_striker": "D Wulandari",
              "runs": {
                "batter": 0,
                "extras": 0,
                "total": 0
              }
            },
            {
              "batter": "NPAN Sakarini",
              "bowler": "KK Donovan",
              "non_striker": "D Wulandari",
              "runs": {
                "batter": 0,
                "extras": 0,
                "total": 0
              }
            }
          ]
        },
        {
          "over": 5,
          "deliveries": [
            {
              "batter": "D Wulandari",
              "bowler": "Karri Gullem Keen",
              "non_striker": "NPAN Sakarini",
              "runs": {
                "batter": 1,
                "extras": 0,
                "total": 1
              }
            },
            {
              "batter": "NPAN Sakarini",
              "bowler": "Karri Gullem Keen",
              "non_striker": "D Wulandari",
              "runs": {
                "batter": 4,
                "extras": 0,
                "total": 4
              }
            },
            {
              "batter": "NPAN Sakarini",
              "bowler": "Karri Gullem Keen",
              "non_striker": "D Wulandari",
              "runs": {
                "batter": 0,
                "extras": 0,
                "total": 0
              }
            },
            {
              "batter": "NPAN Sakarini",
              "bowler": "Karri Gullem Keen",
              "extras": {
                "wides": 1
              },
              "non_striker": "D Wulandari",
              "runs": {
                "batter": 0,
                "extras": 1,
                "total": 1
              }
            },
            {
              "batter": "NPAN Sakarini",
              "bowler": "Karri Gullem Keen",
              "non_striker": "D Wulandari",
              "runs": {
                "batter": 0,
                "extras": 0,
                "total": 0
              },
              "wickets": [
                {
                  "player_out": "NPAN Sakarini",
                  "kind": "bowled"
                }
              ]
            },
            {
              "batter": "NLKWR Dewi",
              "bowler": "Karri Gullem Keen",
              "non_striker": "D Wulandari",
              "runs": {
                "batter": 1,
                "extras": 0,
                "total": 1
              }
            },
            {
              "batter": "D Wulandari",
              "bowler": "Karri Gullem Keen",
              "non_striker": "NLKWR Dewi",
              "runs": {
                "batter": 4,
                "extras": 0,
                "total": 4
              }
            }
          ]
        },
        {
          "over": 6,
          "deliveries": [
            {
              "batter": "NLKWR Dewi",
              "bowler": "ABY Smith",
              "non_striker": "D Wulandari",
              "runs": {
                "batter": 0,
                "extras": 0,
                "total": 0
              }
            },
            {
              "batter": "NLKWR Dewi",
              "bowler": "ABY Smith",
              "non_striker": "D Wulandari",
              "runs": {
                "batter": 1,
                "extras": 0,
                "total": 1
              }
            },
            {
              "batter": "D Wulandari",
              "bowler": "ABY Smith",
              "non_striker": "NLKWR Dewi",
              "runs": {
                "batter": 0,
                "extras": 0,
                "total": 0
              }
            },
            {
              "batter": "D Wulandari",
              "bowler": "ABY Smith",
              "non_striker": "NLKWR Dewi",
              "runs": {
                "batter": 1,
                "extras": 0,
                "total": 1
              }
            },
            {
              "batter": "NLKWR Dewi",
              "bowler": "ABY Smith",
              "non_striker": "D Wulandari",
              "runs": {
                "batter": 1,
                "extras": 0,
                "total": 1
              }
            },
            {
              "batter": "D Wulandari",
              "bowler": "ABY Smith",
              "extras": {
                "wides": 1
              },
              "non_striker": "NLKWR Dewi",
              "runs": {
                "batter": 0,
                "extras": 1,
                "total": 1
              }
            },
            {
              "batter": "D Wulandari",
              "bowler": "ABY Smith",
              "non_striker": "NLKWR Dewi",
              "runs": {
                "batter": 2,
                "extras": 0,
                "total": 2
              }
            }
          ]
        },
        {
          "over": 7,
          "deliveries": [
            {
              "batter": "NLKWR Dewi",
              "bowler": "JKD Andreano",
              "non_striker": "D Wulandari",
              "runs": {
                "batter": 4,
                "extras": 0,
                "total": 4
              }
            },
            {
              "batter": "NLKWR Dewi",
              "bowler": "JKD Andreano",
              "non_striker": "D Wulandari",
              "runs": {
                "batter": 0,
                "extras": 0,
                "total": 0
              },
              "wickets": [
                {
                  "player_out": "NLKWR Dewi",
                  "fielders": [
                    {
                      "name": "KK Donovan"
                    }
                  ],
                  "kind": "caught"
                }
              ]
            },
            {
              "batter": "DAL Paramitha",
              "bowler": "JKD Andreano",
              "non_striker": "D Wulandari",
              "runs": {
                "batter": 0,
                "extras": 0,
                "total": 0
              }
            },
            {
              "batter": "DAL Paramitha",
              "bowler": "JKD Andreano",
              "non_striker": "D Wulandari",
              "runs": {
                "batter": 1,
                "extras": 0,
                "total": 1
              }
            },
            {
              "batter": "D Wulandari",
              "bowler": "JKD Andreano",
              "non_striker": "DAL Paramitha",
              "runs": {
                "batter": 1,
                "extras": 0,
                "total": 1
              }
            },
            {
              "batter": "DAL Paramitha",
              "bowler": "JKD Andreano",
              "non_striker": "D Wulandari",
              "runs": {
                "batter": 2,
                "extras": 0,
                "total": 2
              }
            }
          ]
        },
        {
          "over": 8,
          "deliveries": [
            {
              "batter": "D Wulandari",
              "bowler": "ABY Smith",
              "non_striker": "DAL Paramitha",
              "runs": {
                "batter": 2,
                "extras": 0,
                "total": 2
              }
            },
            {
              "batter": "D Wulandari",
              "bowler": "ABY Smith",
              "non_striker": "DAL Paramitha",
              "runs": {
                "batter": 1,
                "extras": 0,
                "total": 1
              }
            },
            {
              "batter": "DAL Paramitha",
              "bowler": "ABY Smith",
              "non_striker": "D Wulandari",
              "runs": {
                "batter": 0,
                "extras": 0,
                "total": 0
              }
            },
            {
              "batter": "DAL Paramitha",
              "bowler": "ABY Smith",
              "non_striker": "D Wulandari",
              "runs": {
                "batter": 1,
                "extras": 0,
                "total": 1
              }
            },
            {
              "batter": "D Wulandari",
              "bowler": "ABY Smith",
              "non_striker": "DAL Paramitha",
              "runs": {
                "batter": 2,
                "extras": 0,
                "total": 2
              }
            },
            {
              "batter": "D Wulandari",
              "bowler": "ABY Smith",
              "non_striker": "DAL Paramitha",
              "runs": {
                "batter": 2,
                "extras": 0,
                "total": 2
              }
            }
          ]
        },
        {
          "over": 9,
          "deliveries": [
            {
              "batter": "DAL Paramitha",
              "bowler": "JKD Andreano",
              "non_striker": "D Wulandari",
              "runs": {
                "batter": 0,
                "extras": 0,
                "total": 0
              }
            },
            {
              "batter": "DAL Paramitha",
              "bowler": "JKD Andreano",
              "non_striker": "D Wulandari",
              "runs": {
                "batter": 0,
                "extras": 0,
                "total": 0
              }
            },
            {
              "batter": "DAL Paramitha",
              "bowler": "JKD Andreano",
              "non_striker": "D Wulandari",
              "runs": {
                "batter": 1,
                "extras": 0,
                "total": 1
              }
            },
            {
              "batter": "D Wulandari",
              "bowler": "JKD Andreano",
              "non_striker": "DAL Paramitha",
              "runs": {
                "batter": 2,
                "extras": 0,
                "total": 2
              }
            },
            {
              "batter": "D Wulandari",
              "bowler": "JKD Andreano",
              "non_striker": "DAL Paramitha",
              "runs": {
                "batter": 1,
                "extras": 0,
                "total": 1
              }
            },
            {
              "batter": "DAL Paramitha",
              "bowler": "JKD Andreano",
              "extras": {
                "wides": 1
              },
              "non_striker": "D Wulandari",
              "runs": {
                "batter": 0,
                "extras": 1,
                "total": 1
              }
            },
            {
              "batter": "DAL Paramitha",
              "bowler": "JKD Andreano",
              "non_striker": "D Wulandari",
              "runs": {
                "batter": 0,
                "extras": 0,
                "total": 0
              }
            }
          ]
        },
        {
          "over": 10,
          "deliveries": [
            {
              "batter": "D Wulandari",
              "bowler": "AR Valdez",
              "non_striker": "DAL Paramitha",
              "runs": {
                "batter": 2,
                "extras": 0,
                "total": 2
              }
            },
            {
              "batter": "D Wulandari",
              "bowler": "AR Valdez",
              "non_striker": "DAL Paramitha",
              "runs": {
                "batter": 0,
                "extras": 0,
                "total": 0
              }
            },
            {
              "batter": "D Wulandari",
              "bowler": "AR Valdez",
              "non_striker": "DAL Paramitha",
              "runs": {
                "batter": 0,
                "extras": 0,
                "total": 0
              }
            },
            {
              "batter": "D Wulandari",
              "bowler": "AR Valdez",
              "non_striker": "DAL Paramitha",
              "runs": {
                "batter": 2,
                "extras": 0,
                "total": 2
              }
            },
            {
              "batter": "D Wulandari",
              "bowler": "AR Valdez",
              "non_striker": "DAL Paramitha",
              "runs": {
                "batter": 1,
                "extras": 0,
                "total": 1
              }
            },
            {
              "batter": "DAL Paramitha",
              "bowler": "AR Valdez",
              "non_striker": "D Wulandari",
              "runs": {
                "batter": 0,
                "extras": 0,
                "total": 0
              }
            }
          ]
        },
        {
          "over": 11,
          "deliveries": [
            {
              "batter": "D Wulandari",
              "bowler": "JKD Andreano",
              "non_striker": "DAL Paramitha",
              "runs": {
                "batter": 4,
                "extras": 0,
                "total": 4
              }
            },
            {
              "batter": "D Wulandari",
              "bowler": "JKD Andreano",
              "non_striker": "DAL Paramitha",
              "runs": {
                "batter": 2,
                "extras": 0,
                "total": 2
              }
            },
            {
              "batter": "D Wulandari",
              "bowler": "JKD Andreano",
              "non_striker": "DAL Paramitha",
              "runs": {
                "batter": 0,
                "extras": 0,
                "total": 0
              }
            },
            {
              "batter": "D Wulandari",
              "bowler": "JKD Andreano",
              "non_striker": "DAL Paramitha",
              "runs": {
                "batter": 1,
                "extras": 0,
                "total": 1
              }
            },
            {
              "batter": "DAL Paramitha",
              "bowler": "JKD Andreano",
              "non_striker": "D Wulandari",
              "runs": {
                "batter": 2,
                "extras": 0,
                "total": 2
              }
            },
            {
              "batter": "DAL Paramitha",
              "bowler": "JKD Andreano",
              "non_striker": "D Wulandari",
              "runs": {
                "batter": 1,
                "extras": 0,
                "total": 1
              }
            }
          ]
        },
        {
          "over": 12,
          "deliveries": [
            {
              "batter": "DAL Paramitha",
              "bowler": "AR Valdez",
              "non_striker": "D Wulandari",
              "runs": {
                "batter": 0,
                "extras": 0,
                "total": 0
              }
            },
            {
              "batter": "DAL Paramitha",
              "bowler": "AR Valdez",
              "non_striker": "D Wulandari",
              "runs": {
                "batter": 1,
                "extras": 0,
                "total": 1
              }
            },
            {
              "batter": "D Wulandari",
              "bowler": "AR Valdez",
              "non_striker": "DAL Paramitha",
              "runs": {
                "batter": 1,
                "extras": 0,
                "total": 1
              }
            },
            {
              "batter": "DAL Paramitha",
              "bowler": "AR Valdez",
              "non_striker": "D Wulandari",
              "runs": {
                "batter": 2,
                "extras": 0,
                "total": 2
              }
            },
            {
              "batter": "DAL Paramitha",
              "bowler": "AR Valdez",
              "non_striker": "D Wulandari",
              "runs": {
                "batter": 1,
                "extras": 0,
                "total": 1
              }
            },
            {
              "batter": "D Wulandari",
              "bowler": "AR Valdez",
              "non_striker": "DAL Paramitha",
              "runs": {
                "batter": 0,
                "extras": 0,
                "total": 0
              }
            }
          ]
        },
        {
          "over": 13,
          "deliveries": [
            {
              "batter": "DAL Paramitha",
              "bowler": "Angela Busa",
              "extras": {
                "wides": 1
              },
              "non_striker": "D Wulandari",
              "runs": {
                "batter": 0,
                "extras": 1,
                "total": 1
              }
            },
            {
              "batter": "DAL Paramitha",
              "bowler": "Angela Busa",
              "extras": {
                "wides": 1
              },
              "non_striker": "D Wulandari",
              "runs": {
                "batter": 0,
                "extras": 1,
                "total": 1
              }
            },
            {
              "batter": "DAL Paramitha",
              "bowler": "Angela Busa",
              "extras": {
                "noballs": 1
              },
              "non_striker": "D Wulandari",
              "runs": {
                "batter": 0,
                "extras": 1,
                "total": 1
              }
            },
            {
              "batter": "DAL Paramitha",
              "bowler": "Angela Busa",
              "non_striker": "D Wulandari",
              "runs": {
                "batter": 1,
                "extras": 0,
                "total": 1
              }
            },
            {
              "batter": "D Wulandari",
              "bowler": "Angela Busa",
              "non_striker": "DAL Paramitha",
              "runs": {
                "batter": 4,
                "extras": 0,
                "total": 4
              }
            },
            {
              "batter": "D Wulandari",
              "bowler": "Angela Busa",
              "non_striker": "DAL Paramitha",
              "runs": {
                "batter": 4,
                "extras": 0,
                "total": 4
              }
            },
            {
              "batter": "D Wulandari",
              "bowler": "Angela Busa",
              "extras": {
                "byes": 2
              },
              "non_striker": "DAL Paramitha",
              "runs": {
                "batter": 0,
                "extras": 2,
                "total": 2
              }
            },
            {
              "batter": "D Wulandari",
              "bowler": "Angela Busa",
              "non_striker": "DAL Paramitha",
              "runs": {
                "batter": 1,
                "extras": 0,
                "total": 1
              }
            },
            {
              "batter": "DAL Paramitha",
              "bowler": "Angela Busa",
              "non_striker": "D Wulandari",
              "runs": {
                "batter": 0,
                "extras": 0,
                "total": 0
              },
              "wickets": [
                {
                  "player_out": "DAL Paramitha",
                  "kind": "caught and bowled"
                }
              ]
            }
          ]
        },
        {
          "over": 14,
          "deliveries": [
            {
              "batter": "D Wulandari",
              "bowler": "AR Valdez",
              "non_striker": "Emily Sirs",
              "runs": {
                "batter": 2,
                "extras": 0,
                "total": 2
              }
            },
            {
              "batter": "D Wulandari",
              "bowler": "AR Valdez",
              "non_striker": "Emily Sirs",
              "runs": {
                "batter": 1,
                "extras": 0,
                "total": 1
              }
            },
            {
              "batter": "Emily Sirs",
              "bowler": "AR Valdez",
              "extras": {
                "wides": 1
              },
              "non_striker": "D Wulandari",
              "runs": {
                "batter": 0,
                "extras": 1,
                "total": 1
              }
            },
            {
              "batter": "Emily Sirs",
              "bowler": "AR Valdez",
              "non_striker": "D Wulandari",
              "runs": {
                "batter": 1,
                "extras": 0,
                "total": 1
              }
            },
            {
              "batter": "D Wulandari",
              "bowler": "AR Valdez",
              "non_striker": "Emily Sirs",
              "runs": {
                "batter": 0,
                "extras": 0,
                "total": 0
              }
            },
            {
              "batter": "D Wulandari",
              "bowler": "AR Valdez",
              "non_striker": "Emily Sirs",
              "runs": {
                "batter": 1,
                "extras": 0,
                "total": 1
              }
            },
            {
              "batter": "Emily Sirs",
              "bowler": "AR Valdez",
              "extras": {
                "wides": 1
              },
              "non_striker": "D Wulandari",
              "runs": {
                "batter": 0,
                "extras": 1,
                "total": 1
              }
            },
            {
              "batter": "Emily Sirs",
              "bowler": "AR Valdez",
              "non_striker": "D Wulandari",
              "runs": {
                "batter": 0,
                "extras": 0,
                "total": 0
              }
            }
          ]
        },
        {
          "over": 15,
          "deliveries": [
            {
              "batter": "D Wulandari",
              "bowler": "ABY Smith",
              "non_striker": "Emily Sirs",
              "runs": {
                "batter": 2,
                "extras": 0,
                "total": 2
              }
            },
            {
              "batter": "D Wulandari",
              "bowler": "ABY Smith",
              "non_striker": "Emily Sirs",
              "runs": {
                "batter": 0,
                "extras": 0,
                "total": 0
              }
            },
            {
              "batter": "D Wulandari",
              "bowler": "ABY Smith",
              "non_striker": "Emily Sirs",
              "runs": {
                "batter": 2,
                "extras": 0,
                "total": 2
              }
            },
            {
              "batter": "D Wulandari",
              "bowler": "ABY Smith",
              "non_striker": "Emily Sirs",
              "runs": {
                "batter": 0,
                "extras": 0,
                "total": 0
              }
            },
            {
              "batter": "D Wulandari",
              "bowler": "ABY Smith",
              "non_striker": "Emily Sirs",
              "runs": {
                "batter": 2,
                "extras": 0,
                "total": 2
              }
            },
            {
              "batter": "D Wulandari",
              "bowler": "ABY Smith",
              "non_striker": "Emily Sirs",
              "runs": {
                "batter": 1,
                "extras": 0,
                "total": 1
              }
            }
          ]
        },
        {
          "over": 16,
          "deliveries": [
            {
              "batter": "D Wulandari",
              "bowler": "AR Valdez",
              "non_striker": "Emily Sirs",
              "runs": {
                "batter": 2,
                "extras": 0,
                "total": 2
              }
            },
            {
              "batter": "D Wulandari",
              "bowler": "AR Valdez",
              "non_striker": "Emily Sirs",
              "runs": {
                "batter": 1,
                "extras": 0,
                "total": 1
              }
            },
            {
              "batter": "Emily Sirs",
              "bowler": "AR Valdez",
              "non_striker": "D Wulandari",
              "runs": {
                "batter": 1,
                "extras": 0,
                "total": 1
              }
            },
            {
              "batter": "D Wulandari",
              "bowler": "AR Valdez",
              "non_striker": "Emily Sirs",
              "runs": {
                "batter": 2,
                "extras": 0,
                "total": 2
              }
            },
            {
              "batter": "D Wulandari",
              "bowler": "AR Valdez",
              "extras": {
                "wides": 1
              },
              "non_striker": "Emily Sirs",
              "runs": {
                "batter": 0,
                "extras": 1,
                "total": 1
              }
            },
            {
              "batter": "D Wulandari",
              "bowler": "AR Valdez",
              "non_striker": "Emily Sirs",
              "runs": {
                "batter": 0,
                "extras": 0,
                "total": 0
              }
            },
            {
              "batter": "D Wulandari",
              "bowler": "AR Valdez",
              "non_striker": "Emily Sirs",
              "runs": {
                "batter": 1,
                "extras": 0,
                "total": 1
              }
            }
          ]
        },
        {
          "over": 17,
          "deliveries": [
            {
              "batter": "D Wulandari",
              "bowler": "ABY Smith",
              "non_striker": "Emily Sirs",
              "runs": {
                "batter": 1,
                "extras": 0,
                "total": 1
              }
            },
            {
              "batter": "Emily Sirs",
              "bowler": "ABY Smith",
              "non_striker": "D Wulandari",
              "runs": {
                "batter": 1,
                "extras": 0,
                "total": 1
              }
            },
            {
              "batter": "D Wulandari",
              "bowler": "ABY Smith",
              "non_striker": "Emily Sirs",
              "runs": {
                "batter": 4,
                "extras": 0,
                "total": 4
              }
            },
            {
              "batter": "D Wulandari",
              "bowler": "ABY Smith",
              "non_striker": "Emily Sirs",
              "runs": {
                "batter": 0,
                "extras": 0,
                "total": 0
              }
            },
            {
              "batter": "D Wulandari",
              "bowler": "ABY Smith",
              "non_striker": "Emily Sirs",
              "runs": {
                "batter": 2,
                "extras": 0,
                "total": 2
              }
            },
            {
              "batter": "D Wulandari",
              "bowler": "ABY Smith",
              "non_striker": "Emily Sirs",
              "runs": {
                "batter": 1,
                "extras": 0,
                "total": 1
              }
            }
          ]
        },
        {
          "over": 18,
          "deliveries": [
            {
              "batter": "D Wulandari",
              "bowler": "KK Donovan",
              "extras": {
                "wides": 1
              },
              "non_striker": "Emily Sirs",
              "runs": {
                "batter": 0,
                "extras": 1,
                "total": 1
              }
            },
            {
              "batter": "D Wulandari",
              "bowler": "KK Donovan",
              "non_striker": "Emily Sirs",
              "runs": {
                "batter": 0,
                "extras": 0,
                "total": 0
              },
              "wickets": [
                {
                  "player_out": "D Wulandari",
                  "fielders": [
                    {
                      "name": "KK Donovan"
                    }
                  ],
                  "kind": "run out"
                }
              ]
            },
            {
              "batter": "NW Sariani",
              "bowler": "KK Donovan",
              "non_striker": "Emily Sirs",
              "runs": {
                "batter": 1,
                "extras": 0,
                "total": 1
              }
            },
            {
              "batter": "Emily Sirs",
              "bowler": "KK Donovan",
              "non_striker": "NW Sariani",
              "runs": {
                "batter": 0,
                "extras": 0,
                "total": 0
              }
            },
            {
              "batter": "Emily Sirs",
              "bowler": "KK Donovan",
              "non_striker": "NW Sariani",
              "runs": {
                "batter": 1,
                "extras": 0,
                "total": 1
              }
            },
            {
              "batter": "NW Sariani",
              "bowler": "KK Donovan",
              "non_striker": "Emily Sirs",
              "runs": {
                "batter": 0,
                "extras": 0,
                "total": 0
              }
            },
            {
              "batter": "NW Sariani",
              "bowler": "KK Donovan",
              "non_striker": "Emily Sirs",
              "runs": {
                "batter": 0,
                "extras": 0,
                "total": 0
              },
              "wickets": [
                {
                  "player_out": "Emily Sirs",
                  "fielders": [
                    {
                      "name": "R Castillo"
                    }
                  ],
                  "kind": "run out"
                }
              ]
            }
          ]
        },
        {
          "over": 19,
          "deliveries": [
            {
              "batter": "NW Sariani",
              "bowler": "Karri Gullem Keen",
              "non_striker": "SAN Maypriani",
              "runs": {
                "batter": 1,
                "extras": 0,
                "total": 1
              }
            },
            {
              "batter": "SAN Maypriani",
              "bowler": "Karri Gullem Keen",
              "non_striker": "NW Sariani",
              "runs": {
                "batter": 1,
                "extras": 0,
                "total": 1
              }
            },
            {
              "batter": "NW Sariani",
              "bowler": "Karri Gullem Keen",
              "non_striker": "SAN Maypriani",
              "runs": {
                "batter": 1,
                "extras": 0,
                "total": 1
              }
            },
            {
              "batter": "SAN Maypriani",
              "bowler": "Karri Gullem Keen",
              "non_striker": "NW Sariani",
              "runs": {
                "batter": 1,
                "extras": 0,
                "total": 1
              }
            },
            {
              "batter": "NW Sariani",
              "bowler": "Karri Gullem Keen",
              "extras": {
                "legbyes": 1
              },
              "non_striker": "SAN Maypriani",
              "runs": {
                "batter": 0,
                "extras": 1,
                "total": 1
              }
            },
            {
              "batter": "SAN Maypriani",
              "bowler": "Karri Gullem Keen",
              "non_striker": "NW Sariani",
              "runs": {
                "batter": 1,
                "extras": 0,
                "total": 1
              }
            }
          ]
        }
      ],
      "powerplays": [
        {
          "from": 0.1,
          "to": 5.7,
          "type": "mandatory"
        }
      ]
    },
    {
      "team": "Philippines",
      "overs": [
        {
          "over": 0,
          "deliveries": [
            {
              "batter": "ABY Smith",
              "bowler": "NLKWR Dewi",
              "non_striker": "JKD Andreano",
              "runs": {
                "batter": 0,
                "extras": 0,
                "total": 0
              }
            },
            {
              "batter": "ABY Smith",
              "bowler": "NLKWR Dewi",
              "non_striker": "JKD Andreano",
              "runs": {
                "batter": 0,
                "extras": 0,
                "total": 0
              }
            },
            {
              "batter": "ABY Smith",
              "bowler": "NLKWR Dewi",
              "non_striker": "JKD Andreano",
              "runs": {
                "batter": 1,
                "extras": 0,
                "total": 1
              }
            },
            {
              "batter": "JKD Andreano",
              "bowler": "NLKWR Dewi",
              "non_striker": "ABY Smith",
              "runs": {
                "batter": 0,
                "extras": 0,
                "total": 0
              }
            },
            {
              "batter": "JKD Andreano",
              "bowler": "NLKWR Dewi",
              "non_striker": "ABY Smith",
              "runs": {
                "batter": 0,
                "extras": 0,
                "total": 0
              },
              "wickets": [
                {
                  "player_out": "JKD Andreano",
                  "kind": "bowled"
                }
              ]
            },
            {
              "batter": "AR Valdez",
              "bowler": "NLKWR Dewi",
              "non_striker": "ABY Smith",
              "runs": {
                "batter": 0,
                "extras": 0,
                "total": 0
              }
            }
          ]
        },
        {
          "over": 1,
          "deliveries": [
            {
              "batter": "ABY Smith",
              "bowler": "DAL Paramitha",
              "non_striker": "AR Valdez",
              "runs": {
                "batter": 1,
                "extras": 0,
                "total": 1
              }
            },
            {
              "batter": "AR Valdez",
              "bowler": "DAL Paramitha",
              "non_striker": "ABY Smith",
              "runs": {
                "batter": 1,
                "extras": 0,
                "total": 1
              }
            },
            {
              "batter": "ABY Smith",
              "bowler": "DAL Paramitha",
              "non_striker": "AR Valdez",
              "runs": {
                "batter": 1,
                "extras": 0,
                "total": 1
              }
            },
            {
              "batter": "AR Valdez",
              "bowler": "DAL Paramitha",
              "non_striker": "ABY Smith",
              "runs": {
                "batter": 0,
                "extras": 0,
                "total": 0
              }
            },
            {
              "batter": "AR Valdez",
              "bowler": "DAL Paramitha",
              "non_striker": "ABY Smith",
              "runs": {
                "batter": 1,
                "extras": 0,
                "total": 1
              }
            },
            {
              "batter": "ABY Smith",
              "bowler": "DAL Paramitha",
              "non_striker": "AR Valdez",
              "runs": {
                "batter": 0,
                "extras": 0,
                "total": 0
              }
            }
          ]
        },
        {
          "over": 2,
          "deliveries": [
            {
              "batter": "AR Valdez",
              "bowler": "NLKWR Dewi",
              "non_striker": "ABY Smith",
              "runs": {
                "batter": 0,
                "extras": 0,
                "total": 0
              },
              "wickets": [
                {
                  "player_out": "AR Valdez",
                  "kind": "bowled"
                }
              ]
            },
            {
              "batter": "KK Donovan",
              "bowler": "NLKWR Dewi",
              "non_striker": "ABY Smith",
              "runs": {
                "batter": 0,
                "extras": 0,
                "total": 0
              }
            },
            {
              "batter": "KK Donovan",
              "bowler": "NLKWR Dewi",
              "non_striker": "ABY Smith",
              "runs": {
                "batter": 0,
                "extras": 0,
                "total": 0
              }
            },
            {
              "batter": "KK Donovan",
              "bowler": "NLKWR Dewi",
              "non_striker": "ABY Smith",
              "runs": {
                "batter": 1,
                "extras": 0,
                "total": 1
              }
            },
            {
              "batter": "ABY Smith",
              "bowler": "NLKWR Dewi",
              "non_striker": "KK Donovan",
              "runs": {
                "batter": 1,
                "extras": 0,
                "total": 1
              }
            },
            {
              "batter": "KK Donovan",
              "bowler": "NLKWR Dewi",
              "non_striker": "ABY Smith",
              "runs": {
                "batter": 1,
                "extras": 0,
                "total": 1
              }
            }
          ]
        },
        {
          "over": 3,
          "deliveries": [
            {
              "batter": "KK Donovan",
              "bowler": "DAL Paramitha",
              "non_striker": "ABY Smith",
              "runs": {
                "batter": 0,
                "extras": 0,
                "total": 0
              }
            },
            {
              "batter": "KK Donovan",
              "bowler": "DAL Paramitha",
              "non_striker": "ABY Smith",
              "runs": {
                "batter": 0,
                "extras": 0,
                "total": 0
              }
            },
            {
              "batter": "KK Donovan",
              "bowler": "DAL Paramitha",
              "non_striker": "ABY Smith",
              "runs": {
                "batter": 1,
                "extras": 0,
                "total": 1
              }
            },
            {
              "batter": "ABY Smith",
              "bowler": "DAL Paramitha",
              "extras": {
                "legbyes": 1
              },
              "non_striker": "KK Donovan",
              "runs": {
                "batter": 0,
                "extras": 1,
                "total": 1
              }
            },
            {
              "batter": "KK Donovan",
              "bowler": "DAL Paramitha",
              "non_striker": "ABY Smith",
              "runs": {
                "batter": 0,
                "extras": 0,
                "total": 0
              }
            },
            {
              "batter": "KK Donovan",
              "bowler": "DAL Paramitha",
              "non_striker": "ABY Smith",
              "runs": {
                "batter": 0,
                "extras": 0,
                "total": 0
              }
            }
          ]
        },
        {
          "over": 4,
          "deliveries": [
            {
              "batter": "ABY Smith",
              "bowler": "NLKWR Dewi",
              "non_striker": "KK Donovan",
              "runs": {
                "batter": 2,
                "extras": 0,
                "total": 2
              }
            },
            {
              "batter": "ABY Smith",
              "bowler": "NLKWR Dewi",
              "extras": {
                "byes": 1
              },
              "non_striker": "KK Donovan",
              "runs": {
                "batter": 0,
                "extras": 1,
                "total": 1
              }
            },
            {
              "batter": "KK Donovan",
              "bowler": "NLKWR Dewi",
              "non_striker": "ABY Smith",
              "runs": {
                "batter": 0,
                "extras": 0,
                "total": 0
              }
            },
            {
              "batter": "KK Donovan",
              "bowler": "NLKWR Dewi",
              "non_striker": "ABY Smith",
              "runs": {
                "batter": 0,
                "extras": 0,
                "total": 0
              }
            },
            {
              "batter": "KK Donovan",
              "bowler": "NLKWR Dewi",
              "non_striker": "ABY Smith",
              "runs": {
                "batter": 1,
                "extras": 0,
                "total": 1
              }
            },
            {
              "batter": "ABY Smith",
              "bowler": "NLKWR Dewi",
              "non_striker": "KK Donovan",
              "runs": {
                "batter": 0,
                "extras": 0,
                "total": 0
              }
            }
          ]
        },
        {
          "over": 5,
          "deliveries": [
            {
              "batter": "KK Donovan",
              "bowler": "DAL Paramitha",
              "non_striker": "ABY Smith",
              "runs": {
                "batter": 0,
                "extras": 0,
                "total": 0
              }
            },
            {
              "batter": "KK Donovan",
              "bowler": "DAL Paramitha",
              "non_striker": "ABY Smith",
              "runs": {
                "batter": 0,
                "extras": 0,
                "total": 0
              },
              "wickets": [
                {
                  "player_out": "KK Donovan",
                  "fielders": [
                    {
                      "name": "DAL Paramitha"
                    }
                  ],
                  "kind": "run out"
                }
              ]
            },
            {
              "batter": "Karri Gullem Keen",
              "bowler": "DAL Paramitha",
              "non_striker": "ABY Smith",
              "runs": {
                "batter": 0,
                "extras": 0,
                "total": 0
              }
            },
            {
              "batter": "Karri Gullem Keen",
              "bowler": "DAL Paramitha",
              "non_striker": "ABY Smith",
              "runs": {
                "batter": 1,
                "extras": 0,
                "total": 1
              }
            },
            {
              "batter": "ABY Smith",
              "bowler": "DAL Paramitha",
              "non_striker": "Karri Gullem Keen",
              "runs": {
                "batter": 2,
                "extras": 0,
                "total": 2
              }
            },
            {
              "batter": "ABY Smith",
              "bowler": "DAL Paramitha",
              "non_striker": "Karri Gullem Keen",
              "runs": {
                "batter": 0,
                "extras": 0,
                "total": 0
              }
            }
          ]
        },
        {
          "over": 6,
          "deliveries": [
            {
              "batter": "Karri Gullem Keen",
              "bowler": "NK Ariani",
              "non_striker": "ABY Smith",
              "runs": {
                "batter": 0,
                "extras": 0,
                "total": 0
              }
            },
            {
              "batter": "Karri Gullem Keen",
              "bowler": "NK Ariani",
              "non_striker": "ABY Smith",
              "runs": {
                "batter": 0,
                "extras": 0,
                "total": 0
              }
            },
            {
              "batter": "Karri Gullem Keen",
              "bowler": "NK Ariani",
              "non_striker": "ABY Smith",
              "runs": {
                "batter": 1,
                "extras": 0,
                "total": 1
              }
            },
            {
              "batter": "ABY Smith",
              "bowler": "NK Ariani",
              "non_striker": "Karri Gullem Keen",
              "runs": {
                "batter": 1,
                "extras": 0,
                "total": 1
              }
            },
            {
              "batter": "Karri Gullem Keen",
              "bowler": "NK Ariani",
              "non_striker": "ABY Smith",
              "runs": {
                "batter": 0,
                "extras": 0,
                "total": 0
              }
            },
            {
              "batter": "Karri Gullem Keen",
              "bowler": "NK Ariani",
              "non_striker": "ABY Smith",
              "runs": {
                "batter": 1,
                "extras": 0,
                "total": 1
              }
            }
          ]
        },
        {
          "over": 7,
          "deliveries": [
            {
              "batter": "Karri Gullem Keen",
              "bowler": "NW Sariani",
              "extras": {
                "wides": 1
              },
              "non_striker": "ABY Smith",
              "runs": {
                "batter": 0,
                "extras": 1,
                "total": 1
              }
            },
            {
              "batter": "Karri Gullem Keen",
              "bowler": "NW Sariani",
              "non_striker": "ABY Smith",
              "runs": {
                "batter": 1,
                "extras": 0,
                "total": 1
              }
            },
            {
              "batter": "ABY Smith",
              "bowler": "NW Sariani",
              "non_striker": "Karri Gullem Keen",
              "runs": {
                "batter": 1,
                "extras": 0,
                "total": 1
              }
            },
            {
              "batter": "Karri Gullem Keen",
              "bowler": "NW Sariani",
              "non_striker": "ABY Smith",
              "runs": {
                "batter": 0,
                "extras": 0,
                "total": 0
              },
              "wickets": [
                {
                  "player_out": "Karri Gullem Keen",
                  "fielders": [
                    {
                      "name": "Emily Sirs"
                    }
                  ],
                  "kind": "caught"
                }
              ]
            },
            {
              "batter": "SF Sirah",
              "bowler": "NW Sariani",
              "non_striker": "ABY Smith",
              "runs": {
                "batter": 1,
                "extras": 0,
                "total": 1
              }
            },
            {
              "batter": "ABY Smith",
              "bowler": "NW Sariani",
              "non_striker": "SF Sirah",
              "runs": {
                "batter": 1,
                "extras": 0,
                "total": 1
              }
            },
            {
              "batter": "SF Sirah",
              "bowler": "NW Sariani",
              "extras": {
                "wides": 1
              },
              "non_striker": "ABY Smith",
              "runs": {
                "batter": 0,
                "extras": 1,
                "total": 1
              }
            },
            {
              "batter": "SF Sirah",
              "bowler": "NW Sariani",
              "non_striker": "ABY Smith",
              "runs": {
                "batter": 0,
                "extras": 0,
                "total": 0
              }
            }
          ]
        },
        {
          "over": 8,
          "deliveries": [
            {
              "batter": "ABY Smith",
              "bowler": "NK Ariani",
              "non_striker": "SF Sirah",
              "runs": {
                "batter": 0,
                "extras": 0,
                "total": 0
              }
            },
            {
              "batter": "ABY Smith",
              "bowler": "NK Ariani",
              "non_striker": "SF Sirah",
              "runs": {
                "batter": 0,
                "extras": 0,
                "total": 0
              }
            },
            {
              "batter": "ABY Smith",
              "bowler": "NK Ariani",
              "non_striker": "SF Sirah",
              "runs": {
                "batter": 1,
                "extras": 0,
                "total": 1
              }
            },
            {
              "batter": "SF Sirah",
              "bowler": "NK Ariani",
              "non_striker": "ABY Smith",
              "runs": {
                "batter": 1,
                "extras": 0,
                "total": 1
              }
            },
            {
              "batter": "ABY Smith",
              "bowler": "NK Ariani",
              "non_striker": "SF Sirah",
              "runs": {
                "batter": 0,
                "extras": 0,
                "total": 0
              }
            },
            {
              "batter": "ABY Smith",
              "bowler": "NK Ariani",
              "non_striker": "SF Sirah",
              "runs": {
                "batter": 1,
                "extras": 0,
                "total": 1
              }
            }
          ]
        },
        {
          "over": 9,
          "deliveries": [
            {
              "batter": "ABY Smith",
              "bowler": "NW Sariani",
              "non_striker": "SF Sirah",
              "runs": {
                "batter": 0,
                "extras": 0,
                "total": 0
              },
              "wickets": [
                {
                  "player_out": "ABY Smith",
                  "fielders": [
                    {
                      "name": "M Corazon"
                    }
                  ],
                  "kind": "caught"
                }
              ]
            },
            {
              "batter": "Angela Busa",
              "bowler": "NW Sariani",
              "non_striker": "SF Sirah",
              "runs": {
                "batter": 0,
                "extras": 0,
                "total": 0
              }
            },
            {
              "batter": "Angela Busa",
              "bowler": "NW Sariani",
              "non_striker": "SF Sirah",
              "runs": {
                "batter": 0,
                "extras": 0,
                "total": 0
              }
            },
            {
              "batter": "Angela Busa",
              "bowler": "NW Sariani",
              "non_striker": "SF Sirah",
              "runs": {
                "batter": 0,
                "extras": 0,
                "total": 0
              }
            },
            {
              "batter": "Angela Busa",
              "bowler": "NW Sariani",
              "extras": {
                "wides": 1
              },
              "non_striker": "SF Sirah",
              "runs": {
                "batter": 0,
                "extras": 1,
                "total": 1
              }
            },
            {
              "batter": "Angela Busa",
              "bowler": "NW Sariani",
              "extras": {
                "wides": 1
              },
              "non_striker": "SF Sirah",
              "runs": {
                "batter": 0,
                "extras": 1,
                "total": 1
              }
            },
            {
              "batter": "Angela Busa",
              "bowler": "NW Sariani",
              "non_striker": "SF Sirah",
              "runs": {
                "batter": 1,
                "extras": 0,
                "total": 1
              }
            },
            {
              "batter": "SF Sirah",
              "bowler": "NW Sariani",
              "non_striker": "Angela Busa",
              "runs": {
                "batter": 1,
                "extras": 0,
                "total": 1
              }
            }
          ]
        },
        {
          "over": 10,
          "deliveries": [
            {
              "batter": "SF Sirah",
              "bowler": "Emily Sirs",
              "non_striker": "Angela Busa",
              "runs": {
                "batter": 0,
                "extras": 0,
                "total": 0
              }
            },
            {
              "batter": "SF Sirah",
              "bowler": "Emily Sirs",
              "non_striker": "Angela Busa",
              "runs": {
                "batter": 0,
                "extras": 0,
                "total": 0
              }
            },
            {
              "batter": "SF Sirah",
              "bowler": "Emily Sirs",
              "non_striker": "Angela Busa",
              "runs": {
                "batter": 0,
                "extras": 0,
                "total": 0
              }
            },
            {
              "batter": "SF Sirah",
              "bowler": "Emily Sirs",
              "non_striker": "Angela Busa",
              "runs": {
                "batter": 0,
                "extras": 0,
                "total": 0
              }
            },
            {
              "batter": "SF Sirah",
              "bowler": "Emily Sirs",
              "non_striker": "Angela Busa",
              "runs": {
                "batter": 0,
                "extras": 0,
                "total": 0
              }
            },
            {
              "batter": "SF Sirah",
              "bowler": "Emily Sirs",
              "non_striker": "Angela Busa",
              "runs": {
                "batter": 0,
                "extras": 0,
                "total": 0
              }
            }
          ]
        },
        {
          "over": 11,
          "deliveries": [
            {
              "batter": "Angela Busa",
              "bowler": "SAN Maypriani",
              "non_striker": "SF Sirah",
              "runs": {
                "batter": 2,
                "extras": 0,
                "total": 2
              }
            },
            {
              "batter": "Angela Busa",
              "bowler": "SAN Maypriani",
              "non_striker": "SF Sirah",
              "runs": {
                "batter": 0,
                "extras": 0,
                "total": 0
              },
              "wickets": [
                {
                  "player_out": "Angela Busa",
                  "kind": "bowled"
                }
              ]
            },
            {
              "batter": "AS Miranda",
              "bowler": "SAN Maypriani",
              "non_striker": "SF Sirah",
              "runs": {
                "batter": 1,
                "extras": 0,
                "total": 1
              }
            },
            {
              "batter": "SF Sirah",
              "bowler": "SAN Maypriani",
              "non_striker": "AS Miranda",
              "runs": {
                "batter": 0,
                "extras": 0,
                "total": 0
              }
            },
            {
              "batter": "SF Sirah",
              "bowler": "SAN Maypriani",
              "non_striker": "AS Miranda",
              "runs": {
                "batter": 0,
                "extras": 0,
                "total": 0
              },
              "wickets": [
                {
                  "player_out": "SF Sirah",
                  "fielders": [
                    {
                      "name": "NK Ariani"
                    }
                  ],
                  "kind": "caught"
                }
              ]
            },
            {
              "batter": "R Castillo",
              "bowler": "SAN Maypriani",
              "non_striker": "AS Miranda",
              "runs": {
                "batter": 0,
                "extras": 0,
                "total": 0
              }
            }
          ]
        },
        {
          "over": 12,
          "deliveries": [
            {
              "batter": "AS Miranda",
              "bowler": "Emily Sirs",
              "non_striker": "R Castillo",
              "runs": {
                "batter": 2,
                "extras": 0,
                "total": 2
              }
            },
            {
              "batter": "AS Miranda",
              "bowler": "Emily Sirs",
              "extras": {
                "wides": 1
              },
              "non_striker": "R Castillo",
              "runs": {
                "batter": 0,
                "extras": 1,
                "total": 1
              }
            },
            {
              "batter": "AS Miranda",
              "bowler": "Emily Sirs",
              "extras": {
                "wides": 1
              },
              "non_striker": "R Castillo",
              "runs": {
                "batter": 0,
                "extras": 1,
                "total": 1
              }
            },
            {
              "batter": "AS Miranda",
              "bowler": "Emily Sirs",
              "extras": {
                "wides": 1
              },
              "non_striker": "R Castillo",
              "runs": {
                "batter": 0,
                "extras": 1,
                "total": 1
              }
            },
            {
              "batter": "AS Miranda",
              "bowler": "Emily Sirs",
              "non_striker": "R Castillo",
              "runs": {
                "batter": 0,
                "extras": 0,
                "total": 0
              }
            },
            {
              "batter": "AS Miranda",
              "bowler": "Emily Sirs",
              "non_striker": "R Castillo",
              "runs": {
                "batter": 1,
                "extras": 0,
                "total": 1
              }
            },
            {
              "batter": "R Castillo",
              "bowler": "Emily Sirs",
              "non_striker": "AS Miranda",
              "runs": {
                "batter": 1,
                "extras": 0,
                "total": 1
              }
            },
            {
              "batter": "AS Miranda",
              "bowler": "Emily Sirs",
              "extras": {
                "legbyes": 1
              },
              "non_striker": "R Castillo",
              "runs": {
                "batter": 0,
                "extras": 1,
                "total": 1
              }
            },
            {
              "batter": "R Castillo",
              "bowler": "Emily Sirs",
              "non_striker": "AS Miranda",
              "runs": {
                "batter": 1,
                "extras": 0,
                "total": 1
              }
            }
          ]
        },
        {
          "over": 13,
          "deliveries": [
            {
              "batter": "R Castillo",
              "bowler": "SAN Maypriani",
              "non_striker": "AS Miranda",
              "runs": {
                "batter": 0,
                "extras": 0,
                "total": 0
              }
            },
            {
              "batter": "R Castillo",
              "bowler": "SAN Maypriani",
              "non_striker": "AS Miranda",
              "runs": {
                "batter": 0,
                "extras": 0,
                "total": 0
              }
            },
            {
              "batter": "R Castillo",
              "bowler": "SAN Maypriani",
              "non_striker": "AS Miranda",
              "runs": {
                "batter": 0,
                "extras": 0,
                "total": 0
              }
            },
            {
              "batter": "R Castillo",
              "bowler": "SAN Maypriani",
              "non_striker": "AS Miranda",
              "runs": {
                "batter": 0,
                "extras": 0,
                "total": 0
              }
            },
            {
              "batter": "R Castillo",
              "bowler": "SAN Maypriani",
              "non_striker": "AS Miranda",
              "runs": {
                "batter": 0,
                "extras": 0,
                "total": 0
              }
            },
            {
              "batter": "R Castillo",
              "bowler": "SAN Maypriani",
              "non_striker": "AS Miranda",
              "runs": {
                "batter": 0,
                "extras": 0,
                "total": 0
              },
              "wickets": [
                {
                  "player_out": "R Castillo",
                  "fielders": [
                    {
                      "name": "NK Ariani"
                    }
                  ],
                  "kind": "caught"
                }
              ]
            }
          ]
        },
        {
          "over": 14,
          "deliveries": [
            {
              "batter": "AS Miranda",
              "bowler": "KS Kasse",
              "non_striker": "Kyte Gullem Keen",
              "runs": {
                "batter": 0,
                "extras": 0,
                "total": 0
              }
            },
            {
              "batter": "AS Miranda",
              "bowler": "KS Kasse",
              "non_striker": "Kyte Gullem Keen",
              "runs": {
                "batter": 0,
                "extras": 0,
                "total": 0
              }
            },
            {
              "batter": "AS Miranda",
              "bowler": "KS Kasse",
              "non_striker": "Kyte Gullem Keen",
              "runs": {
                "batter": 0,
                "extras": 0,
                "total": 0
              }
            },
            {
              "batter": "AS Miranda",
              "bowler": "KS Kasse",
              "non_striker": "Kyte Gullem Keen",
              "runs": {
                "batter": 6,
                "extras": 0,
                "total": 6
              }
            },
            {
              "batter": "AS Miranda",
              "bowler": "KS Kasse",
              "non_striker": "Kyte Gullem Keen",
              "runs": {
                "batter": 0,
                "extras": 0,
                "total": 0
              }
            },
            {
              "batter": "AS Miranda",
              "bowler": "KS Kasse",
              "non_striker": "Kyte Gullem Keen",
              "runs": {
                "batter": 1,
                "extras": 0,
                "total": 1
              }
            }
          ]
        },
        {
          "over": 15,
          "deliveries": [
            {
              "batter": "AS Miranda",
              "bowler": "SAN Maypriani",
              "non_striker": "Kyte Gullem Keen",
              "runs": {
                "batter": 0,
                "extras": 0,
                "total": 0
              }
            },
            {
              "batter": "AS Miranda",
              "bowler": "SAN Maypriani",
              "non_striker": "Kyte Gullem Keen",
              "runs": {
                "batter": 0,
                "extras": 0,
                "total": 0
              },
              "wickets": [
                {
                  "player_out": "AS Miranda",
                  "kind": "bowled"
                }
              ]
            },
            {
              "batter": "JR Medianesta",
              "bowler": "SAN Maypriani",
              "non_striker": "Kyte Gullem Keen",
              "runs": {
                "batter": 1,
                "extras": 0,
                "total": 1
              }
            },
            {
              "batter": "Kyte Gullem Keen",
              "bowler": "SAN Maypriani",
              "non_striker": "JR Medianesta",
              "runs": {
                "batter": 0,
                "extras": 0,
                "total": 0
              }
            },
            {
              "batter": "Kyte Gullem Keen",
              "bowler": "SAN Maypriani",
              "non_striker": "JR Medianesta",
              "runs": {
                "batter": 0,
                "extras": 0,
                "total": 0
              }
            },
            {
              "batter": "Kyte Gullem Keen",
              "bowler": "SAN Maypriani",
              "non_striker": "JR Medianesta",
              "runs": {
                "batter": 0,
                "extras": 0,
                "total": 0
              }
            }
          ]
        },
        {
          "over": 16,
          "deliveries": [
            {
              "batter": "JR Medianesta",
              "bowler": "KS Kasse",
              "non_striker": "Kyte Gullem Keen",
              "runs": {
                "batter": 1,
                "extras": 0,
                "total": 1
              }
            },
            {
              "batter": "Kyte Gullem Keen",
              "bowler": "KS Kasse",
              "non_striker": "JR Medianesta",
              "runs": {
                "batter": 0,
                "extras": 0,
                "total": 0
              }
            },
            {
              "batter": "Kyte Gullem Keen",
              "bowler": "KS Kasse",
              "non_striker": "JR Medianesta",
              "runs": {
                "batter": 0,
                "extras": 0,
                "total": 0
              }
            },
            {
              "batter": "Kyte Gullem Keen",
              "bowler": "KS Kasse",
              "non_striker": "JR Medianesta",
              "runs": {
                "batter": 0,
                "extras": 0,
                "total": 0
              }
            },
            {
              "batter": "Kyte Gullem Keen",
              "bowler": "KS Kasse",
              "extras": {
                "wides": 2
              },
              "non_striker": "JR Medianesta",
              "runs": {
                "batter": 0,
                "extras": 2,
                "total": 2
              },
              "wickets": [
                {
                  "player_out": "Kyte Gullem Keen",
                  "fielders": [
                    {
                      "name": "NPAN Sakarini"
                    },
                    {
                      "name": "DAL Paramitha"
                    }
                  ],
                  "kind": "run out"
                }
              ]
            }
          ]
        }
      ],
      "powerplays": [
        {
          "from": 0.1,
          "to": 5.6,
          "type": "mandatory"
        }
      ],
      "target": {
        "overs": 20,
        "runs": 133
      }
    }
  ]
}