{
  "meta": {
    "data_version": "1.1.0",
    "created": "2025-04-14",
    "revision": 1
  },
  "info": {
    "balls_per_over": 6,
    "city": "Bali",
    "dates": [
      "2025-04-12"
    ],
    "event": {
      "name": "Kartini Cup",
      "stage": "Final"
    },
    "gender": "female",
    "match_type": "T20",
    "match_type_number": 2232,
    "officials": {
      "umpires": [
        "F Shony",
        "Yeri Rosongna"
      ]
    },
    "outcome": {
      "winner": "Indonesia",
      "by": {
        "wickets": 3
      }
    },
    "overs": 20,
    "player_of_match": [
      "A Vailoa"
    ],
    "players": {
      "Cook Islands": [
        "A Katoa",
        "GES Sullivan",
        "Z Maeva",
        "S Vaia",
        "ET Williams",
        "TC Mataora",
        "M Elikana",
        "C Cummings",
        "R Aurora",
        "T Elikana",
        "A Vailoa"
      ],
      "Indonesia": [
        "D Wulandari",
        "M Corazon",
        "NPAN Sakarini",
        "NLKWR Dewi",
        "KS Kasse",
        "Noorainah",
        "DAL Paramitha",
        "Emily Sirs",
        "NW Sariani",
        "SAN Maypriani",
        "NK Ariani"
      ]
    },
    "registry": {
      "people": {
        "A Katoa": "34e7e35c",
        "A Vailoa": "65684b2b",
        "C Cummings": "b135be0d",
        "D Wulandari": "8c0d904e",
        "DAL Paramitha": "84f831c3",
        "ET Williams": "90410756",
        "Emily Sirs": "aa88b08b",
        "F Shony": "85712af4",
        "GES Sullivan": "165b9097",
        "KS Kasse": "007a3773",
        "M Corazon": "0baa36e0",
        "M Elikana": "a4abf7b5",
        "NK Ariani": "382377a4",
        "NLKWR Dewi": "d04fc4a4",
        "NPAN Sakarini": "72b5decf",
        "NW Sariani": "e910d955",
        "Noorainah": "26166475",
        "R Aurora": "97555d44",
        "R Bowers-Fleming": "0eb829be",
        "S Vaia": "78103121",
        "SAN Maypriani": "ad135bde",
        "T Elikana": "2bea8bda",
        "TC Mataora": "6059bb14",
        "Yeri Rosongna": "161c019d",
        "Z Maeva": "34f0c9ad"
      }
    },
    "season": "2025",
    "team_type": "international",
    "teams": [
      "Cook Islands",
      "Indonesia"
    ],
    "toss": {
      "decision": "bat",
      "winner": "Cook Islands"
    },
    "venue": "Udayana Cricket Ground"
  },
  "innings": [
    {
      "team": "Cook Islands",
      "overs": [
        {
          "over": 0,
          "deliveries": [
            {
              "batter": "A Katoa",
              "bowler": "NLKWR Dewi",
              "non_striker": "GES Sullivan",
              "runs": {
                "batter": 0,
                "extras": 0,
                "total": 0
              }
            },
            {
              "batter": "A Katoa",
              "bowler": "NLKWR Dewi",
              "non_striker": "GES Sullivan",
              "runs": {
                "batter": 0,
                "extras": 0,
                "total": 0
              }
            },
            {
              "batter": "A Katoa",
              "bowler": "NLKWR Dewi",
              "non_striker": "GES Sullivan",
              "runs": {
                "batter": 1,
                "extras": 0,
                "total": 1
              }
            },
            {
              "batter": "GES Sullivan",
              "bowler": "NLKWR Dewi",
              "non_striker": "A Katoa",
              "runs": {
                "batter": 0,
                "extras": 0,
                "total": 0
              }
            },
            {
              "batter": "GES Sullivan",
              "bowler": "NLKWR Dewi",
              "extras": {
                "wides": 1
              },
              "non_striker": "A Katoa",
              "runs": {
                "batter": 0,
                "extras": 1,
                "total": 1
              }
            },
            {
              "batter": "GES Sullivan",
              "bowler": "NLKWR Dewi",
              "non_striker": "A Katoa",
              "runs": {
                "batter": 0,
                "extras": 0,
                "total": 0
              }
            },
            {
              "batter": "GES Sullivan",
              "bowler": "NLKWR Dewi",
              "non_striker": "A Katoa",
              "runs": {
                "batter": 1,
                "extras": 0,
                "total": 1
              }
            }
          ]
        },
        {
          "over": 1,
          "deliveries": [
            {
              "batter": "GES Sullivan",
              "bowler": "DAL Paramitha",
              "non_striker": "A Katoa",
              "runs": {
                "batter": 1,
                "extras": 0,
                "total": 1
              }
            },
            {
              "batter": "A Katoa",
              "bowler": "DAL Paramitha",
              "non_striker": "GES Sullivan",
              "runs": {
                "batter": 0,
                "extras": 0,
                "total": 0
              }
            },
            {
              "batter": "A Katoa",
              "bowler": "DAL Paramitha",
              "non_striker": "GES Sullivan",
              "runs": {
                "batter": 0,
                "extras": 0,
                "total": 0
              }
            },
            {
              "batter": "A Katoa",
              "bowler": "DAL Paramitha",
              "non_striker": "GES Sullivan",
              "runs": {
                "batter": 4,
                "extras": 0,
                "total": 4
              }
            },
            {
              "batter": "A Katoa",
              "bowler": "DAL Paramitha",
              "non_striker": "GES Sullivan",
              "runs": {
                "batter": 0,
                "extras": 0,
                "total": 0
              }
            },
            {
              "batter": "A Katoa",
              "bowler": "DAL Paramitha",
              "non_striker": "GES Sullivan",
              "runs": {
                "batter": 0,
                "extras": 0,
                "total": 0
              }
            }
          ]
        },
        {
          "over": 2,
          "deliveries": [
            {
              "batter": "GES Sullivan",
              "bowler": "NLKWR Dewi",
              "non_striker": "A Katoa",
              "runs": {
                "batter": 4,
                "extras": 0,
                "total": 4
              }
            },
            {
              "batter": "GES Sullivan",
              "bowler": "NLKWR Dewi",
              "non_striker": "A Katoa",
              "runs": {
                "batter": 0,
                "extras": 0,
                "total": 0
              },
              "wickets": [
                {
                  "player_out": "GES Sullivan",
                  "kind": "bowled"
                }
              ]
            },
            {
              "batter": "Z Maeva",
              "bowler": "NLKWR Dewi",
              "non_striker": "A Katoa",
              "runs": {
                "batter": 1,
                "extras": 0,
                "total": 1
              }
            },
            {
              "batter": "A Katoa",
              "bowler": "NLKWR Dewi",
              "non_striker": "Z Maeva",
              "runs": {
                "batter": 0,
                "extras": 0,
                "total": 0
              }
            },
            {
              "batter": "A Katoa",
              "bowler": "NLKWR Dewi",
              "non_striker": "Z Maeva",
              "runs": {
                "batter": 2,
                "extras": 0,
                "total": 2
              }
            },
            {
              "batter": "A Katoa",
              "bowler": "NLKWR Dewi",
              "non_striker": "Z Maeva",
              "runs": {
                "batter": 0,
                "extras": 0,
                "total": 0
              }
            }
          ]
        },
        {
          "over": 3,
          "deliveries": [
            {
              "batter": "Z Maeva",
              "bowler": "DAL Paramitha",
              "non_striker": "A Katoa",
              "runs": {
                "batter": 0,
                "extras": 0,
                "total": 0
              }
            },
            {
              "batter": "Z Maeva",
              "bowler": "DAL Paramitha",
              "non_striker": "A Katoa",
              "runs": {
                "batter": 0,
                "extras": 0,
                "total": 0
              }
            },
            {
              "batter": "Z Maeva",
              "bowler": "DAL Paramitha",
              "extras": {
                "noballs": 1
              },
              "non_striker": "A Katoa",
              "runs": {
                "batter": 0,
                "extras": 1,
                "total": 1
              }
            },
            {
              "batter": "Z Maeva",
              "bowler": "DAL Paramitha",
              "non_striker": "A Katoa",
              "runs": {
                "batter": 2,
                "extras": 0,
                "total": 2
              }
            },
            {
              "batter": "Z Maeva",
              "bowler": "DAL Paramitha",
              "non_striker": "A Katoa",
              "runs": {
                "batter": 0,
                "extras": 0,
                "total": 0
              }
            },
            {
              "batter": "Z Maeva",
              "bowler": "DAL Paramitha",
              "non_striker": "A Katoa",
              "runs": {
                "batter": 0,
                "extras": 0,
                "total": 0
              },
              "wickets": [
                {
                  "player_out": "Z Maeva",
                  "fielders": [
                    {
                      "name": "Noorainah"
                    }
                  ],
                  "kind": "caught"
                }
              ]
            },
            {
              "batter": "S Vaia",
              "bowler": "DAL Paramitha",
              "non_striker": "A Katoa",
              "runs": {
                "batter": 0,
                "extras": 0,
                "total": 0
              }
            }
          ]
        },
        {
          "over": 4,
          "deliveries": [
            {
              "batter": "A Katoa",
              "bowler": "NLKWR Dewi",
              "non_striker": "S Vaia",
              "runs": {
                "batter": 0,
                "extras": 0,
                "total": 0
              }
            },
            {
              "batter": "A Katoa",
              "bowler": "NLKWR Dewi",
              "non_striker": "S Vaia",
              "runs": {
                "batter": 0,
                "extras": 0,
                "total": 0
              }
            },
            {
              "batter": "A Katoa",
              "bowler": "NLKWR Dewi",
              "non_striker": "S Vaia",
              "runs": {
                "batter": 0,
                "extras": 0,
                "total": 0
              }
            },
            {
              "batter": "A Katoa",
              "bowler": "NLKWR Dewi",
              "non_striker": "S Vaia",
              "runs": {
                "batter": 1,
                "extras": 0,
                "total": 1
              }
            },
            {
              "batter": "S Vaia",
              "bowler": "NLKWR Dewi",
              "non_striker": "A Katoa",
              "runs": {
                "batter": 0,
                "extras": 0,
                "total": 0
              }
            },
            {
              "batter": "S Vaia",
              "bowler": "NLKWR Dewi",
              "non_striker": "A Katoa",
              "runs": {
                "batter": 0,
                "extras": 0,
                "total": 0
              }
            }
          ]
        },
        {
          "over": 5,
          "deliveries": [
            {
              "batter": "A Katoa",
              "bowler": "DAL Paramitha",
              "non_striker": "S Vaia",
              "runs": {
                "batter": 0,
                "extras": 0,
                "total": 0
              }
            },
            {
              "batter": "A Katoa",
              "bowler": "DAL Paramitha",
              "non_striker": "S Vaia",
              "runs": {
                "batter": 0,
                "extras": 0,
                "total": 0
              }
            },
            {
              "batter": "A Katoa",
              "bowler": "DAL Paramitha",
              "non_striker": "S Vaia",
              "runs": {
                "batter": 0,
                "extras": 0,
                "total": 0
              }
            },
            {
              "batter": "A Katoa",
              "bowler": "DAL Paramitha",
              "non_striker": "S Vaia",
              "runs": {
                "batter": 0,
                "extras": 0,
                "total": 0
              }
            },
            {
              "batter": "A Katoa",
              "bowler": "DAL Paramitha",
              "non_striker": "S Vaia",
              "runs": {
                "batter": 0,
                "extras": 0,
                "total": 0
              }
            },
            {
              "batter": "A Katoa",
              "bowler": "DAL Paramitha",
              "non_striker": "S Vaia",
              "runs": {
                "batter": 1,
                "extras": 0,
                "total": 1
              }
            }
          ]
        },
        {
          "over": 6,
          "deliveries": [
            {
              "batter": "A Katoa",
              "bowler": "SAN Maypriani",
              "non_striker": "S Vaia",
              "runs": {
                "batter": 0,
                "extras": 0,
                "total": 0
              }
            },
            {
              "batter": "A Katoa",
              "bowler": "SAN Maypriani",
              "non_striker": "S Vaia",
              "runs": {
                "batter": 1,
                "extras": 0,
                "total": 1
              }
            },
            {
              "batter": "S Vaia",
              "bowler": "SAN Maypriani",
              "non_striker": "A Katoa",
              "runs": {
                "batter": 1,
                "extras": 0,
                "total": 1
              }
            },
            {
              "batter": "A Katoa",
              "bowler": "SAN Maypriani",
              "non_striker": "S Vaia",
              "runs": {
                "batter": 1,
                "extras": 0,
                "total": 1
              }
            },
            {
              "batter": "S Vaia",
              "bowler": "SAN Maypriani",
              "non_striker": "A Katoa",
              "runs": {
                "batter": 0,
                "extras": 0,
                "total": 0
              }
            },
            {
              "batter": "S Vaia",
              "bowler": "SAN Maypriani",
              "extras": {
                "wides": 1
              },
              "non_striker": "A Katoa",
              "runs": {
                "batter": 0,
                "extras": 1,
                "total": 1
              }
            },
            {
              "batter": "S Vaia",
              "bowler": "SAN Maypriani",
              "non_striker": "A Katoa",
              "runs": {
                "batter": 0,
                "extras": 0,
                "total": 0
              }
            }
          ]
        },
        {
          "over": 7,
          "deliveries": [
            {
              "batter": "A Katoa",
              "bowler": "NW Sariani",
              "non_striker": "S Vaia",
              "runs": {
                "batter": 0,
                "extras": 0,
                "total": 0
              }
            },
            {
              "batter": "A Katoa",
              "bowler": "NW Sariani",
              "non_striker": "S Vaia",
              "runs": {
                "batter": 1,
                "extras": 0,
                "total": 1
              }
            },
            {
              "batter": "S Vaia",
              "bowler": "NW Sariani",
              "non_striker": "A Katoa",
              "runs": {
                "batter": 0,
                "extras": 0,
                "total": 0
              }
            },
            {
              "batter": "S Vaia",
              "bowler": "NW Sariani",
              "non_striker": "A Katoa",
              "runs": {
                "batter": 0,
                "extras": 0,
                "total": 0
              }
            },
            {
              "batter": "S Vaia",
              "bowler": "NW Sariani",
              "extras": {
                "legbyes": 1
              },
              "non_striker": "A Katoa",
              "runs": {
                "batter": 0,
                "extras": 1,
                "total": 1
              }
            },
            {
              "batter": "A Katoa",
              "bowler": "NW Sariani",
              "non_striker": "S Vaia",
              "runs": {
                "batter": 1,
                "extras": 0,
                "total": 1
              }
            }
          ]
        },
        {
          "over": 8,
          "deliveries": [
            {
              "batter": "A Katoa",
              "bowler": "SAN Maypriani",
              "non_striker": "S Vaia",
              "runs": {
                "batter": 0,
                "extras": 0,
                "total": 0
              }
            },
            {
              "batter": "A Katoa",
              "bowler": "SAN Maypriani",
              "non_striker": "S Vaia",
              "runs": {
                "batter": 0,
                "extras": 0,
                "total": 0
              }
            },
            {
              "batter": "A Katoa",
              "bowler": "SAN Maypriani",
              "non_striker": "S Vaia",
              "runs": {
                "batter": 0,
                "extras": 0,
                "total": 0
              }
            },
            {
              "batter": "A Katoa",
              "bowler": "SAN Maypriani",
              "non_striker": "S Vaia",
              "runs": {
                "batter": 1,
                "extras": 0,
                "total": 1
              }
            },
            {
              "batter": "S Vaia",
              "bowler": "SAN Maypriani",
              "non_striker": "A Katoa",
              "runs": {
                "batter": 2,
                "extras": 0,
                "total": 2
              }
            },
            {
              "batter": "S Vaia",
              "bowler": "SAN Maypriani",
              "non_striker": "A Katoa",
              "runs": {
                "batter": 0,
                "extras": 0,
                "total": 0
              }
            }
          ]
        },
        {
          "over": 9,
          "deliveries": [
            {
              "batter": "A Katoa",
              "bowler": "NW Sariani",
              "non_striker": "S Vaia",
              "runs": {
                "batter": 0,
                "extras": 0,
                "total": 0
              }
            },
            {
              "batter": "A Katoa",
              "bowler": "NW Sariani",
              "non_striker": "S Vaia",
              "runs": {
                "batter": 0,
                "extras": 0,
                "total": 0
              }
            },
            {
              "batter": "A Katoa",
              "bowler": "NW Sariani",
              "non_striker": "S Vaia",
              "runs": {
                "batter": 0,
                "extras": 0,
                "total": 0
              }
            },
            {
              "batter": "A Katoa",
              "bowler": "NW Sariani",
              "non_striker": "S Vaia",
              "runs": {
                "batter": 1,
                "extras": 0,
                "total": 1
              }
            },
            {
              "batter": "S Vaia",
              "bowler": "NW Sariani",
              "non_striker": "A Katoa",
              "runs": {
                "batter": 0,
                "extras": 0,
                "total": 0
              }
            },
            {
              "batter": "S Vaia",
              "bowler": "NW Sariani",
              "non_striker": "A Katoa",
              "runs": {
                "batter": 0,
                "extras": 0,
                "total": 0
              }
            }
          ]
        },
        {
          "over": 10,
          "deliveries": [
            {
              "batter": "A Katoa",
              "bowler": "SAN Maypriani",
              "non_striker": "S Vaia",
              "runs": {
                "batter": 0,
                "extras": 0,
                "total": 0
              }
            },
            {
              "batter": "A Katoa",
              "bowler": "SAN Maypriani",
              "non_striker": "S Vaia",
              "runs": {
                "batter": 1,
                "extras": 0,
                "total": 1
              }
            },
            {
              "batter": "S Vaia",
              "bowler": "SAN Maypriani",
              "non_striker": "A Katoa",
              "runs": {
                "batter": 0,
                "extras": 0,
                "total": 0
              }
            },
            {
              "batter": "S Vaia",
              "bowler": "SAN Maypriani",
              "non_striker": "A Katoa",
              "runs": {
                "batter": 0,
                "extras": 0,
                "total": 0
              }
            },
            {
              "batter": "S Vaia",
              "bowler": "SAN Maypriani",
              "non_striker": "A Katoa",
              "runs": {
                "batter": 4,
                "extras": 0,
                "total": 4
              }
            },
            {
              "batter": "S Vaia",
              "bowler": "SAN Maypriani",
              "non_striker": "A Katoa",
              "runs": {
                "batter": 0,
                "extras": 0,
                "total": 0
              }
            }
          ]
        },
        {
          "over": 11,
          "deliveries": [
            {
              "batter": "A Katoa",
              "bowler": "NK Ariani",
              "non_striker": "S Vaia",
              "runs": {
                "batter": 0,
                "extras": 0,
                "total": 0
              }
            },
            {
              "batter": "A Katoa",
              "bowler": "NK Ariani",
              "non_striker": "S Vaia",
              "runs": {
                "batter": 1,
                "extras": 0,
                "total": 1
              }
            },
            {
              "batter": "S Vaia",
              "bowler": "NK Ariani",
              "non_striker": "A Katoa",
              "runs": {
                "batter": 1,
                "extras": 0,
                "total": 1
              }
            },
            {
              "batter": "A Katoa",
              "bowler": "NK Ariani",
              "non_striker": "S Vaia",
              "runs": {
                "batter": 0,
                "extras": 0,
                "total": 0
              }
            },
            {
              "batter": "A Katoa",
              "bowler": "NK Ariani",
              "non_striker": "S Vaia",
              "runs": {
                "batter": 1,
                "extras": 0,
                "total": 1
              }
            },
            {
              "batter": "S Vaia",
              "bowler": "NK Ariani",
              "non_striker": "A Katoa",
              "runs": {
                "batter": 0,
                "extras": 0,
                "total": 0
              }
            }
          ]
        },
        {
          "over": 12,
          "deliveries": [
            {
              "batter": "A Katoa",
              "bowler": "NW Sariani",
              "non_striker": "S Vaia",
              "runs": {
                "batter": 0,
                "extras": 0,
                "total": 0
              },
              "wickets": [
                {
                  "player_out": "A Katoa",
                  "kind": "bowled"
                }
              ]
            },
            {
              "batter": "ET Williams",
              "bowler": "NW Sariani",
              "non_striker": "S Vaia",
              "runs": {
                "batter": 0,
                "extras": 0,
                "total": 0
              }
            },
            {
              "batter": "ET Williams",
              "bowler": "NW Sariani",
              "non_striker": "S Vaia",
              "runs": {
                "batter": 1,
                "extras": 0,
                "total": 1
              }
            },
            {
              "batter": "S Vaia",
              "bowler": "NW Sariani",
              "non_striker": "ET Williams",
              "runs": {
                "batter": 0,
                "extras": 0,
                "total": 0
              }
            },
            {
              "batter": "S Vaia",
              "bowler": "NW Sariani",
              "non_striker": "ET Williams",
              "runs": {
                "batter": 1,
                "extras": 0,
                "total": 1
              }
            },
            {
              "batter": "ET Williams",
              "bowler": "NW Sariani",
              "non_striker": "S Vaia",
              "runs": {
                "batter": 1,
                "extras": 0,
                "total": 1
              }
            }
          ]
        },
        {
          "over": 13,
          "deliveries": [
            {
              "batter": "ET Williams",
              "bowler": "NK Ariani",
              "non_striker": "S Vaia",
              "runs": {
                "batter": 0,
                "extras": 0,
                "total": 0
              }
            },
            {
              "batter": "ET Williams",
              "bowler": "NK Ariani",
              "non_striker": "S Vaia",
              "runs": {
                "batter": 0,
                "extras": 0,
                "total": 0
              }
            },
            {
              "batter": "ET Williams",
              "bowler": "NK Ariani",
              "non_striker": "S Vaia",
              "runs": {
                "batter": 0,
                "extras": 0,
                "total": 0
              }
            },
            {
              "batter": "ET Williams",
              "bowler": "NK Ariani",
              "non_striker": "S Vaia",
              "runs": {
                "batter": 1,
                "extras": 0,
                "total": 1
              }
            },
            {
              "batter": "S Vaia",
              "bowler": "NK Ariani",
              "non_striker": "ET Williams",
              "runs": {
                "batter": 1,
                "extras": 0,
                "total": 1
              }
            },
            {
              "batter": "ET Williams",
              "bowler": "NK Ariani",
              "non_striker": "S Vaia",
              "runs": {
                "batter": 1,
                "extras": 0,
                "total": 1
              }
            }
          ]
        },
        {
          "over": 14,
          "deliveries": [
            {
              "batter": "ET Williams",
              "bowler": "SAN Maypriani",
              "non_striker": "S Vaia",
              "runs": {
                "batter": 0,
                "extras": 0,
                "total": 0
              },
              "wickets": [
                {
                  "player_out": "ET Williams",
                  "kind": "bowled"
                }
              ]
            },
            {
              "batter": "TC Mataora",
              "bowler": "SAN Maypriani",
              "non_striker": "S Vaia",
              "runs": {
                "batter": 0,
                "extras": 0,
                "total": 0
              }
            },
            {
              "batter": "TC Mataora",
              "bowler": "SAN Maypriani",
              "non_striker": "S Vaia",
              "runs": {
                "batter": 1,
                "extras": 0,
                "total": 1
              }
            },
            {
              "batter": "S Vaia",
              "bowler": "SAN Maypriani",
              "non_striker": "TC Mataora",
              "runs": {
                "batter": 0,
                "extras": 0,
                "total": 0
              }
            },
            {
              "batter": "S Vaia",
              "bowler": "SAN Maypriani",
              "non_striker": "TC Mataora",
              "runs": {
                "batter": 1,
                "extras": 0,
                "total": 1
              }
            },
            {
              "batter": "TC Mataora",
              "bowler": "SAN Maypriani",
              "extras": {
                "wides": 1
              },
              "non_striker": "S Vaia",
              "runs": {
                "batter": 0,
                "extras": 1,
                "total": 1
              }
            },
            {
              "batter": "TC Mataora",
              "bowler": "SAN Maypriani",
              "non_striker": "S Vaia",
              "runs": {
                "batter": 0,
                "extras": 0,
                "total": 0
              }
            }
          ]
        },
        {
          "over": 15,
          "deliveries": [
            {
              "batter": "S Vaia",
              "bowler": "NK Ariani",
              "non_striker": "TC Mataora",
              "runs": {
                "batter": 0,
                "extras": 0,
                "total": 0
              },
              "wickets": [
                {
                  "player_out": "S Vaia",
                  "fielders": [
                    {
                      "name": "M Corazon"
                    }
                  ],
                  "kind": "caught"
                }
              ]
            },
            {
              "batter": "M Elikana",
              "bowler": "NK Ariani",
              "non_striker": "TC Mataora",
              "runs": {
                "batter": 0,
                "extras": 0,
                "total": 0
              }
            },
            {
              "batter": "M Elikana",
              "bowler": "NK Ariani",
              "non_striker": "TC Mataora",
              "runs": {
                "batter": 0,
                "extras": 0,
                "total": 0
              }
            },
            {
              "batter": "M Elikana",
              "bowler": "NK Ariani",
              "non_striker": "TC Mataora",
              "runs": {
                "batter": 0,
                "extras": 0,
                "total": 0
              }
            },
            {
              "batter": "M Elikana",
              "bowler": "NK Ariani",
              "non_striker": "TC Mataora",
              "runs": {
                "batter": 0,
                "extras": 0,
                "total": 0
              }
            },
            {
              "batter": "M Elikana",
              "bowler": "NK Ariani",
              "non_striker": "TC Mataora",
              "runs": {
                "batter": 0,
                "extras": 0,
                "total": 0
              }
            }
          ]
        },
        {
          "over": 16,
          "deliveries": [
            {
              "batter": "TC Mataora",
              "bowler": "NW Sariani",
              "non_striker": "M Elikana",
              "runs": {
                "batter": 0,
                "extras": 0,
                "total": 0
              }
            },
            {
              "batter": "TC Mataora",
              "bowler": "NW Sariani",
              "non_striker": "M Elikana",
              "runs": {
                "batter": 0,
                "extras": 0,
                "total": 0
              }
            },
            {
              "batter": "TC Mataora",
              "bowler": "NW Sariani",
              "non_striker": "M Elikana",
              "runs": {
                "batter": 1,
                "extras": 0,
                "total": 1
              }
            },
            {
              "batter": "M Elikana",
              "bowler": "NW Sariani",
              "non_striker": "TC Mataora",
              "runs": {
                "batter": 0,
                "extras": 0,
                "total": 0
              }
            },
            {
              "batter": "M Elikana",
              "bowler": "NW Sariani",
              "non_striker": "TC Mataora",
              "runs": {
                "batter": 1,
                "extras": 0,
                "total": 1
              }
            },
            {
              "batter": "TC Mataora",
              "bowler": "NW Sariani",
              "extras": {
                "wides": 1
              },
              "non_striker": "M Elikana",
              "runs": {
                "batter": 0,
                "extras": 1,
                "total": 1
              },
              "wickets": [
                {
                  "player_out": "TC Mataora",
                  "fielders": [
                    {
                      "name": "M Corazon"
                    }
                  ],
                  "kind": "stumped"
                }
              ]
            },
            {
              "batter": "C Cummings",
              "bowler": "NW Sariani",
              "non_striker": "M Elikana",
              "runs": {
                "batter": 1,
                "extras": 0,
                "total": 1
              }
            }
          ]
        },
        {
          "over": 17,
          "deliveries": [
            {
              "batter": "C Cummings",
              "bowler": "NK Ariani",
              "non_striker": "M Elikana",
              "runs": {
                "batter": 0,
                "extras": 0,
                "total": 0
              }
            },
            {
              "batter": "C Cummings",
              "bowler": "NK Ariani",
              "non_striker": "M Elikana",
              "runs": {
                "batter": 0,
                "extras": 0,
                "total": 0
              }
            },
            {
              "batter": "C Cummings",
              "bowler": "NK Ariani",
              "non_striker": "M Elikana",
              "runs": {
                "batter": 0,
                "extras": 0,
                "total": 0
              }
            },
            {
              "batter": "C Cummings",
              "bowler": "NK Ariani",
              "non_striker": "M Elikana",
              "runs": {
                "batter": 0,
                "extras": 0,
                "total": 0
              },
              "wickets": [
                {
                  "player_out": "C Cummings",
                  "fielders": [
                    {
                      "name": "NPAN Sakarini"
                    }
                  ],
                  "kind": "stumped"
                }
              ]
            },
            {
              "batter": "R Aurora",
              "bowler": "NK Ariani",
              "non_striker": "M Elikana",
              "runs": {
                "batter": 0,
                "extras": 0,
                "total": 0
              },
              "wickets": [
                {
                  "player_out": "R Aurora",
                  "kind": "caught and bowled"
                }
              ]
            },
            {
              "batter": "T Elikana",
              "bowler": "NK Ariani",
              "non_striker": "M Elikana",
              "runs": {
                "batter": 1,
                "extras": 0,
                "total": 1
              }
            }
          ]
        },
        {
          "over": 18,
          "deliveries": [
            {
              "batter": "T Elikana",
              "bowler": "Emily Sirs",
              "non_striker": "M Elikana",
              "runs": {
                "batter": 0,
                "extras": 0,
                "total": 0
              }
            },
            {
              "batter": "T Elikana",
              "bowler": "Emily Sirs",
              "non_striker": "M Elikana",
              "runs": {
                "batter": 0,
                "extras": 0,
                "total": 0
              }
            },
            {
              "batter": "T Elikana",
              "bowler": "Emily Sirs",
              "non_striker": "M Elikana",
              "runs": {
                "batter": 0,
                "extras": 0,
                "total": 0
              }
            },
            {
              "batter": "T Elikana",
              "bowler": "Emily Sirs",
              "non_striker": "M Elikana",
              "runs": {
                "batter": 1,
                "extras": 0,
                "total": 1
              }
            },
            {
              "batter": "M Elikana",
              "bowler": "Emily Sirs",
              "non_striker": "T Elikana",
              "runs": {
                "batter": 1,
                "extras": 0,
                "total": 1
              }
            },
            {
              "batter": "T Elikana",
              "bowler": "Emily Sirs",
              "non_striker": "M Elikana",
              "runs": {
                "batter": 0,
                "extras": 0,
                "total": 0
              }
            }
          ]
        },
        {
          "over": 19,
          "deliveries": [
            {
              "batter": "M Elikana",
              "bowler": "NLKWR Dewi",
              "non_striker": "T Elikana",
              "runs": {
                "batter": 0,
                "extras": 0,
                "total": 0
              }
            },
            {
              "batter": "M Elikana",
              "bowler": "NLKWR Dewi",
              "non_striker": "T Elikana",
              "runs": {
                "batter": 2,
                "extras": 0,
                "total": 2
              }
            },
            {
              "batter": "M Elikana",
              "bowler": "NLKWR Dewi",
              "non_striker": "T Elikana",
              "runs": {
                "batter": 0,
                "extras": 0,
                "total": 0
              }
            },
            {
              "batter": "M Elikana",
              "bowler": "NLKWR Dewi",
              "non_striker": "T Elikana",
              "runs": {
                "batter": 0,
                "extras": 0,
                "total": 0
              }
            },
            {
              "batter": "M Elikana",
              "bowler": "NLKWR Dewi",
              "non_striker": "T Elikana",
              "runs": {
                "batter": 0,
                "extras": 0,
                "total": 0
              },
              "wickets": [
                {
                  "player_out": "M Elikana",
                  "kind": "bowled"
                }
              ]
            },
            {
              "batter": "A Vailoa",
              "bowler": "NLKWR Dewi",
              "non_striker": "T Elikana",
              "runs": {
                "batter": 0,
                "extras": 0,
                "total": 0
              }
            }
          ]
        }
      ],
      "powerplays": [
        {
          "from": 0.1,
          "to": 5.6,
          "type": "mandatory"
        }
      ]
    },
    {
      "team": "Indonesia",
      "overs": [
        {
          "over": 0,
          "deliveries": [
            {
              "batter": "D Wulandari",
              "bowler": "GES Sullivan",
              "non_striker": "M Corazon",
              "runs": {
                "batter": 0,
                "extras": 0,
                "total": 0
              }
            },
            {
              "batter": "D Wulandari",
              "bowler": "GES Sullivan",
              "non_striker": "M Corazon",
              "runs": {
                "batter": 0,
                "extras": 0,
                "total": 0
              }
            },
            {
              "batter": "D Wulandari",
              "bowler": "GES Sullivan",
              "extras": {
                "legbyes": 1
              },
              "non_striker": "M Corazon",
              "runs": {
                "batter": 0,
                "extras": 1,
                "total": 1
              }
            },
            {
              "batter": "M Corazon",
              "bowler": "GES Sullivan",
              "non_striker": "D Wulandari",
              "runs": {
                "batter": 0,
                "extras": 0,
                "total": 0
              }
            },
            {
              "batter": "M Corazon",
              "bowler": "GES Sullivan",
              "non_striker": "D Wulandari",
              "runs": {
                "batter": 2,
                "extras": 0,
                "total": 2
              }
            },
            {
              "batter": "M Corazon",
              "bowler": "GES Sullivan",
              "non_striker": "D Wulandari",
              "runs": {
                "batter": 4,
                "extras": 0,
                "total": 4
              }
            }
          ]
        },
        {
          "over": 1,
          "deliveries": [
            {
              "batter": "D Wulandari",
              "bowler": "R Aurora",
              "non_striker": "M Corazon",
              "runs": {
                "batter": 0,
                "extras": 0,
                "total": 0
              }
            },
            {
              "batter": "D Wulandari",
              "bowler": "R Aurora",
              "non_striker": "M Corazon",
              "runs": {
                "batter": 0,
                "extras": 0,
                "total": 0
              }
            },
            {
              "batter": "D Wulandari",
              "bowler": "R Aurora",
              "non_striker": "M Corazon",
              "runs": {
                "batter": 1,
                "extras": 0,
                "total": 1
              }
            },
            {
              "batter": "M Corazon",
              "bowler": "R Aurora",
              "non_striker": "D Wulandari",
              "runs": {
                "batter": 0,
                "extras": 0,
                "total": 0
              }
            },
            {
              "batter": "M Corazon",
              "bowler": "R Aurora",
              "non_striker": "D Wulandari",
              "runs": {
                "batter": 0,
                "extras": 0,
                "total": 0
              }
            },
            {
              "batter": "M Corazon",
              "bowler": "R Aurora",
              "non_striker": "D Wulandari",
              "runs": {
                "batter": 0,
                "extras": 0,
                "total": 0
              }
            }
          ]
        },
        {
          "over": 2,
          "deliveries": [
            {
              "batter": "D Wulandari",
              "bowler": "GES Sullivan",
              "non_striker": "M Corazon",
              "runs": {
                "batter": 1,
                "extras": 0,
                "total": 1
              }
            },
            {
              "batter": "M Corazon",
              "bowler": "GES Sullivan",
              "non_striker": "D Wulandari",
              "runs": {
                "batter": 1,
                "extras": 0,
                "total": 1
              }
            },
            {
              "batter": "D Wulandari",
              "bowler": "GES Sullivan",
              "non_striker": "M Corazon",
              "runs": {
                "batter": 1,
                "extras": 0,
                "total": 1
              }
            },
            {
              "batter": "M Corazon",
              "bowler": "GES Sullivan",
              "non_striker": "D Wulandari",
              "runs": {
                "batter": 0,
                "extras": 0,
                "total": 0
              },
              "wickets": [
                {
                  "player_out": "M Corazon",
                  "fielders": [
                    {
                      "name": "R Bowers-Fleming",
                      "substitute": true
                    }
                  ],
                  "kind": "caught"
                }
              ]
            },
            {
              "batter": "NPAN Sakarini",
              "bowler": "GES Sullivan",
              "non_striker": "D Wulandari",
              "runs": {
                "batter": 0,
                "extras": 0,
                "total": 0
              }
            },
            {
              "batter": "NPAN Sakarini",
              "bowler": "GES Sullivan",
              "non_striker": "D Wulandari",
              "runs": {
                "batter": 0,
                "extras": 0,
                "total": 0
              }
            }
          ]
        },
        {
          "over": 3,
          "deliveries": [
            {
              "batter": "D Wulandari",
              "bowler": "R Aurora",
              "non_striker": "NPAN Sakarini",
              "runs": {
                "batter": 1,
                "extras": 0,
                "total": 1
              }
            },
            {
              "batter": "NPAN Sakarini",
              "bowler": "R Aurora",
              "non_striker": "D Wulandari",
              "runs": {
                "batter": 2,
                "extras": 0,
                "total": 2
              }
            },
            {
              "batter": "NPAN Sakarini",
              "bowler": "R Aurora",
              "non_striker": "D Wulandari",
              "runs": {
                "batter": 0,
                "extras": 0,
                "total": 0
              }
            },
            {
              "batter": "NPAN Sakarini",
              "bowler": "R Aurora",
              "non_striker": "D Wulandari",
              "runs": {
                "batter": 1,
                "extras": 0,
                "total": 1
              }
            },
            {
              "batter": "D Wulandari",
              "bowler": "R Aurora",
              "non_striker": "NPAN Sakarini",
              "runs": {
                "batter": 0,
                "extras": 0,
                "total": 0
              }
            },
            {
              "batter": "D Wulandari",
              "bowler": "R Aurora",
              "non_striker": "NPAN Sakarini",
              "runs": {
                "batter": 1,
                "extras": 0,
                "total": 1
              }
            }
          ]
        },
        {
          "over": 4,
          "deliveries": [
            {
              "batter": "D Wulandari",
              "bowler": "A Vailoa",
              "non_striker": "NPAN Sakarini",
              "runs": {
                "batter": 0,
                "extras": 0,
                "total": 0
              },
              "wickets": [
                {
                  "player_out": "D Wulandari",
                  "fielders": [
                    {
                      "name": "GES Sullivan"
                    }
                  ],
                  "kind": "caught"
                }
              ]
            },
            {
              "batter": "NLKWR Dewi",
              "bowler": "A Vailoa",
              "non_striker": "NPAN Sakarini",
              "runs": {
                "batter": 0,
                "extras": 0,
                "total": 0
              },
              "wickets": [
                {
                  "player_out": "NLKWR Dewi",
                  "kind": "bowled"
                }
              ]
            },
            {
              "batter": "KS Kasse",
              "bowler": "A Vailoa",
              "extras": {
                "wides": 1
              },
              "non_striker": "NPAN Sakarini",
              "runs": {
                "batter": 0,
                "extras": 1,
                "total": 1
              }
            },
            {
              "batter": "KS Kasse",
              "bowler": "A Vailoa",
              "non_striker": "NPAN Sakarini",
              "runs": {
                "batter": 0,
                "extras": 0,
                "total": 0
              }
            },
            {
              "batter": "KS Kasse",
              "bowler": "A Vailoa",
              "non_striker": "NPAN Sakarini",
              "runs": {
                "batter": 0,
                "extras": 0,
                "total": 0
              }
            },
            {
              "batter": "KS Kasse",
              "bowler": "A Vailoa",
              "non_striker": "NPAN Sakarini",
              "runs": {
                "batter": 0,
                "extras": 0,
                "total": 0
              }
            },
            {
              "batter": "KS Kasse",
              "bowler": "A Vailoa",
              "non_striker": "NPAN Sakarini",
              "runs": {
                "batter": 0,
                "extras": 0,
                "total": 0
              }
            }
          ]
        },
        {
          "over": 5,
          "deliveries": [
            {
              "batter": "NPAN Sakarini",
              "bowler": "T Elikana",
              "non_striker": "KS Kasse",
              "runs": {
                "batter": 1,
                "extras": 0,
                "total": 1
              }
            },
            {
              "batter": "KS Kasse",
              "bowler": "T Elikana",
              "non_striker": "NPAN Sakarini",
              "runs": {
                "batter": 1,
                "extras": 0,
                "total": 1
              }
            },
            {
              "batter": "NPAN Sakarini",
              "bowler": "T Elikana",
              "non_striker": "KS Kasse",
              "runs": {
                "batter": 1,
                "extras": 0,
                "total": 1
              }
            },
            {
              "batter": "KS Kasse",
              "bowler": "T Elikana",
              "non_striker": "NPAN Sakarini",
              "runs": {
                "batter": 0,
                "extras": 0,
                "total": 0
              }
            },
            {
              "batter": "KS Kasse",
              "bowler": "T Elikana",
              "non_striker": "NPAN Sakarini",
              "runs": {
                "batter": 0,
                "extras": 0,
                "total": 0
              }
            },
            {
              "batter": "KS Kasse",
              "bowler": "T Elikana",
              "non_striker": "NPAN Sakarini",
              "runs": {
                "batter": 0,
                "extras": 0,
                "total": 0
              }
            }
          ]
        },
        {
          "over": 6,
          "deliveries": [
            {
              "batter": "NPAN Sakarini",
              "bowler": "A Vailoa",
              "extras": {
                "wides": 2
              },
              "non_striker": "KS Kasse",
              "runs": {
                "batter": 0,
                "extras": 2,
                "total": 2
              }
            },
            {
              "batter": "KS Kasse",
              "bowler": "A Vailoa",
              "non_striker": "NPAN Sakarini",
              "runs": {
                "batter": 0,
                "extras": 0,
                "total": 0
              },
              "wickets": [
                {
                  "player_out": "KS Kasse",
                  "fielders": [
                    {
                      "name": "Z Maeva"
                    }
                  ],
                  "kind": "caught"
                }
              ]
            },
            {
              "batter": "Noorainah",
              "bowler": "A Vailoa",
              "non_striker": "NPAN Sakarini",
              "runs": {
                "batter": 0,
                "extras": 0,
                "total": 0
              }
            },
            {
              "batter": "Noorainah",
              "bowler": "A Vailoa",
              "non_striker": "NPAN Sakarini",
              "runs": {
                "batter": 0,
                "extras": 0,
                "total": 0
              }
            },
            {
              "batter": "Noorainah",
              "bowler": "A Vailoa",
              "non_striker": "NPAN Sakarini",
              "runs": {
                "batter": 0,
                "extras": 0,
                "total": 0
              },
              "wickets": [
                {
                  "player_out": "Noorainah",
                  "kind": "bowled"
                }
              ]
            },
            {
              "batter": "DAL Paramitha",
              "bowler": "A Vailoa",
              "non_striker": "NPAN Sakarini",
              "runs": {
                "batter": 0,
                "extras": 0,
                "total": 0
              }
            },
            {
              "batter": "DAL Paramitha",
              "bowler": "A Vailoa",
              "non_striker": "NPAN Sakarini",
              "runs": {
                "batter": 0,
                "extras": 0,
                "total": 0
              }
            }
          ]
        },
        {
          "over": 7,
          "deliveries": [
            {
              "batter": "NPAN Sakarini",
              "bowler": "T Elikana",
              "non_striker": "DAL Paramitha",
              "runs": {
                "batter": 0,
                "extras": 0,
                "total": 0
              }
            },
            {
              "batter": "NPAN Sakarini",
              "bowler": "T Elikana",
              "non_striker": "DAL Paramitha",
              "runs": {
                "batter": 0,
                "extras": 0,
                "total": 0
              }
            },
            {
              "batter": "NPAN Sakarini",
              "bowler": "T Elikana",
              "non_striker": "DAL Paramitha",
              "runs": {
                "batter": 0,
                "extras": 0,
                "total": 0
              }
            },
            {
              "batter": "NPAN Sakarini",
              "bowler": "T Elikana",
              "non_striker": "DAL Paramitha",
              "runs": {
                "batter": 1,
                "extras": 0,
                "total": 1
              }
            },
            {
              "batter": "DAL Paramitha",
              "bowler": "T Elikana",
              "non_striker": "NPAN Sakarini",
              "runs": {
                "batter": 1,
                "extras": 0,
                "total": 1
              }
            },
            {
              "batter": "NPAN Sakarini",
              "bowler": "T Elikana",
              "non_striker": "DAL Paramitha",
              "runs": {
                "batter": 1,
                "extras": 0,
                "total": 1
              }
            }
          ]
        },
        {
          "over": 8,
          "deliveries": [
            {
              "batter": "NPAN Sakarini",
              "bowler": "A Vailoa",
              "non_striker": "DAL Paramitha",
              "runs": {
                "batter": 0,
                "extras": 0,
                "total": 0
              }
            },
            {
              "batter": "NPAN Sakarini",
              "bowler": "A Vailoa",
              "non_striker": "DAL Paramitha",
              "runs": {
                "batter": 0,
                "extras": 0,
                "total": 0
              }
            },
            {
              "batter": "NPAN Sakarini",
              "bowler": "A Vailoa",
              "non_striker": "DAL Paramitha",
              "runs": {
                "batter": 0,
                "extras": 0,
                "total": 0
              }
            },
            {
              "batter": "NPAN Sakarini",
              "bowler": "A Vailoa",
              "non_striker": "DAL Paramitha",
              "runs": {
                "batter": 0,
                "extras": 0,
                "total": 0
              }
            },
            {
              "batter": "NPAN Sakarini",
              "bowler": "A Vailoa",
              "non_striker": "DAL Paramitha",
              "runs": {
                "batter": 0,
                "extras": 0,
                "total": 0
              }
            },
            {
              "batter": "NPAN Sakarini",
              "bowler": "A Vailoa",
              "extras": {
                "legbyes": 1
              },
              "non_striker": "DAL Paramitha",
              "runs": {
                "batter": 0,
                "extras": 1,
                "total": 1
              }
            }
          ]
        },
        {
          "over": 9,
          "deliveries": [
            {
              "batter": "NPAN Sakarini",
              "bowler": "M Elikana",
              "non_striker": "DAL Paramitha",
              "runs": {
                "batter": 0,
                "extras": 0,
                "total": 0
              }
            },
            {
              "batter": "NPAN Sakarini",
              "bowler": "M Elikana",
              "non_striker": "DAL Paramitha",
              "runs": {
                "batter": 0,
                "extras": 0,
                "total": 0
              }
            },
            {
              "batter": "NPAN Sakarini",
              "bowler": "M Elikana",
              "non_striker": "DAL Paramitha",
              "runs": {
                "batter": 2,
                "extras": 0,
                "total": 2
              }
            },
            {
              "batter": "NPAN Sakarini",
              "bowler": "M Elikana",
              "non_striker": "DAL Paramitha",
              "runs": {
                "batter": 0,
                "extras": 0,
                "total": 0
              }
            },
            {
              "batter": "NPAN Sakarini",
              "bowler": "M Elikana",
              "non_striker": "DAL Paramitha",
              "runs": {
                "batter": 0,
                "extras": 0,
                "total": 0
              }
            },
            {
              "batter": "NPAN Sakarini",
              "bowler": "M Elikana",
              "non_striker": "DAL Paramitha",
              "runs": {
                "batter": 0,
                "extras": 0,
                "total": 0
              }
            }
          ]
        },
        {
          "over": 10,
          "deliveries": [
            {
              "batter": "DAL Paramitha",
              "bowler": "GES Sullivan",
              "non_striker": "NPAN Sakarini",
              "runs": {
                "batter": 1,
                "extras": 0,
                "total": 1
              }
            },
            {
              "batter": "NPAN Sakarini",
              "bowler": "GES Sullivan",
              "non_striker": "DAL Paramitha",
              "runs": {
                "batter": 0,
                "extras": 0,
                "total": 0
              }
            },
            {
              "batter": "NPAN Sakarini",
              "bowler": "GES Sullivan",
              "non_striker": "DAL Paramitha",
              "runs": {
                "batter": 2,
                "extras": 0,
                "total": 2
              }
            },
            {
              "batter": "NPAN Sakarini",
              "bowler": "GES Sullivan",
              "non_striker": "DAL Paramitha",
              "runs": {
                "batter": 0,
                "extras": 0,
                "total": 0
              }
            },
            {
              "batter": "NPAN Sakarini",
              "bowler": "GES Sullivan",
              "non_striker": "DAL Paramitha",
              "runs": {
                "batter": 0,
                "extras": 0,
                "total": 0
              }
            },
            {
              "batter": "NPAN Sakarini",
              "bowler": "GES Sullivan",
              "non_striker": "DAL Paramitha",
              "runs": {
                "batter": 0,
                "extras": 0,
                "total": 0
              }
            }
          ]
        },
        {
          "over": 11,
          "deliveries": [
            {
              "batter": "DAL Paramitha",
              "bowler": "M Elikana",
              "extras": {
                "wides": 1
              },
              "non_striker": "NPAN Sakarini",
              "runs": {
                "batter": 0,
                "extras": 1,
                "total": 1
              }
            },
            {
              "batter": "DAL Paramitha",
              "bowler": "M Elikana",
              "non_striker": "NPAN Sakarini",
              "runs": {
                "batter": 0,
                "extras": 0,
                "total": 0
              }
            },
            {
              "batter": "DAL Paramitha",
              "bowler": "M Elikana",
              "non_striker": "NPAN Sakarini",
              "runs": {
                "batter": 0,
                "extras": 0,
                "total": 0
              }
            },
            {
              "batter": "DAL Paramitha",
              "bowler": "M Elikana",
              "non_striker": "NPAN Sakarini",
              "runs": {
                "batter": 0,
                "extras": 0,
                "total": 0
              }
            },
            {
              "batter": "DAL Paramitha",
              "bowler": "M Elikana",
              "non_striker": "NPAN Sakarini",
              "runs": {
                "batter": 0,
                "extras": 0,
                "total": 0
              }
            },
            {
              "batter": "DAL Paramitha",
              "bowler": "M Elikana",
              "non_striker": "NPAN Sakarini",
              "runs": {
                "batter": 0,
                "extras": 0,
                "total": 0
              }
            },
            {
              "batter": "DAL Paramitha",
              "bowler": "M Elikana",
              "non_striker": "NPAN Sakarini",
              "runs": {
                "batter": 0,
                "extras": 0,
                "total": 0
              },
              "wickets": [
                {
                  "player_out": "DAL Paramitha",
                  "fielders": [
                    {
                      "name": "A Vailoa"
                    }
                  ],
                  "kind": "caught"
                }
              ]
            }
          ]
        },
        {
          "over": 12,
          "deliveries": [
            {
              "batter": "NPAN Sakarini",
              "bowler": "A Vailoa",
              "non_striker": "Emily Sirs",
              "runs": {
                "batter": 0,
                "extras": 0,
                "total": 0
              }
            },
            {
              "batter": "NPAN Sakarini",
              "bowler": "A Vailoa",
              "non_striker": "Emily Sirs",
              "runs": {
                "batter": 2,
                "extras": 0,
                "total": 2
              }
            },
            {
              "batter": "NPAN Sakarini",
              "bowler": "A Vailoa",
              "extras": {
                "wides": 1
              },
              "non_striker": "Emily Sirs",
              "runs": {
                "batter": 0,
                "extras": 1,
                "total": 1
              }
            },
            {
              "batter": "NPAN Sakarini",
              "bowler": "A Vailoa",
              "non_striker": "Emily Sirs",
              "runs": {
                "batter": 0,
                "extras": 0,
                "total": 0
              }
            },
            {
              "batter": "NPAN Sakarini",
              "bowler": "A Vailoa",
              "non_striker": "Emily Sirs",
              "runs": {
                "batter": 0,
                "extras": 0,
                "total": 0
              }
            },
            {
              "batter": "NPAN Sakarini",
              "bowler": "A Vailoa",
              "extras": {
                "wides": 1
              },
              "non_striker": "Emily Sirs",
              "runs": {
                "batter": 0,
                "extras": 1,
                "total": 1
              }
            },
            {
              "batter": "NPAN Sakarini",
              "bowler": "A Vailoa",
              "non_striker": "Emily Sirs",
              "runs": {
                "batter": 1,
                "extras": 0,
                "total": 1
              }
            },
            {
              "batter": "Emily Sirs",
              "bowler": "A Vailoa",
              "non_striker": "NPAN Sakarini",
              "runs": {
                "batter": 0,
                "extras": 0,
                "total": 0
              }
            }
          ]
        },
        {
          "over": 13,
          "deliveries": [
            {
              "batter": "NPAN Sakarini",
              "bowler": "R Aurora",
              "non_striker": "Emily Sirs",
              "runs": {
                "batter": 0,
                "extras": 0,
                "total": 0
              }
            },
            {
              "batter": "NPAN Sakarini",
              "bowler": "R Aurora",
              "non_striker": "Emily Sirs",
              "runs": {
                "batter": 4,
                "extras": 0,
                "total": 4
              }
            },
            {
              "batter": "NPAN Sakarini",
              "bowler": "R Aurora",
              "extras": {
                "wides": 1
              },
              "non_striker": "Emily Sirs",
              "runs": {
                "batter": 0,
                "extras": 1,
                "total": 1
              }
            },
            {
              "batter": "NPAN Sakarini",
              "bowler": "R Aurora",
              "non_striker": "Emily Sirs",
              "runs": {
                "batter": 0,
                "extras": 0,
                "total": 0
              }
            },
            {
              "batter": "NPAN Sakarini",
              "bowler": "R Aurora",
              "non_striker": "Emily Sirs",
              "runs": {
                "batter": 0,
                "extras": 0,
                "total": 0
              }
            },
            {
              "batter": "NPAN Sakarini",
              "bowler": "R Aurora",
              "non_striker": "Emily Sirs",
              "runs": {
                "batter": 0,
                "extras": 0,
                "total": 0
              }
            },
            {
              "batter": "NPAN Sakarini",
              "bowler": "R Aurora",
              "non_striker": "Emily Sirs",
              "runs": {
                "batter": 0,
                "extras": 0,
                "total": 0
              }
            }
          ]
        },
        {
          "over": 14,
          "deliveries": [
            {
              "batter": "Emily Sirs",
              "bowler": "M Elikana",
              "extras": {
                "noballs": 1
              },
              "non_striker": "NPAN Sakarini",
              "runs": {
                "batter": 1,
                "extras": 1,
                "total": 2
              }
            },
            {
              "batter": "NPAN Sakarini",
              "bowler": "M Elikana",
              "non_striker": "Emily Sirs",
              "runs": {
                "batter": 0,
                "extras": 0,
                "total": 0
              }
            },
            {
              "batter": "NPAN Sakarini",
              "bowler": "M Elikana",
              "non_striker": "Emily Sirs",
              "runs": {
                "batter": 0,
                "extras": 0,
                "total": 0
              }
            },
            {
              "batter": "NPAN Sakarini",
              "bowler": "M Elikana",
              "extras": {
                "wides": 1
              },
              "non_striker": "Emily Sirs",
              "runs": {
                "batter": 0,
                "extras": 1,
                "total": 1
              }
            },
            {
              "batter": "NPAN Sakarini",
              "bowler": "M Elikana",
              "non_striker": "Emily Sirs",
              "runs": {
                "batter": 0,
                "extras": 0,
                "total": 0
              }
            },
            {
              "batter": "NPAN Sakarini",
              "bowler": "M Elikana",
              "non_striker": "Emily Sirs",
              "runs": {
                "batter": 0,
                "extras": 0,
                "total": 0
              },
              "wickets": [
                {
                  "player_out": "NPAN Sakarini",
                  "fielders": [
                    {
                      "name": "GES Sullivan"
                    }
                  ],
                  "kind": "caught"
                }
              ]
            },
            {
              "batter": "NW Sariani",
              "bowler": "M Elikana",
              "non_striker": "Emily Sirs",
              "runs": {
                "batter": 0,
                "extras": 0,
                "total": 0
              }
            },
            {
              "batter": "NW Sariani",
              "bowler": "M Elikana",
              "non_striker": "Emily Sirs",
              "runs": {
                "batter": 0,
                "extras": 0,
                "total": 0
              }
            }
          ]
        },
        {
          "over": 15,
          "deliveries": [
            {
              "batter": "Emily Sirs",
              "bowler": "R Aurora",
              "non_striker": "NW Sariani",
              "runs": {
                "batter": 0,
                "extras": 0,
                "total": 0
              }
            },
            {
              "batter": "Emily Sirs",
              "bowler": "R Aurora",
              "non_striker": "NW Sariani",
              "runs": {
                "batter": 0,
                "extras": 0,
                "total": 0
              }
            },
            {
              "batter": "Emily Sirs",
              "bowler": "R Aurora",
              "non_striker": "NW Sariani",
              "runs": {
                "batter": 0,
                "extras": 0,
                "total": 0
              }
            },
            {
              "batter": "Emily Sirs",
              "bowler": "R Aurora",
              "non_striker": "NW Sariani",
              "runs": {
                "batter": 1,
                "extras": 0,
                "total": 1
              }
            },
            {
              "batter": "NW Sariani",
              "bowler": "R Aurora",
              "non_striker": "Emily Sirs",
              "runs": {
                "batter": 1,
                "extras": 0,
                "total": 1
              }
            },
            {
              "batter": "Emily Sirs",
              "bowler": "R Aurora",
              "non_striker": "NW Sariani",
              "runs": {
                "batter": 4,
                "extras": 0,
                "total": 4
              }
            }
          ]
        },
        {
          "over": 16,
          "deliveries": [
            {
              "batter": "NW Sariani",
              "bowler": "GES Sullivan",
              "non_striker": "Emily Sirs",
              "runs": {
                "batter": 0,
                "extras": 0,
                "total": 0
              }
            },
            {
              "batter": "NW Sariani",
              "bowler": "GES Sullivan",
              "non_striker": "Emily Sirs",
              "runs": {
                "batter": 0,
                "extras": 0,
                "total": 0
              }
            },
            {
              "batter": "NW Sariani",
              "bowler": "GES Sullivan",
              "non_striker": "Emily Sirs",
              "runs": {
                "batter": 1,
                "extras": 0,
                "total": 1
              }
            },
            {
              "batter": "Emily Sirs",
              "bowler": "GES Sullivan",
              "non_striker": "NW Sariani",
              "runs": {
                "batter": 0,
                "extras": 0,
                "total": 0
              }
            },
            {
              "batter": "Emily Sirs",
              "bowler": "GES Sullivan",
              "non_striker": "NW Sariani",
              "runs": {
                "batter": 0,
                "extras": 0,
                "total": 0
              }
            },
            {
              "batter": "Emily Sirs",
              "bowler": "GES Sullivan",
              "extras": {
                "byes": 1
              },
              "non_striker": "NW Sariani",
              "runs": {
                "batter": 0,
                "extras": 1,
                "total": 1
              }
            }
          ]
        },
        {
          "over": 17,
          "deliveries": [
            {
              "batter": "Emily Sirs",
              "bowler": "T Elikana",
              "non_striker": "NW Sariani",
              "runs": {
                "batter": 0,
                "extras": 0,
                "total": 0
              }
            },
            {
              "batter": "Emily Sirs",
              "bowler": "T Elikana",
              "non_striker": "NW Sariani",
              "runs": {
                "batter": 1,
                "extras": 0,
                "total": 1
              }
            },
            {
              "batter": "NW Sariani",
              "bowler": "T Elikana",
              "extras": {
                "wides": 1
              },
              "non_striker": "Emily Sirs",
              "runs": {
                "batter": 0,
                "extras": 1,
                "total": 1
              }
            },
            {
              "batter": "NW Sariani",
              "bowler": "T Elikana",
              "non_striker": "Emily Sirs",
              "runs": {
                "batter": 2,
                "extras": 0,
                "total": 2
              }
            },
            {
              "batter": "NW Sariani",
              "bowler": "T Elikana",
              "non_striker": "Emily Sirs",
              "runs": {
                "batter": 1,
                "extras": 0,
                "total": 1
              }
            }
          ]
        }
      ],
      "powerplays": [
        {
          "from": 0.1,
          "to": 5.6,
          "type": "mandatory"
        }
      ],
      "target": {
        "overs": 20,
        "runs": 58
      }
    }
  ]
}