{
  "meta": {
    "data_version": "1.1.0",
    "created": "2025-04-10",
    "revision": 1
  },
  "info": {
    "balls_per_over": 6,
    "city": "Mong Kok",
    "dates": [
      "2025-04-10"
    ],
    "event": {
      "name": "Quadrangular Twenty20 Series (Hong Kong)",
      "match_number": 3
    },
    "gender": "male",
    "match_type": "T20",
    "match_type_number": 3134,
    "officials": {
      "match_referees": [
        "G Sankaranarayanan"
      ],
      "reserve_umpires": [
        "H Tukrul"
      ],
      "umpires": [
        "John Prakash",
        "Ramasamy Venkatesh"
      ]
    },
    "outcome": {
      "winner": "Nepal",
      "by": {
        "wickets": 6
      }
    },
    "overs": 20,
    "player_of_match": [
      "K Bhurtel"
    ],
    "players": {
      "Kuwait": [
        "R Sandaruwan",
        "CV Anto",
        "Meet Bhavsar",
        "Usman Patel",
        "Muhammad Umar",
        "Bilal Tahir",
        "MNM Aslam",
        "Nimish Lathief",
        "Yasin Patel",
        "A Chenthamara",
        "Mohamed Shafeeq"
      ],
      "Nepal": [
        "K Bhurtel",
        "Aasif Sheikh",
        "Kushal Malla",
        "RK Paudel",
        "DS Airee",
        "Gulsan Jha",
        "Basir Ahamad",
        "Sompal Kami",
        "Karan KC",
        "NK Yadav",
        "LN Rajbanshi"
      ]
    },
    "registry": {
      "people": {
        "A Chenthamara": "e7e14ecc",
        "Aasif Sheikh": "dcbea954",
        "Basir Ahamad": "218c7eab",
        "Bilal Tahir": "3cf06094",
        "CV Anto": "c01ca5af",
        "DS Airee": "1747ea18",
        "G Sankaranarayanan": "a4a348f9",
        "Gulsan Jha": "9811e35e",
        "H Tukrul": "a2880cb1",
        "John Prakash": "b5f3d429",
        "K Bhurtel": "e3386c8a",
        "Karan KC": "f53b3e1d",
        "Kushal Malla": "7e9f1cde",
        "LN Rajbanshi": "6ad2d5f7",
        "MNM Aslam": "20481563",
        "Meet Bhavsar": "b25a3800",
        "Mohamed Shafeeq": "ff13b10c",
        "Muhammad Umar": "0abc33ff",
        "NK Yadav": "737e595d",
        "Nimish Lathief": "b561e8ea",
        "R Sandaruwan": "cf6acc0d",
        "RK Paudel": "1a3cc554",
        "Ramasamy Venkatesh": "8ad68ea7",
        "Sompal Kami": "1adb8ee8",
        "Usman Patel": "415c6ccf",
        "Yasin Patel": "ecdd8d60"
      }
    },
    "season": "2025",
    "team_type": "international",
    "teams": [
      "Kuwait",
      "Nepal"
    ],
    "toss": {
      "decision": "field",
      "winner": "Nepal"
    },
    "venue": "Mission Road Ground, Mong Kok, Hong Kong"
  },
  "innings": [
    {
      "team": "Kuwait",
      "overs": [
        {
          "over": 0,
          "deliveries": [
            {
              "batter": "R Sandaruwan",
              "bowler": "Karan KC",
              "non_striker": "CV Anto",
              "runs": {
                "batter": 0,
                "extras": 0,
                "total": 0
              }
            },
            {
              "batter": "R Sandaruwan",
              "bowler": "Karan KC",
              "extras": {
                "legbyes": 1
              },
              "non_striker": "CV Anto",
              "runs": {
                "batter": 0,
                "extras": 1,
                "total": 1
              }
            },
            {
              "batter": "CV Anto",
              "bowler": "Karan KC",
              "non_striker": "R Sandaruwan",
              "runs": {
                "batter": 4,
                "extras": 0,
                "total": 4
              }
            },
            {
              "batter": "CV Anto",
              "bowler": "Karan KC",
              "non_striker": "R Sandaruwan",
              "runs": {
                "batter": 1,
                "extras": 0,
                "total": 1
              }
            },
            {
              "batter": "R Sandaruwan",
              "bowler": "Karan KC",
              "extras": {
                "legbyes": 4
              },
              "non_striker": "CV Anto",
              "runs": {
                "batter": 0,
                "extras": 4,
                "total": 4
              }
            },
            {
              "batter": "R Sandaruwan",
              "bowler": "Karan KC",
              "non_striker": "CV Anto",
              "runs": {
                "batter": 1,
                "extras": 0,
                "total": 1
              }
            }
          ]
        },
        {
          "over": 1,
          "deliveries": [
            {
              "batter": "R Sandaruwan",
              "bowler": "Sompal Kami",
              "non_striker": "CV Anto",
              "runs": {
                "batter": 4,
                "extras": 0,
                "total": 4
              }
            },
            {
              "batter": "R Sandaruwan",
              "bowler": "Sompal Kami",
              "non_striker": "CV Anto",
              "runs": {
                "batter": 0,
                "extras": 0,
                "total": 0
              }
            },
            {
              "batter": "R Sandaruwan",
              "bowler": "Sompal Kami",
              "non_striker": "CV Anto",
              "runs": {
                "batter": 0,
                "extras": 0,
                "total": 0
              }
            },
            {
              "batter": "R Sandaruwan",
              "bowler": "Sompal Kami",
              "non_striker": "CV Anto",
              "runs": {
                "batter": 6,
                "extras": 0,
                "total": 6
              }
            },
            {
              "batter": "R Sandaruwan",
              "bowler": "Sompal Kami",
              "non_striker": "CV Anto",
              "runs": {
                "batter": 5,
                "extras": 0,
                "total": 5
              }
            },
            {
              "batter": "CV Anto",
              "bowler": "Sompal Kami",
              "non_striker": "R Sandaruwan",
              "runs": {
                "batter": 0,
                "extras": 0,
                "total": 0
              }
            }
          ]
        },
        {
          "over": 2,
          "deliveries": [
            {
              "batter": "R Sandaruwan",
              "bowler": "NK Yadav",
              "non_striker": "CV Anto",
              "runs": {
                "batter": 5,
                "extras": 0,
                "total": 5
              }
            },
            {
              "batter": "CV Anto",
              "bowler": "NK Yadav",
              "non_striker": "R Sandaruwan",
              "runs": {
                "batter": 0,
                "extras": 0,
                "total": 0
              }
            },
            {
              "batter": "CV Anto",
              "bowler": "NK Yadav",
              "non_striker": "R Sandaruwan",
              "runs": {
                "batter": 4,
                "extras": 0,
                "total": 4
              }
            },
            {
              "batter": "CV Anto",
              "bowler": "NK Yadav",
              "non_striker": "R Sandaruwan",
              "runs": {
                "batter": 0,
                "extras": 0,
                "total": 0
              }
            },
            {
              "batter": "CV Anto",
              "bowler": "NK Yadav",
              "non_striker": "R Sandaruwan",
              "runs": {
                "batter": 0,
                "extras": 0,
                "total": 0
              }
            },
            {
              "batter": "CV Anto",
              "bowler": "NK Yadav",
              "non_striker": "R Sandaruwan",
              "runs": {
                "batter": 1,
                "extras": 0,
                "total": 1
              }
            }
          ]
        },
        {
          "over": 3,
          "deliveries": [
            {
              "batter": "CV Anto",
              "bowler": "Karan KC",
              "non_striker": "R Sandaruwan",
              "runs": {
                "batter": 0,
                "extras": 0,
                "total": 0
              }
            },
            {
              "batter": "CV Anto",
              "bowler": "Karan KC",
              "non_striker": "R Sandaruwan",
              "runs": {
                "batter": 1,
                "extras": 0,
                "total": 1
              }
            },
            {
              "batter": "R Sandaruwan",
              "bowler": "Karan KC",
              "non_striker": "CV Anto",
              "runs": {
                "batter": 0,
                "extras": 0,
                "total": 0
              }
            },
            {
              "batter": "R Sandaruwan",
              "bowler": "Karan KC",
              "non_striker": "CV Anto",
              "runs": {
                "batter": 0,
                "extras": 0,
                "total": 0
              }
            },
            {
              "batter": "R Sandaruwan",
              "bowler": "Karan KC",
              "extras": {
                "wides": 1
              },
              "non_striker": "CV Anto",
              "runs": {
                "batter": 0,
                "extras": 1,
                "total": 1
              }
            },
            {
              "batter": "R Sandaruwan",
              "bowler": "Karan KC",
              "non_striker": "CV Anto",
              "runs": {
                "batter": 4,
                "extras": 0,
                "total": 4
              }
            },
            {
              "batter": "R Sandaruwan",
              "bowler": "Karan KC",
              "non_striker": "CV Anto",
              "runs": {
                "batter": 1,
                "extras": 0,
                "total": 1
              }
            }
          ]
        },
        {
          "over": 4,
          "deliveries": [
            {
              "batter": "R Sandaruwan",
              "bowler": "LN Rajbanshi",
              "non_striker": "CV Anto",
              "runs": {
                "batter": 0,
                "extras": 0,
                "total": 0
              },
              "wickets": [
                {
                  "player_out": "R Sandaruwan",
                  "fielders": [
                    {
                      "name": "Gulsan Jha"
                    }
                  ],
                  "kind": "caught"
                }
              ]
            },
            {
              "batter": "Meet Bhavsar",
              "bowler": "LN Rajbanshi",
              "non_striker": "CV Anto",
              "runs": {
                "batter": 0,
                "extras": 0,
                "total": 0
              }
            },
            {
              "batter": "Meet Bhavsar",
              "bowler": "LN Rajbanshi",
              "non_striker": "CV Anto",
              "runs": {
                "batter": 1,
                "extras": 0,
                "total": 1
              }
            },
            {
              "batter": "CV Anto",
              "bowler": "LN Rajbanshi",
              "non_striker": "Meet Bhavsar",
              "runs": {
                "batter": 0,
                "extras": 0,
                "total": 0
              }
            },
            {
              "batter": "CV Anto",
              "bowler": "LN Rajbanshi",
              "non_striker": "Meet Bhavsar",
              "runs": {
                "batter": 4,
                "extras": 0,
                "total": 4
              }
            },
            {
              "batter": "CV Anto",
              "bowler": "LN Rajbanshi",
              "non_striker": "Meet Bhavsar",
              "runs": {
                "batter": 0,
                "extras": 0,
                "total": 0
              }
            }
          ]
        },
        {
          "over": 5,
          "deliveries": [
            {
              "batter": "Meet Bhavsar",
              "bowler": "DS Airee",
              "non_striker": "CV Anto",
              "runs": {
                "batter": 1,
                "extras": 0,
                "total": 1
              }
            },
            {
              "batter": "CV Anto",
              "bowler": "DS Airee",
              "non_striker": "Meet Bhavsar",
              "runs": {
                "batter": 0,
                "extras": 0,
                "total": 0
              }
            },
            {
              "batter": "CV Anto",
              "bowler": "DS Airee",
              "non_striker": "Meet Bhavsar",
              "runs": {
                "batter": 0,
                "extras": 0,
                "total": 0
              }
            },
            {
              "batter": "CV Anto",
              "bowler": "DS Airee",
              "non_striker": "Meet Bhavsar",
              "runs": {
                "batter": 1,
                "extras": 0,
                "total": 1
              }
            },
            {
              "batter": "Meet Bhavsar",
              "bowler": "DS Airee",
              "non_striker": "CV Anto",
              "runs": {
                "batter": 0,
                "extras": 0,
                "total": 0
              }
            },
            {
              "batter": "Meet Bhavsar",
              "bowler": "DS Airee",
              "non_striker": "CV Anto",
              "runs": {
                "batter": 4,
                "extras": 0,
                "total": 4
              }
            }
          ]
        },
        {
          "over": 6,
          "deliveries": [
            {
              "batter": "CV Anto",
              "bowler": "LN Rajbanshi",
              "non_striker": "Meet Bhavsar",
              "runs": {
                "batter": 0,
                "extras": 0,
                "total": 0
              }
            },
            {
              "batter": "CV Anto",
              "bowler": "LN Rajbanshi",
              "non_striker": "Meet Bhavsar",
              "runs": {
                "batter": 1,
                "extras": 0,
                "total": 1
              }
            },
            {
              "batter": "Meet Bhavsar",
              "bowler": "LN Rajbanshi",
              "non_striker": "CV Anto",
              "runs": {
                "batter": 1,
                "extras": 0,
                "total": 1
              }
            },
            {
              "batter": "CV Anto",
              "bowler": "LN Rajbanshi",
              "non_striker": "Meet Bhavsar",
              "runs": {
                "batter": 0,
                "extras": 0,
                "total": 0
              }
            },
            {
              "batter": "CV Anto",
              "bowler": "LN Rajbanshi",
              "non_striker": "Meet Bhavsar",
              "runs": {
                "batter": 1,
                "extras": 0,
                "total": 1
              }
            },
            {
              "batter": "Meet Bhavsar",
              "bowler": "LN Rajbanshi",
              "non_striker": "CV Anto",
              "runs": {
                "batter": 0,
                "extras": 0,
                "total": 0
              }
            }
          ]
        },
        {
          "over": 7,
          "deliveries": [
            {
              "batter": "CV Anto",
              "bowler": "DS Airee",
              "non_striker": "Meet Bhavsar",
              "runs": {
                "batter": 6,
                "extras": 0,
                "total": 6
              }
            },
            {
              "batter": "CV Anto",
              "bowler": "DS Airee",
              "non_striker": "Meet Bhavsar",
              "runs": {
                "batter": 1,
                "extras": 0,
                "total": 1
              }
            },
            {
              "batter": "Meet Bhavsar",
              "bowler": "DS Airee",
              "non_striker": "CV Anto",
              "runs": {
                "batter": 1,
                "extras": 0,
                "total": 1
              }
            },
            {
              "batter": "CV Anto",
              "bowler": "DS Airee",
              "non_striker": "Meet Bhavsar",
              "runs": {
                "batter": 6,
                "extras": 0,
                "total": 6
              }
            },
            {
              "batter": "CV Anto",
              "bowler": "DS Airee",
              "non_striker": "Meet Bhavsar",
              "runs": {
                "batter": 4,
                "extras": 0,
                "total": 4
              }
            },
            {
              "batter": "CV Anto",
              "bowler": "DS Airee",
              "non_striker": "Meet Bhavsar",
              "runs": {
                "batter": 1,
                "extras": 0,
                "total": 1
              }
            }
          ]
        },
        {
          "over": 8,
          "deliveries": [
            {
              "batter": "CV Anto",
              "bowler": "LN Rajbanshi",
              "non_striker": "Meet Bhavsar",
              "runs": {
                "batter": 1,
                "extras": 0,
                "total": 1
              }
            },
            {
              "batter": "Meet Bhavsar",
              "bowler": "LN Rajbanshi",
              "non_striker": "CV Anto",
              "runs": {
                "batter": 6,
                "extras": 0,
                "total": 6
              }
            },
            {
              "batter": "Meet Bhavsar",
              "bowler": "LN Rajbanshi",
              "non_striker": "CV Anto",
              "runs": {
                "batter": 1,
                "extras": 0,
                "total": 1
              }
            },
            {
              "batter": "CV Anto",
              "bowler": "LN Rajbanshi",
              "non_striker": "Meet Bhavsar",
              "runs": {
                "batter": 1,
                "extras": 0,
                "total": 1
              }
            },
            {
              "batter": "Meet Bhavsar",
              "bowler": "LN Rajbanshi",
              "non_striker": "CV Anto",
              "runs": {
                "batter": 6,
                "extras": 0,
                "total": 6
              }
            },
            {
              "batter": "Meet Bhavsar",
              "bowler": "LN Rajbanshi",
              "non_striker": "CV Anto",
              "runs": {
                "batter": 1,
                "extras": 0,
                "total": 1
              }
            }
          ]
        },
        {
          "over": 9,
          "deliveries": [
            {
              "batter": "Meet Bhavsar",
              "bowler": "NK Yadav",
              "non_striker": "CV Anto",
              "runs": {
                "batter": 0,
                "extras": 0,
                "total": 0
              }
            },
            {
              "batter": "Meet Bhavsar",
              "bowler": "NK Yadav",
              "non_striker": "CV Anto",
              "runs": {
                "batter": 1,
                "extras": 0,
                "total": 1
              }
            },
            {
              "batter": "CV Anto",
              "bowler": "NK Yadav",
              "non_striker": "Meet Bhavsar",
              "runs": {
                "batter": 2,
                "extras": 0,
                "total": 2
              }
            },
            {
              "batter": "CV Anto",
              "bowler": "NK Yadav",
              "non_striker": "Meet Bhavsar",
              "runs": {
                "batter": 1,
                "extras": 0,
                "total": 1
              }
            },
            {
              "batter": "Meet Bhavsar",
              "bowler": "NK Yadav",
              "non_striker": "CV Anto",
              "runs": {
                "batter": 1,
                "extras": 0,
                "total": 1
              }
            },
            {
              "batter": "CV Anto",
              "bowler": "NK Yadav",
              "non_striker": "Meet Bhavsar",
              "runs": {
                "batter": 0,
                "extras": 0,
                "total": 0
              },
              "wickets": [
                {
                  "player_out": "CV Anto",
                  "fielders": [
                    {
                      "name": "RK Paudel"
                    }
                  ],
                  "kind": "caught"
                }
              ]
            }
          ]
        },
        {
          "over": 10,
          "deliveries": [
            {
              "batter": "Meet Bhavsar",
              "bowler": "K Bhurtel",
              "non_striker": "Usman Patel",
              "runs": {
                "batter": 4,
                "extras": 0,
                "total": 4
              }
            },
            {
              "batter": "Meet Bhavsar",
              "bowler": "K Bhurtel",
              "non_striker": "Usman Patel",
              "runs": {
                "batter": 0,
                "extras": 0,
                "total": 0
              }
            },
            {
              "batter": "Meet Bhavsar",
              "bowler": "K Bhurtel",
              "non_striker": "Usman Patel",
              "runs": {
                "batter": 0,
                "extras": 0,
                "total": 0
              }
            },
            {
              "batter": "Meet Bhavsar",
              "bowler": "K Bhurtel",
              "non_striker": "Usman Patel",
              "runs": {
                "batter": 0,
                "extras": 0,
                "total": 0
              }
            },
            {
              "batter": "Meet Bhavsar",
              "bowler": "K Bhurtel",
              "non_striker": "Usman Patel",
              "runs": {
                "batter": 1,
                "extras": 0,
                "total": 1
              }
            },
            {
              "batter": "Usman Patel",
              "bowler": "K Bhurtel",
              "non_striker": "Meet Bhavsar",
              "runs": {
                "batter": 0,
                "extras": 0,
                "total": 0
              }
            }
          ]
        },
        {
          "over": 11,
          "deliveries": [
            {
              "batter": "Meet Bhavsar",
              "bowler": "Sompal Kami",
              "non_striker": "Usman Patel",
              "runs": {
                "batter": 1,
                "extras": 0,
                "total": 1
              }
            },
            {
              "batter": "Usman Patel",
              "bowler": "Sompal Kami",
              "non_striker": "Meet Bhavsar",
              "runs": {
                "batter": 1,
                "extras": 0,
                "total": 1
              }
            },
            {
              "batter": "Meet Bhavsar",
              "bowler": "Sompal Kami",
              "non_striker": "Usman Patel",
              "runs": {
                "batter": 1,
                "extras": 0,
                "total": 1
              }
            },
            {
              "batter": "Usman Patel",
              "bowler": "Sompal Kami",
              "non_striker": "Meet Bhavsar",
              "runs": {
                "batter": 1,
                "extras": 0,
                "total": 1
              }
            },
            {
              "batter": "Meet Bhavsar",
              "bowler": "Sompal Kami",
              "non_striker": "Usman Patel",
              "runs": {
                "batter": 1,
                "extras": 0,
                "total": 1
              }
            },
            {
              "batter": "Usman Patel",
              "bowler": "Sompal Kami",
              "non_striker": "Meet Bhavsar",
              "runs": {
                "batter": 1,
                "extras": 0,
                "total": 1
              }
            }
          ]
        },
        {
          "over": 12,
          "deliveries": [
            {
              "batter": "Usman Patel",
              "bowler": "K Bhurtel",
              "non_striker": "Meet Bhavsar",
              "runs": {
                "batter": 1,
                "extras": 0,
                "total": 1
              }
            },
            {
              "batter": "Meet Bhavsar",
              "bowler": "K Bhurtel",
              "non_striker": "Usman Patel",
              "runs": {
                "batter": 1,
                "extras": 0,
                "total": 1
              }
            },
            {
              "batter": "Usman Patel",
              "bowler": "K Bhurtel",
              "non_striker": "Meet Bhavsar",
              "runs": {
                "batter": 1,
                "extras": 0,
                "total": 1
              }
            },
            {
              "batter": "Meet Bhavsar",
              "bowler": "K Bhurtel",
              "non_striker": "Usman Patel",
              "runs": {
                "batter": 1,
                "extras": 0,
                "total": 1
              }
            },
            {
              "batter": "Usman Patel",
              "bowler": "K Bhurtel",
              "non_striker": "Meet Bhavsar",
              "runs": {
                "batter": 1,
                "extras": 0,
                "total": 1
              }
            },
            {
              "batter": "Meet Bhavsar",
              "bowler": "K Bhurtel",
              "non_striker": "Usman Patel",
              "runs": {
                "batter": 1,
                "extras": 0,
                "total": 1
              }
            }
          ]
        },
        {
          "over": 13,
          "deliveries": [
            {
              "batter": "Meet Bhavsar",
              "bowler": "Sompal Kami",
              "extras": {
                "legbyes": 1
              },
              "non_striker": "Usman Patel",
              "runs": {
                "batter": 0,
                "extras": 1,
                "total": 1
              }
            },
            {
              "batter": "Usman Patel",
              "bowler": "Sompal Kami",
              "non_striker": "Meet Bhavsar",
              "runs": {
                "batter": 6,
                "extras": 0,
                "total": 6
              }
            },
            {
              "batter": "Usman Patel",
              "bowler": "Sompal Kami",
              "non_striker": "Meet Bhavsar",
              "runs": {
                "batter": 1,
                "extras": 0,
                "total": 1
              }
            },
            {
              "batter": "Meet Bhavsar",
              "bowler": "Sompal Kami",
              "non_striker": "Usman Patel",
              "runs": {
                "batter": 0,
                "extras": 0,
                "total": 0
              },
              "wickets": [
                {
                  "player_out": "Meet Bhavsar",
                  "kind": "bowled"
                }
              ]
            },
            {
              "batter": "Muhammad Umar",
              "bowler": "Sompal Kami",
              "non_striker": "Usman Patel",
              "runs": {
                "batter": 1,
                "extras": 0,
                "total": 1
              }
            },
            {
              "batter": "Usman Patel",
              "bowler": "Sompal Kami",
              "non_striker": "Muhammad Umar",
              "runs": {
                "batter": 0,
                "extras": 0,
                "total": 0
              },
              "wickets": [
                {
                  "player_out": "Usman Patel",
                  "kind": "caught and bowled"
                }
              ]
            }
          ]
        },
        {
          "over": 14,
          "deliveries": [
            {
              "batter": "Muhammad Umar",
              "bowler": "K Bhurtel",
              "non_striker": "Bilal Tahir",
              "runs": {
                "batter": 0,
                "extras": 0,
                "total": 0
              }
            },
            {
              "batter": "Muhammad Umar",
              "bowler": "K Bhurtel",
              "extras": {
                "wides": 1
              },
              "non_striker": "Bilal Tahir",
              "runs": {
                "batter": 0,
                "extras": 1,
                "total": 1
              }
            },
            {
              "batter": "Muhammad Umar",
              "bowler": "K Bhurtel",
              "non_striker": "Bilal Tahir",
              "runs": {
                "batter": 0,
                "extras": 0,
                "total": 0
              },
              "wickets": [
                {
                  "player_out": "Muhammad Umar",
                  "kind": "lbw"
                }
              ]
            },
            {
              "batter": "MNM Aslam",
              "bowler": "K Bhurtel",
              "non_striker": "Bilal Tahir",
              "runs": {
                "batter": 0,
                "extras": 0,
                "total": 0
              }
            },
            {
              "batter": "MNM Aslam",
              "bowler": "K Bhurtel",
              "non_striker": "Bilal Tahir",
              "runs": {
                "batter": 1,
                "extras": 0,
                "total": 1
              }
            },
            {
              "batter": "Bilal Tahir",
              "bowler": "K Bhurtel",
              "non_striker": "MNM Aslam",
              "runs": {
                "batter": 0,
                "extras": 0,
                "total": 0
              }
            },
            {
              "batter": "Bilal Tahir",
              "bowler": "K Bhurtel",
              "non_striker": "MNM Aslam",
              "runs": {
                "batter": 1,
                "extras": 0,
                "total": 1
              }
            }
          ]
        },
        {
          "over": 15,
          "deliveries": [
            {
              "batter": "Bilal Tahir",
              "bowler": "Karan KC",
              "non_striker": "MNM Aslam",
              "runs": {
                "batter": 0,
                "extras": 0,
                "total": 0
              }
            },
            {
              "batter": "Bilal Tahir",
              "bowler": "Karan KC",
              "non_striker": "MNM Aslam",
              "runs": {
                "batter": 6,
                "extras": 0,
                "total": 6
              }
            },
            {
              "batter": "Bilal Tahir",
              "bowler": "Karan KC",
              "non_striker": "MNM Aslam",
              "runs": {
                "batter": 0,
                "extras": 0,
                "total": 0
              }
            },
            {
              "batter": "Bilal Tahir",
              "bowler": "Karan KC",
              "non_striker": "MNM Aslam",
              "runs": {
                "batter": 6,
                "extras": 0,
                "total": 6
              }
            },
            {
              "batter": "Bilal Tahir",
              "bowler": "Karan KC",
              "non_striker": "MNM Aslam",
              "runs": {
                "batter": 4,
                "extras": 0,
                "total": 4
              }
            },
            {
              "batter": "Bilal Tahir",
              "bowler": "Karan KC",
              "non_striker": "MNM Aslam",
              "runs": {
                "batter": 1,
                "extras": 0,
                "total": 1
              }
            }
          ]
        },
        {
          "over": 16,
          "deliveries": [
            {
              "batter": "Bilal Tahir",
              "bowler": "K Bhurtel",
              "non_striker": "MNM Aslam",
              "runs": {
                "batter": 1,
                "extras": 0,
                "total": 1
              }
            },
            {
              "batter": "MNM Aslam",
              "bowler": "K Bhurtel",
              "non_striker": "Bilal Tahir",
              "runs": {
                "batter": 1,
                "extras": 0,
                "total": 1
              }
            },
            {
              "batter": "Bilal Tahir",
              "bowler": "K Bhurtel",
              "non_striker": "MNM Aslam",
              "runs": {
                "batter": 6,
                "extras": 0,
                "total": 6
              }
            },
            {
              "batter": "Bilal Tahir",
              "bowler": "K Bhurtel",
              "non_striker": "MNM Aslam",
              "runs": {
                "batter": 1,
                "extras": 0,
                "total": 1
              }
            },
            {
              "batter": "MNM Aslam",
              "bowler": "K Bhurtel",
              "non_striker": "Bilal Tahir",
              "runs": {
                "batter": 4,
                "extras": 0,
                "total": 4
              }
            },
            {
              "batter": "MNM Aslam",
              "bowler": "K Bhurtel",
              "non_striker": "Bilal Tahir",
              "runs": {
                "batter": 0,
                "extras": 0,
                "total": 0
              }
            }
          ]
        },
        {
          "over": 17,
          "deliveries": [
            {
              "batter": "Bilal Tahir",
              "bowler": "NK Yadav",
              "non_striker": "MNM Aslam",
              "runs": {
                "batter": 6,
                "extras": 0,
                "total": 6
              }
            },
            {
              "batter": "Bilal Tahir",
              "bowler": "NK Yadav",
              "non_striker": "MNM Aslam",
              "runs": {
                "batter": 0,
                "extras": 0,
                "total": 0
              },
              "wickets": [
                {
                  "player_out": "Bilal Tahir",
                  "fielders": [
                    {
                      "name": "LN Rajbanshi"
                    }
                  ],
                  "kind": "caught"
                }
              ]
            },
            {
              "batter": "Nimish Lathief",
              "bowler": "NK Yadav",
              "non_striker": "MNM Aslam",
              "runs": {
                "batter": 0,
                "extras": 0,
                "total": 0
              }
            },
            {
              "batter": "Nimish Lathief",
              "bowler": "NK Yadav",
              "extras": {
                "byes": 1
              },
              "non_striker": "MNM Aslam",
              "runs": {
                "batter": 0,
                "extras": 1,
                "total": 1
              }
            },
            {
              "batter": "MNM Aslam",
              "bowler": "NK Yadav",
              "non_striker": "Nimish Lathief",
              "runs": {
                "batter": 0,
                "extras": 0,
                "total": 0
              }
            },
            {
              "batter": "MNM Aslam",
              "bowler": "NK Yadav",
              "non_striker": "Nimish Lathief",
              "runs": {
                "batter": 6,
                "extras": 0,
                "total": 6
              }
            }
          ]
        },
        {
          "over": 18,
          "deliveries": [
            {
              "batter": "Nimish Lathief",
              "bowler": "Sompal Kami",
              "non_striker": "MNM Aslam",
              "runs": {
                "batter": 6,
                "extras": 0,
                "total": 6
              }
            },
            {
              "batter": "Nimish Lathief",
              "bowler": "Sompal Kami",
              "non_striker": "MNM Aslam",
              "runs": {
                "batter": 0,
                "extras": 0,
                "total": 0
              },
              "wickets": [
                {
                  "player_out": "Nimish Lathief",
                  "kind": "bowled"
                }
              ]
            },
            {
              "batter": "Yasin Patel",
              "bowler": "Sompal Kami",
              "non_striker": "MNM Aslam",
              "runs": {
                "batter": 0,
                "extras": 0,
                "total": 0
              }
            },
            {
              "batter": "Yasin Patel",
              "bowler": "Sompal Kami",
              "non_striker": "MNM Aslam",
              "runs": {
                "batter": 1,
                "extras": 0,
                "total": 1
              }
            },
            {
              "batter": "MNM Aslam",
              "bowler": "Sompal Kami",
              "non_striker": "Yasin Patel",
              "runs": {
                "batter": 0,
                "extras": 0,
                "total": 0
              }
            },
            {
              "batter": "MNM Aslam",
              "bowler": "Sompal Kami",
              "non_striker": "Yasin Patel",
              "runs": {
                "batter": 0,
                "extras": 0,
                "total": 0
              }
            }
          ]
        },
        {
          "over": 19,
          "deliveries": [
            {
              "batter": "Yasin Patel",
              "bowler": "NK Yadav",
              "non_striker": "MNM Aslam",
              "runs": {
                "batter": 1,
                "extras": 0,
                "total": 1
              }
            },
            {
              "batter": "MNM Aslam",
              "bowler": "NK Yadav",
              "non_striker": "Yasin Patel",
              "runs": {
                "batter": 4,
                "extras": 0,
                "total": 4
              }
            },
            {
              "batter": "MNM Aslam",
              "bowler": "NK Yadav",
              "non_striker": "Yasin Patel",
              "runs": {
                "batter": 0,
                "extras": 0,
                "total": 0
              }
            },
            {
              "batter": "MNM Aslam",
              "bowler": "NK Yadav",
              "non_striker": "Yasin Patel",
              "runs": {
                "batter": 1,
                "extras": 0,
                "total": 1
              }
            },
            {
              "batter": "Yasin Patel",
              "bowler": "NK Yadav",
              "non_striker": "MNM Aslam",
              "runs": {
                "batter": 1,
                "extras": 0,
                "total": 1
              }
            },
            {
              "batter": "MNM Aslam",
              "bowler": "NK Yadav",
              "extras": {
                "byes": 2
              },
              "non_striker": "Yasin Patel",
              "runs": {
                "batter": 0,
                "extras": 2,
                "total": 2
              },
              "wickets": [
                {
                  "player_out": "MNM Aslam",
                  "fielders": [
                    {
                      "name": "Aasif Sheikh"
                    },
                    {
                      "name": "NK Yadav"
                    }
                  ],
                  "kind": "run out"
                }
              ]
            }
          ]
        }
      ],
      "powerplays": [
        {
          "from": 0.1,
          "to": 5.6,
          "type": "mandatory"
        }
      ]
    },
    {
      "team": "Nepal",
      "overs": [
        {
          "over": 0,
          "deliveries": [
            {
              "batter": "K Bhurtel",
              "bowler": "Mohamed Shafeeq",
              "non_striker": "Aasif Sheikh",
              "runs": {
                "batter": 0,
                "extras": 0,
                "total": 0
              }
            },
            {
              "batter": "K Bhurtel",
              "bowler": "Mohamed Shafeeq",
              "non_striker": "Aasif Sheikh",
              "runs": {
                "batter": 0,
                "extras": 0,
                "total": 0
              }
            },
            {
              "batter": "K Bhurtel",
              "bowler": "Mohamed Shafeeq",
              "non_striker": "Aasif Sheikh",
              "runs": {
                "batter": 6,
                "extras": 0,
                "total": 6
              }
            },
            {
              "batter": "K Bhurtel",
              "bowler": "Mohamed Shafeeq",
              "non_striker": "Aasif Sheikh",
              "runs": {
                "batter": 0,
                "extras": 0,
                "total": 0
              }
            },
            {
              "batter": "K Bhurtel",
              "bowler": "Mohamed Shafeeq",
              "non_striker": "Aasif Sheikh",
              "runs": {
                "batter": 0,
                "extras": 0,
                "total": 0
              }
            },
            {
              "batter": "K Bhurtel",
              "bowler": "Mohamed Shafeeq",
              "non_striker": "Aasif Sheikh",
              "runs": {
                "batter": 0,
                "extras": 0,
                "total": 0
              }
            }
          ]
        },
        {
          "over": 1,
          "deliveries": [
            {
              "batter": "Aasif Sheikh",
              "bowler": "A Chenthamara",
              "non_striker": "K Bhurtel",
              "runs": {
                "batter": 0,
                "extras": 0,
                "total": 0
              }
            },
            {
              "batter": "Aasif Sheikh",
              "bowler": "A Chenthamara",
              "non_striker": "K Bhurtel",
              "runs": {
                "batter": 0,
                "extras": 0,
                "total": 0
              }
            },
            {
              "batter": "Aasif Sheikh",
              "bowler": "A Chenthamara",
              "extras": {
                "wides": 1
              },
              "non_striker": "K Bhurtel",
              "runs": {
                "batter": 0,
                "extras": 1,
                "total": 1
              }
            },
            {
              "batter": "Aasif Sheikh",
              "bowler": "A Chenthamara",
              "non_striker": "K Bhurtel",
              "runs": {
                "batter": 0,
                "extras": 0,
                "total": 0
              }
            },
            {
              "batter": "Aasif Sheikh",
              "bowler": "A Chenthamara",
              "non_striker": "K Bhurtel",
              "runs": {
                "batter": 2,
                "extras": 0,
                "total": 2
              }
            },
            {
              "batter": "Aasif Sheikh",
              "bowler": "A Chenthamara",
              "non_striker": "K Bhurtel",
              "runs": {
                "batter": 6,
                "extras": 0,
                "total": 6
              }
            },
            {
              "batter": "Aasif Sheikh",
              "bowler": "A Chenthamara",
              "non_striker": "K Bhurtel",
              "runs": {
                "batter": 0,
                "extras": 0,
                "total": 0
              }
            }
          ]
        },
        {
          "over": 2,
          "deliveries": [
            {
              "batter": "K Bhurtel",
              "bowler": "Mohamed Shafeeq",
              "non_striker": "Aasif Sheikh",
              "runs": {
                "batter": 0,
                "extras": 0,
                "total": 0
              }
            },
            {
              "batter": "K Bhurtel",
              "bowler": "Mohamed Shafeeq",
              "non_striker": "Aasif Sheikh",
              "runs": {
                "batter": 6,
                "extras": 0,
                "total": 6
              }
            },
            {
              "batter": "K Bhurtel",
              "bowler": "Mohamed Shafeeq",
              "non_striker": "Aasif Sheikh",
              "runs": {
                "batter": 4,
                "extras": 0,
                "total": 4
              }
            },
            {
              "batter": "K Bhurtel",
              "bowler": "Mohamed Shafeeq",
              "non_striker": "Aasif Sheikh",
              "runs": {
                "batter": 4,
                "extras": 0,
                "total": 4
              }
            },
            {
              "batter": "K Bhurtel",
              "bowler": "Mohamed Shafeeq",
              "non_striker": "Aasif Sheikh",
              "runs": {
                "batter": 0,
                "extras": 0,
                "total": 0
              }
            },
            {
              "batter": "K Bhurtel",
              "bowler": "Mohamed Shafeeq",
              "non_striker": "Aasif Sheikh",
              "runs": {
                "batter": 4,
                "extras": 0,
                "total": 4
              }
            }
          ]
        },
        {
          "over": 3,
          "deliveries": [
            {
              "batter": "Aasif Sheikh",
              "bowler": "Yasin Patel",
              "non_striker": "K Bhurtel",
              "runs": {
                "batter": 0,
                "extras": 0,
                "total": 0
              }
            },
            {
              "batter": "Aasif Sheikh",
              "bowler": "Yasin Patel",
              "non_striker": "K Bhurtel",
              "runs": {
                "batter": 2,
                "extras": 0,
                "total": 2
              }
            },
            {
              "batter": "Aasif Sheikh",
              "bowler": "Yasin Patel",
              "non_striker": "K Bhurtel",
              "runs": {
                "batter": 2,
                "extras": 0,
                "total": 2
              }
            },
            {
              "batter": "Aasif Sheikh",
              "bowler": "Yasin Patel",
              "non_striker": "K Bhurtel",
              "runs": {
                "batter": 0,
                "extras": 0,
                "total": 0
              }
            },
            {
              "batter": "Aasif Sheikh",
              "bowler": "Yasin Patel",
              "non_striker": "K Bhurtel",
              "runs": {
                "batter": 1,
                "extras": 0,
                "total": 1
              }
            },
            {
              "batter": "K Bhurtel",
              "bowler": "Yasin Patel",
              "non_striker": "Aasif Sheikh",
              "runs": {
                "batter": 0,
                "extras": 0,
                "total": 0
              }
            }
          ]
        },
        {
          "over": 4,
          "deliveries": [
            {
              "batter": "Aasif Sheikh",
              "bowler": "Meet Bhavsar",
              "non_striker": "K Bhurtel",
              "runs": {
                "batter": 4,
                "extras": 0,
                "total": 4
              }
            },
            {
              "batter": "Aasif Sheikh",
              "bowler": "Meet Bhavsar",
              "non_striker": "K Bhurtel",
              "runs": {
                "batter": 6,
                "extras": 0,
                "total": 6
              }
            },
            {
              "batter": "Aasif Sheikh",
              "bowler": "Meet Bhavsar",
              "non_striker": "K Bhurtel",
              "runs": {
                "batter": 0,
                "extras": 0,
                "total": 0
              }
            },
            {
              "batter": "Aasif Sheikh",
              "bowler": "Meet Bhavsar",
              "non_striker": "K Bhurtel",
              "runs": {
                "batter": 0,
                "extras": 0,
                "total": 0
              }
            },
            {
              "batter": "Aasif Sheikh",
              "bowler": "Meet Bhavsar",
              "non_striker": "K Bhurtel",
              "runs": {
                "batter": 0,
                "extras": 0,
                "total": 0
              }
            },
            {
              "batter": "Aasif Sheikh",
              "bowler": "Meet Bhavsar",
              "non_striker": "K Bhurtel",
              "runs": {
                "batter": 6,
                "extras": 0,
                "total": 6
              }
            }
          ]
        },
        {
          "over": 5,
          "deliveries": [
            {
              "batter": "K Bhurtel",
              "bowler": "Yasin Patel",
              "non_striker": "Aasif Sheikh",
              "runs": {
                "batter": 1,
                "extras": 0,
                "total": 1
              }
            },
            {
              "batter": "Aasif Sheikh",
              "bowler": "Yasin Patel",
              "non_striker": "K Bhurtel",
              "runs": {
                "batter": 0,
                "extras": 0,
                "total": 0
              }
            },
            {
              "batter": "Aasif Sheikh",
              "bowler": "Yasin Patel",
              "non_striker": "K Bhurtel",
              "runs": {
                "batter": 1,
                "extras": 0,
                "total": 1
              }
            },
            {
              "batter": "K Bhurtel",
              "bowler": "Yasin Patel",
              "non_striker": "Aasif Sheikh",
              "runs": {
                "batter": 0,
                "extras": 0,
                "total": 0
              }
            },
            {
              "batter": "K Bhurtel",
              "bowler": "Yasin Patel",
              "non_striker": "Aasif Sheikh",
              "runs": {
                "batter": 2,
                "extras": 0,
                "total": 2
              }
            },
            {
              "batter": "K Bhurtel",
              "bowler": "Yasin Patel",
              "extras": {
                "byes": 1
              },
              "non_striker": "Aasif Sheikh",
              "runs": {
                "batter": 0,
                "extras": 1,
                "total": 1
              }
            }
          ]
        },
        {
          "over": 6,
          "deliveries": [
            {
              "batter": "K Bhurtel",
              "bowler": "A Chenthamara",
              "non_striker": "Aasif Sheikh",
              "runs": {
                "batter": 6,
                "extras": 0,
                "total": 6
              }
            },
            {
              "batter": "K Bhurtel",
              "bowler": "A Chenthamara",
              "non_striker": "Aasif Sheikh",
              "runs": {
                "batter": 0,
                "extras": 0,
                "total": 0
              }
            },
            {
              "batter": "K Bhurtel",
              "bowler": "A Chenthamara",
              "non_striker": "Aasif Sheikh",
              "runs": {
                "batter": 4,
                "extras": 0,
                "total": 4
              }
            },
            {
              "batter": "K Bhurtel",
              "bowler": "A Chenthamara",
              "non_striker": "Aasif Sheikh",
              "runs": {
                "batter": 6,
                "extras": 0,
                "total": 6
              }
            },
            {
              "batter": "K Bhurtel",
              "bowler": "A Chenthamara",
              "non_striker": "Aasif Sheikh",
              "runs": {
                "batter": 4,
                "extras": 0,
                "total": 4
              }
            },
            {
              "batter": "K Bhurtel",
              "bowler": "A Chenthamara",
              "non_striker": "Aasif Sheikh",
              "runs": {
                "batter": 1,
                "extras": 0,
                "total": 1
              }
            }
          ]
        },
        {
          "over": 7,
          "deliveries": [
            {
              "batter": "K Bhurtel",
              "bowler": "MNM Aslam",
              "non_striker": "Aasif Sheikh",
              "runs": {
                "batter": 1,
                "extras": 0,
                "total": 1
              }
            },
            {
              "batter": "Aasif Sheikh",
              "bowler": "MNM Aslam",
              "non_striker": "K Bhurtel",
              "runs": {
                "batter": 1,
                "extras": 0,
                "total": 1
              }
            },
            {
              "batter": "K Bhurtel",
              "bowler": "MNM Aslam",
              "non_striker": "Aasif Sheikh",
              "runs": {
                "batter": 1,
                "extras": 0,
                "total": 1
              }
            },
            {
              "batter": "Aasif Sheikh",
              "bowler": "MNM Aslam",
              "non_striker": "K Bhurtel",
              "runs": {
                "batter": 1,
                "extras": 0,
                "total": 1
              }
            },
            {
              "batter": "K Bhurtel",
              "bowler": "MNM Aslam",
              "non_striker": "Aasif Sheikh",
              "runs": {
                "batter": 1,
                "extras": 0,
                "total": 1
              }
            },
            {
              "batter": "Aasif Sheikh",
              "bowler": "MNM Aslam",
              "non_striker": "K Bhurtel",
              "runs": {
                "batter": 0,
                "extras": 0,
                "total": 0
              }
            }
          ]
        },
        {
          "over": 8,
          "deliveries": [
            {
              "batter": "K Bhurtel",
              "bowler": "Nimish Lathief",
              "non_striker": "Aasif Sheikh",
              "runs": {
                "batter": 0,
                "extras": 0,
                "total": 0
              }
            },
            {
              "batter": "K Bhurtel",
              "bowler": "Nimish Lathief",
              "non_striker": "Aasif Sheikh",
              "runs": {
                "batter": 1,
                "extras": 0,
                "total": 1
              }
            },
            {
              "batter": "Aasif Sheikh",
              "bowler": "Nimish Lathief",
              "non_striker": "K Bhurtel",
              "runs": {
                "batter": 1,
                "extras": 0,
                "total": 1
              }
            },
            {
              "batter": "K Bhurtel",
              "bowler": "Nimish Lathief",
              "non_striker": "Aasif Sheikh",
              "runs": {
                "batter": 0,
                "extras": 0,
                "total": 0
              }
            },
            {
              "batter": "K Bhurtel",
              "bowler": "Nimish Lathief",
              "non_striker": "Aasif Sheikh",
              "runs": {
                "batter": 1,
                "extras": 0,
                "total": 1
              }
            },
            {
              "batter": "Aasif Sheikh",
              "bowler": "Nimish Lathief",
              "non_striker": "K Bhurtel",
              "runs": {
                "batter": 1,
                "extras": 0,
                "total": 1
              }
            }
          ]
        },
        {
          "over": 9,
          "deliveries": [
            {
              "batter": "Aasif Sheikh",
              "bowler": "MNM Aslam",
              "non_striker": "K Bhurtel",
              "runs": {
                "batter": 0,
                "extras": 0,
                "total": 0
              }
            },
            {
              "batter": "Aasif Sheikh",
              "bowler": "MNM Aslam",
              "non_striker": "K Bhurtel",
              "runs": {
                "batter": 1,
                "extras": 0,
                "total": 1
              }
            },
            {
              "batter": "K Bhurtel",
              "bowler": "MNM Aslam",
              "non_striker": "Aasif Sheikh",
              "runs": {
                "batter": 0,
                "extras": 0,
                "total": 0
              }
            },
            {
              "batter": "K Bhurtel",
              "bowler": "MNM Aslam",
              "non_striker": "Aasif Sheikh",
              "runs": {
                "batter": 0,
                "extras": 0,
                "total": 0
              }
            },
            {
              "batter": "K Bhurtel",
              "bowler": "MNM Aslam",
              "non_striker": "Aasif Sheikh",
              "runs": {
                "batter": 0,
                "extras": 0,
                "total": 0
              }
            },
            {
              "batter": "K Bhurtel",
              "bowler": "MNM Aslam",
              "non_striker": "Aasif Sheikh",
              "runs": {
                "batter": 1,
                "extras": 0,
                "total": 1
              }
            }
          ]
        },
        {
          "over": 10,
          "deliveries": [
            {
              "batter": "K Bhurtel",
              "bowler": "Nimish Lathief",
              "non_striker": "Aasif Sheikh",
              "runs": {
                "batter": 1,
                "extras": 0,
                "total": 1
              }
            },
            {
              "batter": "Aasif Sheikh",
              "bowler": "Nimish Lathief",
              "non_striker": "K Bhurtel",
              "runs": {
                "batter": 1,
                "extras": 0,
                "total": 1
              }
            },
            {
              "batter": "K Bhurtel",
              "bowler": "Nimish Lathief",
              "non_striker": "Aasif Sheikh",
              "runs": {
                "batter": 4,
                "extras": 0,
                "total": 4
              }
            },
            {
              "batter": "K Bhurtel",
              "bowler": "Nimish Lathief",
              "non_striker": "Aasif Sheikh",
              "runs": {
                "batter": 1,
                "extras": 0,
                "total": 1
              }
            },
            {
              "batter": "Aasif Sheikh",
              "bowler": "Nimish Lathief",
              "non_striker": "K Bhurtel",
              "runs": {
                "batter": 1,
                "extras": 0,
                "total": 1
              }
            },
            {
              "batter": "K Bhurtel",
              "bowler": "Nimish Lathief",
              "non_striker": "Aasif Sheikh",
              "runs": {
                "batter": 6,
                "extras": 0,
                "total": 6
              }
            }
          ]
        },
        {
          "over": 11,
          "deliveries": [
            {
              "batter": "Aasif Sheikh",
              "bowler": "MNM Aslam",
              "non_striker": "K Bhurtel",
              "runs": {
                "batter": 1,
                "extras": 0,
                "total": 1
              }
            },
            {
              "batter": "K Bhurtel",
              "bowler": "MNM Aslam",
              "non_striker": "Aasif Sheikh",
              "runs": {
                "batter": 1,
                "extras": 0,
                "total": 1
              }
            },
            {
              "batter": "Aasif Sheikh",
              "bowler": "MNM Aslam",
              "non_striker": "K Bhurtel",
              "runs": {
                "batter": 6,
                "extras": 0,
                "total": 6
              }
            },
            {
              "batter": "Aasif Sheikh",
              "bowler": "MNM Aslam",
              "non_striker": "K Bhurtel",
              "runs": {
                "batter": 1,
                "extras": 0,
                "total": 1
              }
            },
            {
              "batter": "K Bhurtel",
              "bowler": "MNM Aslam",
              "non_striker": "Aasif Sheikh",
              "runs": {
                "batter": 1,
                "extras": 0,
                "total": 1
              }
            },
            {
              "batter": "Aasif Sheikh",
              "bowler": "MNM Aslam",
              "non_striker": "K Bhurtel",
              "runs": {
                "batter": 4,
                "extras": 0,
                "total": 4
              }
            }
          ]
        },
        {
          "over": 12,
          "deliveries": [
            {
              "batter": "K Bhurtel",
              "bowler": "Yasin Patel",
              "non_striker": "Aasif Sheikh",
              "runs": {
                "batter": 0,
                "extras": 0,
                "total": 0
              }
            },
            {
              "batter": "K Bhurtel",
              "bowler": "Yasin Patel",
              "non_striker": "Aasif Sheikh",
              "runs": {
                "batter": 1,
                "extras": 0,
                "total": 1
              }
            },
            {
              "batter": "Aasif Sheikh",
              "bowler": "Yasin Patel",
              "non_striker": "K Bhurtel",
              "runs": {
                "batter": 0,
                "extras": 0,
                "total": 0
              }
            },
            {
              "batter": "Aasif Sheikh",
              "bowler": "Yasin Patel",
              "non_striker": "K Bhurtel",
              "runs": {
                "batter": 1,
                "extras": 0,
                "total": 1
              }
            },
            {
              "batter": "K Bhurtel",
              "bowler": "Yasin Patel",
              "non_striker": "Aasif Sheikh",
              "runs": {
                "batter": 1,
                "extras": 0,
                "total": 1
              }
            },
            {
              "batter": "Aasif Sheikh",
              "bowler": "Yasin Patel",
              "non_striker": "K Bhurtel",
              "runs": {
                "batter": 1,
                "extras": 0,
                "total": 1
              }
            }
          ]
        },
        {
          "over": 13,
          "deliveries": [
            {
              "batter": "Aasif Sheikh",
              "bowler": "MNM Aslam",
              "non_striker": "K Bhurtel",
              "runs": {
                "batter": 1,
                "extras": 0,
                "total": 1
              }
            },
            {
              "batter": "K Bhurtel",
              "bowler": "MNM Aslam",
              "non_striker": "Aasif Sheikh",
              "runs": {
                "batter": 1,
                "extras": 0,
                "total": 1
              }
            },
            {
              "batter": "Aasif Sheikh",
              "bowler": "MNM Aslam",
              "non_striker": "K Bhurtel",
              "runs": {
                "batter": 1,
                "extras": 0,
                "total": 1
              }
            },
            {
              "batter": "K Bhurtel",
              "bowler": "MNM Aslam",
              "non_striker": "Aasif Sheikh",
              "runs": {
                "batter": 1,
                "extras": 0,
                "total": 1
              }
            },
            {
              "batter": "Aasif Sheikh",
              "bowler": "MNM Aslam",
              "non_striker": "K Bhurtel",
              "runs": {
                "batter": 0,
                "extras": 0,
                "total": 0
              },
              "wickets": [
                {
                  "player_out": "Aasif Sheikh",
                  "fielders": [
                    {
                      "name": "Nimish Lathief"
                    }
                  ],
                  "kind": "caught"
                }
              ]
            },
            {
              "batter": "Kushal Malla",
              "bowler": "MNM Aslam",
              "non_striker": "K Bhurtel",
              "runs": {
                "batter": 0,
                "extras": 0,
                "total": 0
              }
            }
          ]
        },
        {
          "over": 14,
          "deliveries": [
            {
              "batter": "K Bhurtel",
              "bowler": "Nimish Lathief",
              "non_striker": "Kushal Malla",
              "runs": {
                "batter": 1,
                "extras": 0,
                "total": 1
              }
            },
            {
              "batter": "Kushal Malla",
              "bowler": "Nimish Lathief",
              "non_striker": "K Bhurtel",
              "runs": {
                "batter": 2,
                "extras": 0,
                "total": 2
              }
            },
            {
              "batter": "Kushal Malla",
              "bowler": "Nimish Lathief",
              "extras": {
                "wides": 1
              },
              "non_striker": "K Bhurtel",
              "runs": {
                "batter": 0,
                "extras": 1,
                "total": 1
              }
            },
            {
              "batter": "Kushal Malla",
              "bowler": "Nimish Lathief",
              "non_striker": "K Bhurtel",
              "runs": {
                "batter": 0,
                "extras": 0,
                "total": 0
              }
            },
            {
              "batter": "Kushal Malla",
              "bowler": "Nimish Lathief",
              "non_striker": "K Bhurtel",
              "runs": {
                "batter": 1,
                "extras": 0,
                "total": 1
              }
            },
            {
              "batter": "K Bhurtel",
              "bowler": "Nimish Lathief",
              "non_striker": "Kushal Malla",
              "runs": {
                "batter": 6,
                "extras": 0,
                "total": 6
              }
            },
            {
              "batter": "K Bhurtel",
              "bowler": "Nimish Lathief",
              "non_striker": "Kushal Malla",
              "runs": {
                "batter": 1,
                "extras": 0,
                "total": 1
              }
            }
          ]
        },
        {
          "over": 15,
          "deliveries": [
            {
              "batter": "K Bhurtel",
              "bowler": "Yasin Patel",
              "non_striker": "Kushal Malla",
              "runs": {
                "batter": 1,
                "extras": 0,
                "total": 1
              }
            },
            {
              "batter": "Kushal Malla",
              "bowler": "Yasin Patel",
              "non_striker": "K Bhurtel",
              "runs": {
                "batter": 1,
                "extras": 0,
                "total": 1
              }
            },
            {
              "batter": "K Bhurtel",
              "bowler": "Yasin Patel",
              "non_striker": "Kushal Malla",
              "runs": {
                "batter": 0,
                "extras": 0,
                "total": 0
              },
              "wickets": [
                {
                  "player_out": "K Bhurtel",
                  "fielders": [
                    {
                      "name": "Nimish Lathief"
                    }
                  ],
                  "kind": "caught"
                }
              ]
            },
            {
              "batter": "RK Paudel",
              "bowler": "Yasin Patel",
              "non_striker": "Kushal Malla",
              "runs": {
                "batter": 1,
                "extras": 0,
                "total": 1
              }
            },
            {
              "batter": "Kushal Malla",
              "bowler": "Yasin Patel",
              "non_striker": "RK Paudel",
              "runs": {
                "batter": 0,
                "extras": 0,
                "total": 0
              },
              "wickets": [
                {
                  "player_out": "Kushal Malla",
                  "kind": "caught and bowled"
                }
              ]
            },
            {
              "batter": "DS Airee",
              "bowler": "Yasin Patel",
              "non_striker": "RK Paudel",
              "runs": {
                "batter": 1,
                "extras": 0,
                "total": 1
              }
            }
          ]
        },
        {
          "over": 16,
          "deliveries": [
            {
              "batter": "DS Airee",
              "bowler": "Mohamed Shafeeq",
              "non_striker": "RK Paudel",
              "runs": {
                "batter": 4,
                "extras": 0,
                "total": 4
              }
            },
            {
              "batter": "DS Airee",
              "bowler": "Mohamed Shafeeq",
              "non_striker": "RK Paudel",
              "runs": {
                "batter": 1,
                "extras": 0,
                "total": 1
              }
            },
            {
              "batter": "RK Paudel",
              "bowler": "Mohamed Shafeeq",
              "non_striker": "DS Airee",
              "runs": {
                "batter": 0,
                "extras": 0,
                "total": 0
              }
            },
            {
              "batter": "RK Paudel",
              "bowler": "Mohamed Shafeeq",
              "non_striker": "DS Airee",
              "runs": {
                "batter": 1,
                "extras": 0,
                "total": 1
              }
            },
            {
              "batter": "DS Airee",
              "bowler": "Mohamed Shafeeq",
              "non_striker": "RK Paudel",
              "runs": {
                "batter": 2,
                "extras": 0,
                "total": 2
              }
            },
            {
              "batter": "DS Airee",
              "bowler": "Mohamed Shafeeq",
              "non_striker": "RK Paudel",
              "runs": {
                "batter": 0,
                "extras": 0,
                "total": 0
              }
            }
          ]
        },
        {
          "over": 17,
          "deliveries": [
            {
              "batter": "RK Paudel",
              "bowler": "Meet Bhavsar",
              "non_striker": "DS Airee",
              "runs": {
                "batter": 1,
                "extras": 0,
                "total": 1
              }
            },
            {
              "batter": "DS Airee",
              "bowler": "Meet Bhavsar",
              "non_striker": "RK Paudel",
              "runs": {
                "batter": 4,
                "extras": 0,
                "total": 4
              }
            },
            {
              "batter": "DS Airee",
              "bowler": "Meet Bhavsar",
              "non_striker": "RK Paudel",
              "runs": {
                "batter": 6,
                "extras": 0,
                "total": 6
              }
            },
            {
              "batter": "DS Airee",
              "bowler": "Meet Bhavsar",
              "non_striker": "RK Paudel",
              "runs": {
                "batter": 6,
                "extras": 0,
                "total": 6
              }
            },
            {
              "batter": "DS Airee",
              "bowler": "Meet Bhavsar",
              "extras": {
                "noballs": 1
              },
              "non_striker": "RK Paudel",
              "runs": {
                "batter": 0,
                "extras": 1,
                "total": 1
              }
            },
            {
              "batter": "DS Airee",
              "bowler": "Meet Bhavsar",
              "non_striker": "RK Paudel",
              "runs": {
                "batter": 6,
                "extras": 0,
                "total": 6
              }
            },
            {
              "batter": "DS Airee",
              "bowler": "Meet Bhavsar",
              "non_striker": "RK Paudel",
              "runs": {
                "batter": 1,
                "extras": 0,
                "total": 1
              }
            }
          ]
        },
        {
          "over": 18,
          "deliveries": [
            {
              "batter": "DS Airee",
              "bowler": "Mohamed Shafeeq",
              "non_striker": "RK Paudel",
              "runs": {
                "batter": 0,
                "extras": 0,
                "total": 0
              },
              "wickets": [
                {
                  "player_out": "DS Airee",
                  "fielders": [
                    {
                      "name": "Yasin Patel"
                    }
                  ],
                  "kind": "caught"
                }
              ]
            },
            {
              "batter": "Gulsan Jha",
              "bowler": "Mohamed Shafeeq",
              "non_striker": "RK Paudel",
              "runs": {
                "batter": 1,
                "extras": 0,
                "total": 1
              }
            },
            {
              "batter": "RK Paudel",
              "bowler": "Mohamed Shafeeq",
              "non_striker": "Gulsan Jha",
              "runs": {
                "batter": 1,
                "extras": 0,
                "total": 1
              }
            },
            {
              "batter": "Gulsan Jha",
              "bowler": "Mohamed Shafeeq",
              "non_striker": "RK Paudel",
              "runs": {
                "batter": 4,
                "extras": 0,
                "total": 4
              }
            },
            {
              "batter": "Gulsan Jha",
              "bowler": "Mohamed Shafeeq",
              "non_striker": "RK Paudel",
              "runs": {
                "batter": 4,
                "extras": 0,
                "total": 4
              }
            }
          ]
        }
      ],
      "powerplays": [
        {
          "from": 0.1,
          "to": 5.6,
          "type": "mandatory"
        }
      ],
      "target": {
        "overs": 20,
        "runs": 186
      }
    }
  ]
}