{
  "meta": {
    "data_version": "1.1.0",
    "created": "2025-04-14",
    "revision": 1
  },
  "info": {
    "balls_per_over": 6,
    "city": "Mong Kok",
    "dates": [
      "2025-04-12"
    ],
    "event": {
      "name": "Quadrangular Twenty20 Series (Hong Kong)",
      "match_number": 5
    },
    "gender": "male",
    "match_type": "T20",
    "match_type_number": 3136,
    "officials": {
      "match_referees": [
        "G Sankaranarayanan"
      ],
      "reserve_umpires": [
        "H Tukrul"
      ],
      "umpires": [
        "John Prakash",
        "Niaz Ali"
      ]
    },
    "outcome": {
      "winner": "Kuwait",
      "by": {
        "wickets": 6
      }
    },
    "overs": 20,
    "player_of_match": [
      "CV Anto"
    ],
    "players": {
      "Qatar": [
        "A Nagarajan",
        "R Theruvath",
        "Ikramullah Khan",
        "Shahzaib Jamil",
        "Jassim Khan",
        "Mujeeb-ur-Rehman",
        "Mohammed Irshad",
        "Bukhar Illikkal",
        "Mohammad Abrar",
        "Bipin Kumar",
        "Muhammad Jabir"
      ],
      "Kuwait": [
        "R Sandaruwan",
        "CV Anto",
        "Meet Bhavsar",
        "Usman Patel",
        "Bilal Tahir",
        "Muhammad Umar",
        "MNM Aslam",
        "A Chenthamara",
        "Mohamed Shafeeq",
        "Nimish Lathief",
        "NT Rajendran"
      ]
    },
    "registry": {
      "people": {
        "A Chenthamara": "e7e14ecc",
        "A Nagarajan": "856dcfa8",
        "Bilal Tahir": "3cf06094",
        "Bipin Kumar": "c821e504",
        "Bukhar Illikkal": "f4a2d087",
        "CV Anto": "c01ca5af",
        "G Sankaranarayanan": "a4a348f9",
        "H Tukrul": "a2880cb1",
        "Ikramullah Khan": "c6e1354c",
        "Jassim Khan": "67e36e53",
        "John Prakash": "b5f3d429",
        "MNM Aslam": "20481563",
        "Meet Bhavsar": "b25a3800",
        "Mohamed Shafeeq": "ff13b10c",
        "Mohammad Abrar": "5923eebb",
        "Mohammed Irshad": "1a54d618",
        "Muhammad Jabir": "b67af1c4",
        "Muhammad Umar": "0abc33ff",
        "Mujeeb-ur-Rehman": "1a8f879b",
        "NT Rajendran": "e38e240a",
        "Niaz Ali": "e33a357d",
        "Nimish Lathief": "b561e8ea",
        "R Sandaruwan": "cf6acc0d",
        "R Theruvath": "eb6d1f4d",
        "Shahzaib Jamil": "fbb6d1a7",
        "Usman Patel": "415c6ccf"
      }
    },
    "season": "2025",
    "team_type": "international",
    "teams": [
      "Qatar",
      "Kuwait"
    ],
    "toss": {
      "decision": "field",
      "winner": "Kuwait"
    },
    "venue": "Mission Road Ground, Mong Kok, Hong Kong"
  },
  "innings": [
    {
      "team": "Qatar",
      "overs": [
        {
          "over": 0,
          "deliveries": [
            {
              "batter": "A Nagarajan",
              "bowler": "Mohamed Shafeeq",
              "non_striker": "R Theruvath",
              "runs": {
                "batter": 4,
                "extras": 0,
                "total": 4
              }
            },
            {
              "batter": "A Nagarajan",
              "bowler": "Mohamed Shafeeq",
              "non_striker": "R Theruvath",
              "runs": {
                "batter": 0,
                "extras": 0,
                "total": 0
              }
            },
            {
              "batter": "A Nagarajan",
              "bowler": "Mohamed Shafeeq",
              "non_striker": "R Theruvath",
              "runs": {
                "batter": 0,
                "extras": 0,
                "total": 0
              }
            },
            {
              "batter": "A Nagarajan",
              "bowler": "Mohamed Shafeeq",
              "non_striker": "R Theruvath",
              "runs": {
                "batter": 1,
                "extras": 0,
                "total": 1
              }
            },
            {
              "batter": "R Theruvath",
              "bowler": "Mohamed Shafeeq",
              "non_striker": "A Nagarajan",
              "runs": {
                "batter": 0,
                "extras": 0,
                "total": 0
              }
            },
            {
              "batter": "R Theruvath",
              "bowler": "Mohamed Shafeeq",
              "non_striker": "A Nagarajan",
              "runs": {
                "batter": 0,
                "extras": 0,
                "total": 0
              }
            }
          ]
        },
        {
          "over": 1,
          "deliveries": [
            {
              "batter": "A Nagarajan",
              "bowler": "A Chenthamara",
              "non_striker": "R Theruvath",
              "runs": {
                "batter": 0,
                "extras": 0,
                "total": 0
              }
            },
            {
              "batter": "A Nagarajan",
              "bowler": "A Chenthamara",
              "non_striker": "R Theruvath",
              "runs": {
                "batter": 4,
                "extras": 0,
                "total": 4
              }
            },
            {
              "batter": "A Nagarajan",
              "bowler": "A Chenthamara",
              "non_striker": "R Theruvath",
              "runs": {
                "batter": 0,
                "extras": 0,
                "total": 0
              }
            },
            {
              "batter": "A Nagarajan",
              "bowler": "A Chenthamara",
              "non_striker": "R Theruvath",
              "runs": {
                "batter": 0,
                "extras": 0,
                "total": 0
              },
              "wickets": [
                {
                  "player_out": "A Nagarajan",
                  "fielders": [
                    {
                      "name": "Bilal Tahir"
                    }
                  ],
                  "kind": "caught"
                }
              ]
            },
            {
              "batter": "Ikramullah Khan",
              "bowler": "A Chenthamara",
              "non_striker": "R Theruvath",
              "runs": {
                "batter": 0,
                "extras": 0,
                "total": 0
              }
            },
            {
              "batter": "Ikramullah Khan",
              "bowler": "A Chenthamara",
              "non_striker": "R Theruvath",
              "runs": {
                "batter": 0,
                "extras": 0,
                "total": 0
              }
            }
          ]
        },
        {
          "over": 2,
          "deliveries": [
            {
              "batter": "R Theruvath",
              "bowler": "Mohamed Shafeeq",
              "non_striker": "Ikramullah Khan",
              "runs": {
                "batter": 6,
                "extras": 0,
                "total": 6
              }
            },
            {
              "batter": "R Theruvath",
              "bowler": "Mohamed Shafeeq",
              "non_striker": "Ikramullah Khan",
              "runs": {
                "batter": 0,
                "extras": 0,
                "total": 0
              }
            },
            {
              "batter": "R Theruvath",
              "bowler": "Mohamed Shafeeq",
              "non_striker": "Ikramullah Khan",
              "runs": {
                "batter": 1,
                "extras": 0,
                "total": 1
              }
            },
            {
              "batter": "Ikramullah Khan",
              "bowler": "Mohamed Shafeeq",
              "non_striker": "R Theruvath",
              "runs": {
                "batter": 0,
                "extras": 0,
                "total": 0
              }
            },
            {
              "batter": "Ikramullah Khan",
              "bowler": "Mohamed Shafeeq",
              "non_striker": "R Theruvath",
              "runs": {
                "batter": 0,
                "extras": 0,
                "total": 0
              }
            },
            {
              "batter": "Ikramullah Khan",
              "bowler": "Mohamed Shafeeq",
              "non_striker": "R Theruvath",
              "runs": {
                "batter": 0,
                "extras": 0,
                "total": 0
              },
              "wickets": [
                {
                  "player_out": "Ikramullah Khan",
                  "fielders": [
                    {
                      "name": "Bilal Tahir"
                    }
                  ],
                  "kind": "caught"
                }
              ]
            }
          ]
        },
        {
          "over": 3,
          "deliveries": [
            {
              "batter": "R Theruvath",
              "bowler": "A Chenthamara",
              "non_striker": "Shahzaib Jamil",
              "runs": {
                "batter": 0,
                "extras": 0,
                "total": 0
              }
            },
            {
              "batter": "R Theruvath",
              "bowler": "A Chenthamara",
              "non_striker": "Shahzaib Jamil",
              "runs": {
                "batter": 0,
                "extras": 0,
                "total": 0
              }
            },
            {
              "batter": "R Theruvath",
              "bowler": "A Chenthamara",
              "non_striker": "Shahzaib Jamil",
              "runs": {
                "batter": 4,
                "extras": 0,
                "total": 4
              }
            },
            {
              "batter": "R Theruvath",
              "bowler": "A Chenthamara",
              "non_striker": "Shahzaib Jamil",
              "runs": {
                "batter": 4,
                "extras": 0,
                "total": 4
              }
            },
            {
              "batter": "R Theruvath",
              "bowler": "A Chenthamara",
              "non_striker": "Shahzaib Jamil",
              "runs": {
                "batter": 0,
                "extras": 0,
                "total": 0
              }
            },
            {
              "batter": "R Theruvath",
              "bowler": "A Chenthamara",
              "non_striker": "Shahzaib Jamil",
              "runs": {
                "batter": 0,
                "extras": 0,
                "total": 0
              },
              "wickets": [
                {
                  "player_out": "R Theruvath",
                  "fielders": [
                    {
                      "name": "MNM Aslam"
                    }
                  ],
                  "kind": "caught"
                }
              ]
            }
          ]
        },
        {
          "over": 4,
          "deliveries": [
            {
              "batter": "Shahzaib Jamil",
              "bowler": "MNM Aslam",
              "non_striker": "Jassim Khan",
              "runs": {
                "batter": 0,
                "extras": 0,
                "total": 0
              }
            },
            {
              "batter": "Shahzaib Jamil",
              "bowler": "MNM Aslam",
              "non_striker": "Jassim Khan",
              "runs": {
                "batter": 0,
                "extras": 0,
                "total": 0
              }
            },
            {
              "batter": "Shahzaib Jamil",
              "bowler": "MNM Aslam",
              "non_striker": "Jassim Khan",
              "runs": {
                "batter": 1,
                "extras": 0,
                "total": 1
              }
            },
            {
              "batter": "Jassim Khan",
              "bowler": "MNM Aslam",
              "non_striker": "Shahzaib Jamil",
              "runs": {
                "batter": 1,
                "extras": 0,
                "total": 1
              }
            },
            {
              "batter": "Shahzaib Jamil",
              "bowler": "MNM Aslam",
              "non_striker": "Jassim Khan",
              "runs": {
                "batter": 0,
                "extras": 0,
                "total": 0
              }
            },
            {
              "batter": "Shahzaib Jamil",
              "bowler": "MNM Aslam",
              "non_striker": "Jassim Khan",
              "runs": {
                "batter": 0,
                "extras": 0,
                "total": 0
              }
            }
          ]
        },
        {
          "over": 5,
          "deliveries": [
            {
              "batter": "Jassim Khan",
              "bowler": "NT Rajendran",
              "non_striker": "Shahzaib Jamil",
              "runs": {
                "batter": 0,
                "extras": 0,
                "total": 0
              }
            },
            {
              "batter": "Jassim Khan",
              "bowler": "NT Rajendran",
              "non_striker": "Shahzaib Jamil",
              "runs": {
                "batter": 1,
                "extras": 0,
                "total": 1
              }
            },
            {
              "batter": "Shahzaib Jamil",
              "bowler": "NT Rajendran",
              "non_striker": "Jassim Khan",
              "runs": {
                "batter": 0,
                "extras": 0,
                "total": 0
              }
            },
            {
              "batter": "Shahzaib Jamil",
              "bowler": "NT Rajendran",
              "non_striker": "Jassim Khan",
              "runs": {
                "batter": 0,
                "extras": 0,
                "total": 0
              }
            },
            {
              "batter": "Shahzaib Jamil",
              "bowler": "NT Rajendran",
              "non_striker": "Jassim Khan",
              "runs": {
                "batter": 0,
                "extras": 0,
                "total": 0
              }
            },
            {
              "batter": "Shahzaib Jamil",
              "bowler": "NT Rajendran",
              "non_striker": "Jassim Khan",
              "runs": {
                "batter": 0,
                "extras": 0,
                "total": 0
              }
            }
          ]
        },
        {
          "over": 6,
          "deliveries": [
            {
              "batter": "Jassim Khan",
              "bowler": "MNM Aslam",
              "non_striker": "Shahzaib Jamil",
              "runs": {
                "batter": 1,
                "extras": 0,
                "total": 1
              }
            },
            {
              "batter": "Shahzaib Jamil",
              "bowler": "MNM Aslam",
              "non_striker": "Jassim Khan",
              "runs": {
                "batter": 6,
                "extras": 0,
                "total": 6
              }
            },
            {
              "batter": "Shahzaib Jamil",
              "bowler": "MNM Aslam",
              "non_striker": "Jassim Khan",
              "runs": {
                "batter": 0,
                "extras": 0,
                "total": 0
              }
            },
            {
              "batter": "Shahzaib Jamil",
              "bowler": "MNM Aslam",
              "non_striker": "Jassim Khan",
              "runs": {
                "batter": 2,
                "extras": 0,
                "total": 2
              }
            },
            {
              "batter": "Shahzaib Jamil",
              "bowler": "MNM Aslam",
              "non_striker": "Jassim Khan",
              "runs": {
                "batter": 0,
                "extras": 0,
                "total": 0
              }
            },
            {
              "batter": "Shahzaib Jamil",
              "bowler": "MNM Aslam",
              "non_striker": "Jassim Khan",
              "runs": {
                "batter": 0,
                "extras": 0,
                "total": 0
              }
            }
          ]
        },
        {
          "over": 7,
          "deliveries": [
            {
              "batter": "Jassim Khan",
              "bowler": "NT Rajendran",
              "non_striker": "Shahzaib Jamil",
              "runs": {
                "batter": 1,
                "extras": 0,
                "total": 1
              }
            },
            {
              "batter": "Shahzaib Jamil",
              "bowler": "NT Rajendran",
              "non_striker": "Jassim Khan",
              "runs": {
                "batter": 1,
                "extras": 0,
                "total": 1
              }
            },
            {
              "batter": "Jassim Khan",
              "bowler": "NT Rajendran",
              "non_striker": "Shahzaib Jamil",
              "runs": {
                "batter": 4,
                "extras": 0,
                "total": 4
              }
            },
            {
              "batter": "Jassim Khan",
              "bowler": "NT Rajendran",
              "non_striker": "Shahzaib Jamil",
              "runs": {
                "batter": 0,
                "extras": 0,
                "total": 0
              }
            },
            {
              "batter": "Jassim Khan",
              "bowler": "NT Rajendran",
              "extras": {
                "wides": 1
              },
              "non_striker": "Shahzaib Jamil",
              "runs": {
                "batter": 0,
                "extras": 1,
                "total": 1
              }
            },
            {
              "batter": "Jassim Khan",
              "bowler": "NT Rajendran",
              "non_striker": "Shahzaib Jamil",
              "runs": {
                "batter": 0,
                "extras": 0,
                "total": 0
              }
            },
            {
              "batter": "Jassim Khan",
              "bowler": "NT Rajendran",
              "non_striker": "Shahzaib Jamil",
              "runs": {
                "batter": 0,
                "extras": 0,
                "total": 0
              }
            }
          ]
        },
        {
          "over": 8,
          "deliveries": [
            {
              "batter": "Shahzaib Jamil",
              "bowler": "MNM Aslam",
              "non_striker": "Jassim Khan",
              "runs": {
                "batter": 1,
                "extras": 0,
                "total": 1
              }
            },
            {
              "batter": "Jassim Khan",
              "bowler": "MNM Aslam",
              "non_striker": "Shahzaib Jamil",
              "runs": {
                "batter": 0,
                "extras": 0,
                "total": 0
              }
            },
            {
              "batter": "Jassim Khan",
              "bowler": "MNM Aslam",
              "non_striker": "Shahzaib Jamil",
              "runs": {
                "batter": 6,
                "extras": 0,
                "total": 6
              }
            },
            {
              "batter": "Jassim Khan",
              "bowler": "MNM Aslam",
              "non_striker": "Shahzaib Jamil",
              "runs": {
                "batter": 6,
                "extras": 0,
                "total": 6
              }
            },
            {
              "batter": "Jassim Khan",
              "bowler": "MNM Aslam",
              "non_striker": "Shahzaib Jamil",
              "runs": {
                "batter": 0,
                "extras": 0,
                "total": 0
              }
            },
            {
              "batter": "Jassim Khan",
              "bowler": "MNM Aslam",
              "non_striker": "Shahzaib Jamil",
              "runs": {
                "batter": 0,
                "extras": 0,
                "total": 0
              },
              "wickets": [
                {
                  "player_out": "Jassim Khan",
                  "kind": "lbw"
                }
              ]
            }
          ]
        },
        {
          "over": 9,
          "deliveries": [
            {
              "batter": "Shahzaib Jamil",
              "bowler": "NT Rajendran",
              "non_striker": "Mujeeb-ur-Rehman",
              "runs": {
                "batter": 1,
                "extras": 0,
                "total": 1
              }
            },
            {
              "batter": "Mujeeb-ur-Rehman",
              "bowler": "NT Rajendran",
              "non_striker": "Shahzaib Jamil",
              "runs": {
                "batter": 0,
                "extras": 0,
                "total": 0
              }
            },
            {
              "batter": "Mujeeb-ur-Rehman",
              "bowler": "NT Rajendran",
              "non_striker": "Shahzaib Jamil",
              "runs": {
                "batter": 1,
                "extras": 0,
                "total": 1
              }
            },
            {
              "batter": "Shahzaib Jamil",
              "bowler": "NT Rajendran",
              "non_striker": "Mujeeb-ur-Rehman",
              "runs": {
                "batter": 0,
                "extras": 0,
                "total": 0
              }
            },
            {
              "batter": "Shahzaib Jamil",
              "bowler": "NT Rajendran",
              "non_striker": "Mujeeb-ur-Rehman",
              "runs": {
                "batter": 0,
                "extras": 0,
                "total": 0
              }
            },
            {
              "batter": "Shahzaib Jamil",
              "bowler": "NT Rajendran",
              "non_striker": "Mujeeb-ur-Rehman",
              "runs": {
                "batter": 0,
                "extras": 0,
                "total": 0
              }
            }
          ]
        },
        {
          "over": 10,
          "deliveries": [
            {
              "batter": "Mujeeb-ur-Rehman",
              "bowler": "Nimish Lathief",
              "non_striker": "Shahzaib Jamil",
              "runs": {
                "batter": 4,
                "extras": 0,
                "total": 4
              }
            },
            {
              "batter": "Mujeeb-ur-Rehman",
              "bowler": "Nimish Lathief",
              "non_striker": "Shahzaib Jamil",
              "runs": {
                "batter": 2,
                "extras": 0,
                "total": 2
              }
            },
            {
              "batter": "Mujeeb-ur-Rehman",
              "bowler": "Nimish Lathief",
              "non_striker": "Shahzaib Jamil",
              "runs": {
                "batter": 1,
                "extras": 0,
                "total": 1
              }
            },
            {
              "batter": "Shahzaib Jamil",
              "bowler": "Nimish Lathief",
              "non_striker": "Mujeeb-ur-Rehman",
              "runs": {
                "batter": 4,
                "extras": 0,
                "total": 4
              }
            },
            {
              "batter": "Shahzaib Jamil",
              "bowler": "Nimish Lathief",
              "non_striker": "Mujeeb-ur-Rehman",
              "runs": {
                "batter": 0,
                "extras": 0,
                "total": 0
              }
            },
            {
              "batter": "Shahzaib Jamil",
              "bowler": "Nimish Lathief",
              "non_striker": "Mujeeb-ur-Rehman",
              "runs": {
                "batter": 4,
                "extras": 0,
                "total": 4
              }
            }
          ]
        },
        {
          "over": 11,
          "deliveries": [
            {
              "batter": "Mujeeb-ur-Rehman",
              "bowler": "NT Rajendran",
              "non_striker": "Shahzaib Jamil",
              "runs": {
                "batter": 1,
                "extras": 0,
                "total": 1
              }
            },
            {
              "batter": "Shahzaib Jamil",
              "bowler": "NT Rajendran",
              "non_striker": "Mujeeb-ur-Rehman",
              "runs": {
                "batter": 0,
                "extras": 0,
                "total": 0
              }
            },
            {
              "batter": "Shahzaib Jamil",
              "bowler": "NT Rajendran",
              "non_striker": "Mujeeb-ur-Rehman",
              "runs": {
                "batter": 0,
                "extras": 0,
                "total": 0
              }
            },
            {
              "batter": "Shahzaib Jamil",
              "bowler": "NT Rajendran",
              "non_striker": "Mujeeb-ur-Rehman",
              "runs": {
                "batter": 1,
                "extras": 0,
                "total": 1
              }
            },
            {
              "batter": "Mujeeb-ur-Rehman",
              "bowler": "NT Rajendran",
              "non_striker": "Shahzaib Jamil",
              "runs": {
                "batter": 1,
                "extras": 0,
                "total": 1
              }
            },
            {
              "batter": "Shahzaib Jamil",
              "bowler": "NT Rajendran",
              "non_striker": "Mujeeb-ur-Rehman",
              "runs": {
                "batter": 0,
                "extras": 0,
                "total": 0
              }
            }
          ]
        },
        {
          "over": 12,
          "deliveries": [
            {
              "batter": "Mujeeb-ur-Rehman",
              "bowler": "Nimish Lathief",
              "non_striker": "Shahzaib Jamil",
              "runs": {
                "batter": 4,
                "extras": 0,
                "total": 4
              }
            },
            {
              "batter": "Mujeeb-ur-Rehman",
              "bowler": "Nimish Lathief",
              "non_striker": "Shahzaib Jamil",
              "runs": {
                "batter": 1,
                "extras": 0,
                "total": 1
              }
            },
            {
              "batter": "Shahzaib Jamil",
              "bowler": "Nimish Lathief",
              "non_striker": "Mujeeb-ur-Rehman",
              "runs": {
                "batter": 4,
                "extras": 0,
                "total": 4
              }
            },
            {
              "batter": "Shahzaib Jamil",
              "bowler": "Nimish Lathief",
              "non_striker": "Mujeeb-ur-Rehman",
              "runs": {
                "batter": 1,
                "extras": 0,
                "total": 1
              }
            },
            {
              "batter": "Mujeeb-ur-Rehman",
              "bowler": "Nimish Lathief",
              "non_striker": "Shahzaib Jamil",
              "runs": {
                "batter": 4,
                "extras": 0,
                "total": 4
              }
            },
            {
              "batter": "Mujeeb-ur-Rehman",
              "bowler": "Nimish Lathief",
              "non_striker": "Shahzaib Jamil",
              "runs": {
                "batter": 1,
                "extras": 0,
                "total": 1
              }
            }
          ]
        },
        {
          "over": 13,
          "deliveries": [
            {
              "batter": "Mujeeb-ur-Rehman",
              "bowler": "Meet Bhavsar",
              "non_striker": "Shahzaib Jamil",
              "runs": {
                "batter": 4,
                "extras": 0,
                "total": 4
              }
            },
            {
              "batter": "Mujeeb-ur-Rehman",
              "bowler": "Meet Bhavsar",
              "non_striker": "Shahzaib Jamil",
              "runs": {
                "batter": 1,
                "extras": 0,
                "total": 1
              }
            },
            {
              "batter": "Shahzaib Jamil",
              "bowler": "Meet Bhavsar",
              "non_striker": "Mujeeb-ur-Rehman",
              "runs": {
                "batter": 2,
                "extras": 0,
                "total": 2
              }
            },
            {
              "batter": "Shahzaib Jamil",
              "bowler": "Meet Bhavsar",
              "non_striker": "Mujeeb-ur-Rehman",
              "runs": {
                "batter": 4,
                "extras": 0,
                "total": 4
              }
            },
            {
              "batter": "Shahzaib Jamil",
              "bowler": "Meet Bhavsar",
              "extras": {
                "legbyes": 4
              },
              "non_striker": "Mujeeb-ur-Rehman",
              "runs": {
                "batter": 0,
                "extras": 4,
                "total": 4
              }
            },
            {
              "batter": "Shahzaib Jamil",
              "bowler": "Meet Bhavsar",
              "non_striker": "Mujeeb-ur-Rehman",
              "runs": {
                "batter": 0,
                "extras": 0,
                "total": 0
              }
            }
          ]
        },
        {
          "over": 14,
          "deliveries": [
            {
              "batter": "Mujeeb-ur-Rehman",
              "bowler": "A Chenthamara",
              "non_striker": "Shahzaib Jamil",
              "runs": {
                "batter": 0,
                "extras": 0,
                "total": 0
              }
            },
            {
              "batter": "Mujeeb-ur-Rehman",
              "bowler": "A Chenthamara",
              "non_striker": "Shahzaib Jamil",
              "runs": {
                "batter": 0,
                "extras": 0,
                "total": 0
              }
            },
            {
              "batter": "Mujeeb-ur-Rehman",
              "bowler": "A Chenthamara",
              "non_striker": "Shahzaib Jamil",
              "runs": {
                "batter": 1,
                "extras": 0,
                "total": 1
              }
            },
            {
              "batter": "Shahzaib Jamil",
              "bowler": "A Chenthamara",
              "non_striker": "Mujeeb-ur-Rehman",
              "runs": {
                "batter": 2,
                "extras": 0,
                "total": 2
              }
            },
            {
              "batter": "Shahzaib Jamil",
              "bowler": "A Chenthamara",
              "non_striker": "Mujeeb-ur-Rehman",
              "runs": {
                "batter": 0,
                "extras": 0,
                "total": 0
              },
              "wickets": [
                {
                  "player_out": "Shahzaib Jamil",
                  "fielders": [
                    {
                      "name": "Nimish Lathief"
                    }
                  ],
                  "kind": "caught"
                }
              ]
            },
            {
              "batter": "Mohammed Irshad",
              "bowler": "A Chenthamara",
              "non_striker": "Mujeeb-ur-Rehman",
              "runs": {
                "batter": 0,
                "extras": 0,
                "total": 0
              }
            }
          ]
        },
        {
          "over": 15,
          "deliveries": [
            {
              "batter": "Mujeeb-ur-Rehman",
              "bowler": "Meet Bhavsar",
              "non_striker": "Mohammed Irshad",
              "runs": {
                "batter": 1,
                "extras": 0,
                "total": 1
              }
            },
            {
              "batter": "Mohammed Irshad",
              "bowler": "Meet Bhavsar",
              "non_striker": "Mujeeb-ur-Rehman",
              "runs": {
                "batter": 0,
                "extras": 0,
                "total": 0
              }
            },
            {
              "batter": "Mohammed Irshad",
              "bowler": "Meet Bhavsar",
              "non_striker": "Mujeeb-ur-Rehman",
              "runs": {
                "batter": 0,
                "extras": 0,
                "total": 0
              },
              "wickets": [
                {
                  "player_out": "Mohammed Irshad",
                  "fielders": [
                    {
                      "name": "Usman Patel"
                    }
                  ],
                  "kind": "caught"
                }
              ]
            },
            {
              "batter": "Bukhar Illikkal",
              "bowler": "Meet Bhavsar",
              "non_striker": "Mujeeb-ur-Rehman",
              "runs": {
                "batter": 1,
                "extras": 0,
                "total": 1
              }
            },
            {
              "batter": "Mujeeb-ur-Rehman",
              "bowler": "Meet Bhavsar",
              "non_striker": "Bukhar Illikkal",
              "runs": {
                "batter": 1,
                "extras": 0,
                "total": 1
              }
            },
            {
              "batter": "Bukhar Illikkal",
              "bowler": "Meet Bhavsar",
              "non_striker": "Mujeeb-ur-Rehman",
              "runs": {
                "batter": 1,
                "extras": 0,
                "total": 1
              }
            }
          ]
        },
        {
          "over": 16,
          "deliveries": [
            {
              "batter": "Bukhar Illikkal",
              "bowler": "Nimish Lathief",
              "non_striker": "Mujeeb-ur-Rehman",
              "runs": {
                "batter": 0,
                "extras": 0,
                "total": 0
              }
            },
            {
              "batter": "Bukhar Illikkal",
              "bowler": "Nimish Lathief",
              "non_striker": "Mujeeb-ur-Rehman",
              "runs": {
                "batter": 0,
                "extras": 0,
                "total": 0
              }
            },
            {
              "batter": "Bukhar Illikkal",
              "bowler": "Nimish Lathief",
              "non_striker": "Mujeeb-ur-Rehman",
              "runs": {
                "batter": 0,
                "extras": 0,
                "total": 0
              },
              "wickets": [
                {
                  "player_out": "Bukhar Illikkal",
                  "fielders": [
                    {
                      "name": "MNM Aslam"
                    }
                  ],
                  "kind": "caught"
                }
              ]
            },
            {
              "batter": "Mohammad Abrar",
              "bowler": "Nimish Lathief",
              "non_striker": "Mujeeb-ur-Rehman",
              "runs": {
                "batter": 1,
                "extras": 0,
                "total": 1
              }
            },
            {
              "batter": "Mujeeb-ur-Rehman",
              "bowler": "Nimish Lathief",
              "extras": {
                "wides": 1
              },
              "non_striker": "Mohammad Abrar",
              "runs": {
                "batter": 0,
                "extras": 1,
                "total": 1
              }
            },
            {
              "batter": "Mujeeb-ur-Rehman",
              "bowler": "Nimish Lathief",
              "non_striker": "Mohammad Abrar",
              "runs": {
                "batter": 0,
                "extras": 0,
                "total": 0
              },
              "wickets": [
                {
                  "player_out": "Mujeeb-ur-Rehman",
                  "fielders": [
                    {
                      "name": "MNM Aslam"
                    }
                  ],
                  "kind": "caught"
                }
              ]
            },
            {
              "batter": "Bipin Kumar",
              "bowler": "Nimish Lathief",
              "non_striker": "Mohammad Abrar",
              "runs": {
                "batter": 1,
                "extras": 0,
                "total": 1
              }
            }
          ]
        },
        {
          "over": 17,
          "deliveries": [
            {
              "batter": "Bipin Kumar",
              "bowler": "MNM Aslam",
              "non_striker": "Mohammad Abrar",
              "runs": {
                "batter": 1,
                "extras": 0,
                "total": 1
              }
            },
            {
              "batter": "Mohammad Abrar",
              "bowler": "MNM Aslam",
              "non_striker": "Bipin Kumar",
              "runs": {
                "batter": 0,
                "extras": 0,
                "total": 0
              }
            },
            {
              "batter": "Mohammad Abrar",
              "bowler": "MNM Aslam",
              "non_striker": "Bipin Kumar",
              "runs": {
                "batter": 1,
                "extras": 0,
                "total": 1
              }
            },
            {
              "batter": "Bipin Kumar",
              "bowler": "MNM Aslam",
              "non_striker": "Mohammad Abrar",
              "runs": {
                "batter": 0,
                "extras": 0,
                "total": 0
              }
            },
            {
              "batter": "Bipin Kumar",
              "bowler": "MNM Aslam",
              "non_striker": "Mohammad Abrar",
              "runs": {
                "batter": 0,
                "extras": 0,
                "total": 0
              }
            },
            {
              "batter": "Bipin Kumar",
              "bowler": "MNM Aslam",
              "non_striker": "Mohammad Abrar",
              "runs": {
                "batter": 0,
                "extras": 0,
                "total": 0
              }
            }
          ]
        },
        {
          "over": 18,
          "deliveries": [
            {
              "batter": "Mohammad Abrar",
              "bowler": "Mohamed Shafeeq",
              "non_striker": "Bipin Kumar",
              "runs": {
                "batter": 0,
                "extras": 0,
                "total": 0
              }
            },
            {
              "batter": "Mohammad Abrar",
              "bowler": "Mohamed Shafeeq",
              "non_striker": "Bipin Kumar",
              "runs": {
                "batter": 4,
                "extras": 0,
                "total": 4
              }
            },
            {
              "batter": "Mohammad Abrar",
              "bowler": "Mohamed Shafeeq",
              "non_striker": "Bipin Kumar",
              "runs": {
                "batter": 1,
                "extras": 0,
                "total": 1
              }
            },
            {
              "batter": "Bipin Kumar",
              "bowler": "Mohamed Shafeeq",
              "non_striker": "Mohammad Abrar",
              "runs": {
                "batter": 0,
                "extras": 0,
                "total": 0
              },
              "wickets": [
                {
                  "player_out": "Bipin Kumar",
                  "fielders": [
                    {
                      "name": "Muhammad Umar"
                    }
                  ],
                  "kind": "caught"
                }
              ]
            },
            {
              "batter": "Muhammad Jabir",
              "bowler": "Mohamed Shafeeq",
              "non_striker": "Mohammad Abrar",
              "runs": {
                "batter": 0,
                "extras": 0,
                "total": 0
              }
            },
            {
              "batter": "Muhammad Jabir",
              "bowler": "Mohamed Shafeeq",
              "non_striker": "Mohammad Abrar",
              "runs": {
                "batter": 0,
                "extras": 0,
                "total": 0
              }
            }
          ]
        },
        {
          "over": 19,
          "deliveries": [
            {
              "batter": "Mohammad Abrar",
              "bowler": "Meet Bhavsar",
              "non_striker": "Muhammad Jabir",
              "runs": {
                "batter": 1,
                "extras": 0,
                "total": 1
              }
            },
            {
              "batter": "Muhammad Jabir",
              "bowler": "Meet Bhavsar",
              "non_striker": "Mohammad Abrar",
              "runs": {
                "batter": 0,
                "extras": 0,
                "total": 0
              }
            },
            {
              "batter": "Muhammad Jabir",
              "bowler": "Meet Bhavsar",
              "non_striker": "Mohammad Abrar",
              "runs": {
                "batter": 0,
                "extras": 0,
                "total": 0
              },
              "wickets": [
                {
                  "player_out": "Muhammad Jabir",
                  "fielders": [
                    {
                      "name": "Bilal Tahir"
                    }
                  ],
                  "kind": "caught"
                }
              ]
            }
          ]
        }
      ],
      "powerplays": [
        {
          "from": 0.1,
          "to": 5.6,
          "type": "mandatory"
        }
      ]
    },
    {
      "team": "Kuwait",
      "overs": [
        {
          "over": 0,
          "deliveries": [
            {
              "batter": "R Sandaruwan",
              "bowler": "Bipin Kumar",
              "non_striker": "CV Anto",
              "runs": {
                "batter": 0,
                "extras": 0,
                "total": 0
              }
            },
            {
              "batter": "R Sandaruwan",
              "bowler": "Bipin Kumar",
              "extras": {
                "noballs": 1
              },
              "non_striker": "CV Anto",
              "runs": {
                "batter": 0,
                "extras": 1,
                "total": 1
              }
            },
            {
              "batter": "R Sandaruwan",
              "bowler": "Bipin Kumar",
              "non_striker": "CV Anto",
              "runs": {
                "batter": 1,
                "extras": 0,
                "total": 1
              }
            },
            {
              "batter": "CV Anto",
              "bowler": "Bipin Kumar",
              "non_striker": "R Sandaruwan",
              "runs": {
                "batter": 1,
                "extras": 0,
                "total": 1
              }
            },
            {
              "batter": "R Sandaruwan",
              "bowler": "Bipin Kumar",
              "non_striker": "CV Anto",
              "runs": {
                "batter": 1,
                "extras": 0,
                "total": 1
              }
            },
            {
              "batter": "CV Anto",
              "bowler": "Bipin Kumar",
              "non_striker": "R Sandaruwan",
              "runs": {
                "batter": 1,
                "extras": 0,
                "total": 1
              }
            },
            {
              "batter": "R Sandaruwan",
              "bowler": "Bipin Kumar",
              "non_striker": "CV Anto",
              "runs": {
                "batter": 0,
                "extras": 0,
                "total": 0
              }
            }
          ]
        },
        {
          "over": 1,
          "deliveries": [
            {
              "batter": "CV Anto",
              "bowler": "Ikramullah Khan",
              "non_striker": "R Sandaruwan",
              "runs": {
                "batter": 1,
                "extras": 0,
                "total": 1
              }
            },
            {
              "batter": "R Sandaruwan",
              "bowler": "Ikramullah Khan",
              "non_striker": "CV Anto",
              "runs": {
                "batter": 1,
                "extras": 0,
                "total": 1
              }
            },
            {
              "batter": "CV Anto",
              "bowler": "Ikramullah Khan",
              "extras": {
                "wides": 5
              },
              "non_striker": "R Sandaruwan",
              "runs": {
                "batter": 0,
                "extras": 5,
                "total": 5
              }
            },
            {
              "batter": "CV Anto",
              "bowler": "Ikramullah Khan",
              "non_striker": "R Sandaruwan",
              "runs": {
                "batter": 6,
                "extras": 0,
                "total": 6
              }
            },
            {
              "batter": "CV Anto",
              "bowler": "Ikramullah Khan",
              "non_striker": "R Sandaruwan",
              "runs": {
                "batter": 0,
                "extras": 0,
                "total": 0
              }
            },
            {
              "batter": "CV Anto",
              "bowler": "Ikramullah Khan",
              "extras": {
                "wides": 2
              },
              "non_striker": "R Sandaruwan",
              "runs": {
                "batter": 0,
                "extras": 2,
                "total": 2
              }
            },
            {
              "batter": "R Sandaruwan",
              "bowler": "Ikramullah Khan",
              "non_striker": "CV Anto",
              "runs": {
                "batter": 6,
                "extras": 0,
                "total": 6
              }
            },
            {
              "batter": "R Sandaruwan",
              "bowler": "Ikramullah Khan",
              "non_striker": "CV Anto",
              "runs": {
                "batter": 0,
                "extras": 0,
                "total": 0
              }
            }
          ]
        },
        {
          "over": 2,
          "deliveries": [
            {
              "batter": "CV Anto",
              "bowler": "Bipin Kumar",
              "non_striker": "R Sandaruwan",
              "runs": {
                "batter": 1,
                "extras": 0,
                "total": 1
              }
            },
            {
              "batter": "R Sandaruwan",
              "bowler": "Bipin Kumar",
              "non_striker": "CV Anto",
              "runs": {
                "batter": 1,
                "extras": 0,
                "total": 1
              }
            },
            {
              "batter": "CV Anto",
              "bowler": "Bipin Kumar",
              "non_striker": "R Sandaruwan",
              "runs": {
                "batter": 0,
                "extras": 0,
                "total": 0
              }
            },
            {
              "batter": "CV Anto",
              "bowler": "Bipin Kumar",
              "non_striker": "R Sandaruwan",
              "runs": {
                "batter": 6,
                "extras": 0,
                "total": 6
              }
            },
            {
              "batter": "CV Anto",
              "bowler": "Bipin Kumar",
              "non_striker": "R Sandaruwan",
              "runs": {
                "batter": 0,
                "extras": 0,
                "total": 0
              }
            },
            {
              "batter": "CV Anto",
              "bowler": "Bipin Kumar",
              "non_striker": "R Sandaruwan",
              "runs": {
                "batter": 4,
                "extras": 0,
                "total": 4
              }
            }
          ]
        },
        {
          "over": 3,
          "deliveries": [
            {
              "batter": "R Sandaruwan",
              "bowler": "Muhammad Jabir",
              "extras": {
                "wides": 1
              },
              "non_striker": "CV Anto",
              "runs": {
                "batter": 0,
                "extras": 1,
                "total": 1
              }
            },
            {
              "batter": "R Sandaruwan",
              "bowler": "Muhammad Jabir",
              "non_striker": "CV Anto",
              "runs": {
                "batter": 2,
                "extras": 0,
                "total": 2
              }
            },
            {
              "batter": "R Sandaruwan",
              "bowler": "Muhammad Jabir",
              "non_striker": "CV Anto",
              "runs": {
                "batter": 1,
                "extras": 0,
                "total": 1
              }
            },
            {
              "batter": "CV Anto",
              "bowler": "Muhammad Jabir",
              "non_striker": "R Sandaruwan",
              "runs": {
                "batter": 0,
                "extras": 0,
                "total": 0
              }
            },
            {
              "batter": "CV Anto",
              "bowler": "Muhammad Jabir",
              "non_striker": "R Sandaruwan",
              "runs": {
                "batter": 6,
                "extras": 0,
                "total": 6
              }
            },
            {
              "batter": "CV Anto",
              "bowler": "Muhammad Jabir",
              "non_striker": "R Sandaruwan",
              "runs": {
                "batter": 4,
                "extras": 0,
                "total": 4
              }
            },
            {
              "batter": "CV Anto",
              "bowler": "Muhammad Jabir",
              "non_striker": "R Sandaruwan",
              "runs": {
                "batter": 1,
                "extras": 0,
                "total": 1
              }
            }
          ]
        },
        {
          "over": 4,
          "deliveries": [
            {
              "batter": "CV Anto",
              "bowler": "Bipin Kumar",
              "non_striker": "R Sandaruwan",
              "runs": {
                "batter": 6,
                "extras": 0,
                "total": 6
              }
            },
            {
              "batter": "CV Anto",
              "bowler": "Bipin Kumar",
              "non_striker": "R Sandaruwan",
              "runs": {
                "batter": 0,
                "extras": 0,
                "total": 0
              }
            },
            {
              "batter": "CV Anto",
              "bowler": "Bipin Kumar",
              "non_striker": "R Sandaruwan",
              "runs": {
                "batter": 6,
                "extras": 0,
                "total": 6
              }
            },
            {
              "batter": "CV Anto",
              "bowler": "Bipin Kumar",
              "non_striker": "R Sandaruwan",
              "runs": {
                "batter": 1,
                "extras": 0,
                "total": 1
              }
            },
            {
              "batter": "R Sandaruwan",
              "bowler": "Bipin Kumar",
              "non_striker": "CV Anto",
              "runs": {
                "batter": 1,
                "extras": 0,
                "total": 1
              }
            },
            {
              "batter": "CV Anto",
              "bowler": "Bipin Kumar",
              "non_striker": "R Sandaruwan",
              "runs": {
                "batter": 4,
                "extras": 0,
                "total": 4
              }
            }
          ]
        },
        {
          "over": 5,
          "deliveries": [
            {
              "batter": "R Sandaruwan",
              "bowler": "Mujeeb-ur-Rehman",
              "non_striker": "CV Anto",
              "runs": {
                "batter": 0,
                "extras": 0,
                "total": 0
              }
            },
            {
              "batter": "R Sandaruwan",
              "bowler": "Mujeeb-ur-Rehman",
              "non_striker": "CV Anto",
              "runs": {
                "batter": 1,
                "extras": 0,
                "total": 1
              }
            },
            {
              "batter": "CV Anto",
              "bowler": "Mujeeb-ur-Rehman",
              "non_striker": "R Sandaruwan",
              "runs": {
                "batter": 4,
                "extras": 0,
                "total": 4
              }
            },
            {
              "batter": "CV Anto",
              "bowler": "Mujeeb-ur-Rehman",
              "non_striker": "R Sandaruwan",
              "runs": {
                "batter": 6,
                "extras": 0,
                "total": 6
              }
            },
            {
              "batter": "CV Anto",
              "bowler": "Mujeeb-ur-Rehman",
              "non_striker": "R Sandaruwan",
              "runs": {
                "batter": 4,
                "extras": 0,
                "total": 4
              }
            },
            {
              "batter": "CV Anto",
              "bowler": "Mujeeb-ur-Rehman",
              "non_striker": "R Sandaruwan",
              "runs": {
                "batter": 2,
                "extras": 0,
                "total": 2
              }
            }
          ]
        },
        {
          "over": 6,
          "deliveries": [
            {
              "batter": "R Sandaruwan",
              "bowler": "Mohammed Irshad",
              "non_striker": "CV Anto",
              "runs": {
                "batter": 0,
                "extras": 0,
                "total": 0
              }
            },
            {
              "batter": "R Sandaruwan",
              "bowler": "Mohammed Irshad",
              "non_striker": "CV Anto",
              "runs": {
                "batter": 0,
                "extras": 0,
                "total": 0
              }
            },
            {
              "batter": "R Sandaruwan",
              "bowler": "Mohammed Irshad",
              "non_striker": "CV Anto",
              "runs": {
                "batter": 1,
                "extras": 0,
                "total": 1
              }
            },
            {
              "batter": "CV Anto",
              "bowler": "Mohammed Irshad",
              "non_striker": "R Sandaruwan",
              "runs": {
                "batter": 1,
                "extras": 0,
                "total": 1
              }
            },
            {
              "batter": "R Sandaruwan",
              "bowler": "Mohammed Irshad",
              "non_striker": "CV Anto",
              "runs": {
                "batter": 0,
                "extras": 0,
                "total": 0
              },
              "wickets": [
                {
                  "player_out": "R Sandaruwan",
                  "kind": "bowled"
                }
              ]
            },
            {
              "batter": "Meet Bhavsar",
              "bowler": "Mohammed Irshad",
              "non_striker": "CV Anto",
              "runs": {
                "batter": 1,
                "extras": 0,
                "total": 1
              }
            }
          ]
        },
        {
          "over": 7,
          "deliveries": [
            {
              "batter": "Meet Bhavsar",
              "bowler": "Bukhar Illikkal",
              "non_striker": "CV Anto",
              "runs": {
                "batter": 6,
                "extras": 0,
                "total": 6
              }
            },
            {
              "batter": "Meet Bhavsar",
              "bowler": "Bukhar Illikkal",
              "non_striker": "CV Anto",
              "runs": {
                "batter": 1,
                "extras": 0,
                "total": 1
              }
            },
            {
              "batter": "CV Anto",
              "bowler": "Bukhar Illikkal",
              "non_striker": "Meet Bhavsar",
              "runs": {
                "batter": 1,
                "extras": 0,
                "total": 1
              }
            },
            {
              "batter": "Meet Bhavsar",
              "bowler": "Bukhar Illikkal",
              "non_striker": "CV Anto",
              "runs": {
                "batter": 6,
                "extras": 0,
                "total": 6
              }
            },
            {
              "batter": "Meet Bhavsar",
              "bowler": "Bukhar Illikkal",
              "non_striker": "CV Anto",
              "runs": {
                "batter": 0,
                "extras": 0,
                "total": 0
              },
              "wickets": [
                {
                  "player_out": "Meet Bhavsar",
                  "fielders": [
                    {
                      "name": "Jassim Khan"
                    }
                  ],
                  "kind": "caught"
                }
              ]
            },
            {
              "batter": "Usman Patel",
              "bowler": "Bukhar Illikkal",
              "non_striker": "CV Anto",
              "runs": {
                "batter": 1,
                "extras": 0,
                "total": 1
              }
            }
          ]
        },
        {
          "over": 8,
          "deliveries": [
            {
              "batter": "Usman Patel",
              "bowler": "Mohammed Irshad",
              "non_striker": "CV Anto",
              "runs": {
                "batter": 0,
                "extras": 0,
                "total": 0
              }
            },
            {
              "batter": "Usman Patel",
              "bowler": "Mohammed Irshad",
              "non_striker": "CV Anto",
              "runs": {
                "batter": 0,
                "extras": 0,
                "total": 0
              },
              "wickets": [
                {
                  "player_out": "Usman Patel",
                  "fielders": [
                    {
                      "name": "Shahzaib Jamil"
                    }
                  ],
                  "kind": "caught"
                }
              ]
            },
            {
              "batter": "Bilal Tahir",
              "bowler": "Mohammed Irshad",
              "non_striker": "CV Anto",
              "runs": {
                "batter": 1,
                "extras": 0,
                "total": 1
              }
            },
            {
              "batter": "CV Anto",
              "bowler": "Mohammed Irshad",
              "non_striker": "Bilal Tahir",
              "runs": {
                "batter": 0,
                "extras": 0,
                "total": 0
              }
            },
            {
              "batter": "CV Anto",
              "bowler": "Mohammed Irshad",
              "non_striker": "Bilal Tahir",
              "runs": {
                "batter": 6,
                "extras": 0,
                "total": 6
              }
            },
            {
              "batter": "CV Anto",
              "bowler": "Mohammed Irshad",
              "non_striker": "Bilal Tahir",
              "runs": {
                "batter": 0,
                "extras": 0,
                "total": 0
              },
              "wickets": [
                {
                  "player_out": "CV Anto",
                  "fielders": [
                    {
                      "name": "Mohammad Abrar"
                    }
                  ],
                  "kind": "caught"
                }
              ]
            }
          ]
        },
        {
          "over": 9,
          "deliveries": [
            {
              "batter": "Bilal Tahir",
              "bowler": "A Nagarajan",
              "non_striker": "Muhammad Umar",
              "runs": {
                "batter": 0,
                "extras": 0,
                "total": 0
              }
            },
            {
              "batter": "Bilal Tahir",
              "bowler": "A Nagarajan",
              "non_striker": "Muhammad Umar",
              "runs": {
                "batter": 1,
                "extras": 0,
                "total": 1
              }
            },
            {
              "batter": "Muhammad Umar",
              "bowler": "A Nagarajan",
              "non_striker": "Bilal Tahir",
              "runs": {
                "batter": 1,
                "extras": 0,
                "total": 1
              }
            },
            {
              "batter": "Bilal Tahir",
              "bowler": "A Nagarajan",
              "non_striker": "Muhammad Umar",
              "runs": {
                "batter": 6,
                "extras": 0,
                "total": 6
              }
            },
            {
              "batter": "Bilal Tahir",
              "bowler": "A Nagarajan",
              "extras": {
                "wides": 1
              },
              "non_striker": "Muhammad Umar",
              "runs": {
                "batter": 0,
                "extras": 1,
                "total": 1
              }
            },
            {
              "batter": "Bilal Tahir",
              "bowler": "A Nagarajan",
              "non_striker": "Muhammad Umar",
              "runs": {
                "batter": 1,
                "extras": 0,
                "total": 1
              }
            },
            {
              "batter": "Muhammad Umar",
              "bowler": "A Nagarajan",
              "non_striker": "Bilal Tahir",
              "runs": {
                "batter": 4,
                "extras": 0,
                "total": 4
              }
            }
          ]
        }
      ],
      "powerplays": [
        {
          "from": 0.1,
          "to": 5.6,
          "type": "mandatory"
        }
      ],
      "target": {
        "overs": 20,
        "runs": 125
      }
    }
  ]
}