{
  "meta": {
    "data_version": "1.1.0",
    "created": "2025-04-11",
    "revision": 1
  },
  "info": {
    "balls_per_over": 6,
    "city": "Windhoek",
    "dates": [
      "2025-04-11"
    ],
    "event": {
      "name": "Uganda Women tour of Namibia",
      "match_number": 3
    },
    "gender": "female",
    "match_type": "T20",
    "match_type_number": 2231,
    "missing": [
      "player_of_match"
    ],
    "officials": {
      "umpires": [
        "M Short",
        "S Schoonbee"
      ]
    },
    "outcome": {
      "winner": "Namibia",
      "by": {
        "runs": 23
      }
    },
    "overs": 20,
    "players": {
      "Namibia": [
        "SA Wittmann",
        "KA Green",
        "B Manuel",
        "Yasmeen Khan",
        "W Mwatile",
        "JA Diergaardt",
        "M Mwatile",
        "SN Shihepo",
        "S Tuhadeleni",
        "M Gorases",
        "EU Kejarukua"
      ],
      "Uganda": [
        "K Awino",
        "E Iloku",
        "I Nakisuuyi",
        "R Musamali",
        "S Nampiina",
        "M Ariokot",
        "S Walaza",
        "J Mbabazi",
        "C Aweko",
        "S Akiteng",
        "I Mutoni"
      ]
    },
    "registry": {
      "people": {
        "B Manuel": "06cbeba1",
        "C Aweko": "01c1b96c",
        "E Iloku": "f1fa1c6b",
        "EU Kejarukua": "e7068bfd",
        "I Mutoni": "284604cf",
        "I Nakisuuyi": "2f145a4f",
        "J Mbabazi": "aaa6e84c",
        "JA Diergaardt": "b72a8938",
        "K Awino": "c4e7749a",
        "KA Green": "fa9fdefa",
        "M Ariokot": "c328bc6c",
        "M Gorases": "d034d60a",
        "M Mwatile": "92b9e9af",
        "M Short": "0e283b75",
        "R Musamali": "017cadb2",
        "S Akiteng": "cf92d76b",
        "S Nampiina": "91d9aa26",
        "S Schoonbee": "9cefa638",
        "S Tuhadeleni": "13f7c5f4",
        "S Walaza": "f67ea6d2",
        "SA Wittmann": "531aef3b",
        "SN Shihepo": "1b3f7dbb",
        "W Mwatile": "5728635a",
        "Yasmeen Khan": "ade5c0c0"
      }
    },
    "season": "2025",
    "team_type": "international",
    "teams": [
      "Namibia",
      "Uganda"
    ],
    "toss": {
      "decision": "field",
      "winner": "Uganda"
    },
    "venue": "High Performance Oval, Windhoek"
  },
  "innings": [
    {
      "team": "Namibia",
      "overs": [
        {
          "over": 0,
          "deliveries": [
            {
              "batter": "SA Wittmann",
              "bowler": "I Mutoni",
              "non_striker": "KA Green",
              "runs": {
                "batter": 0,
                "extras": 0,
                "total": 0
              }
            },
            {
              "batter": "SA Wittmann",
              "bowler": "I Mutoni",
              "non_striker": "KA Green",
              "runs": {
                "batter": 0,
                "extras": 0,
                "total": 0
              }
            },
            {
              "batter": "SA Wittmann",
              "bowler": "I Mutoni",
              "extras": {
                "byes": 1
              },
              "non_striker": "KA Green",
              "runs": {
                "batter": 0,
                "extras": 1,
                "total": 1
              }
            },
            {
              "batter": "KA Green",
              "bowler": "I Mutoni",
              "non_striker": "SA Wittmann",
              "runs": {
                "batter": 0,
                "extras": 0,
                "total": 0
              }
            },
            {
              "batter": "KA Green",
              "bowler": "I Mutoni",
              "non_striker": "SA Wittmann",
              "runs": {
                "batter": 0,
                "extras": 0,
                "total": 0
              }
            },
            {
              "batter": "KA Green",
              "bowler": "I Mutoni",
              "non_striker": "SA Wittmann",
              "runs": {
                "batter": 2,
                "extras": 0,
                "total": 2
              }
            }
          ]
        },
        {
          "over": 1,
          "deliveries": [
            {
              "batter": "SA Wittmann",
              "bowler": "S Walaza",
              "non_striker": "KA Green",
              "runs": {
                "batter": 2,
                "extras": 0,
                "total": 2
              }
            },
            {
              "batter": "SA Wittmann",
              "bowler": "S Walaza",
              "non_striker": "KA Green",
              "runs": {
                "batter": 1,
                "extras": 0,
                "total": 1
              }
            },
            {
              "batter": "KA Green",
              "bowler": "S Walaza",
              "non_striker": "SA Wittmann",
              "runs": {
                "batter": 0,
                "extras": 0,
                "total": 0
              }
            },
            {
              "batter": "KA Green",
              "bowler": "S Walaza",
              "non_striker": "SA Wittmann",
              "runs": {
                "batter": 2,
                "extras": 0,
                "total": 2
              }
            },
            {
              "batter": "KA Green",
              "bowler": "S Walaza",
              "non_striker": "SA Wittmann",
              "runs": {
                "batter": 0,
                "extras": 0,
                "total": 0
              }
            },
            {
              "batter": "KA Green",
              "bowler": "S Walaza",
              "non_striker": "SA Wittmann",
              "runs": {
                "batter": 0,
                "extras": 0,
                "total": 0
              }
            }
          ]
        },
        {
          "over": 2,
          "deliveries": [
            {
              "batter": "SA Wittmann",
              "bowler": "I Mutoni",
              "non_striker": "KA Green",
              "runs": {
                "batter": 0,
                "extras": 0,
                "total": 0
              }
            },
            {
              "batter": "SA Wittmann",
              "bowler": "I Mutoni",
              "non_striker": "KA Green",
              "runs": {
                "batter": 4,
                "extras": 0,
                "total": 4
              }
            },
            {
              "batter": "SA Wittmann",
              "bowler": "I Mutoni",
              "non_striker": "KA Green",
              "runs": {
                "batter": 0,
                "extras": 0,
                "total": 0
              }
            },
            {
              "batter": "SA Wittmann",
              "bowler": "I Mutoni",
              "non_striker": "KA Green",
              "runs": {
                "batter": 0,
                "extras": 0,
                "total": 0
              }
            },
            {
              "batter": "SA Wittmann",
              "bowler": "I Mutoni",
              "non_striker": "KA Green",
              "runs": {
                "batter": 0,
                "extras": 0,
                "total": 0
              }
            },
            {
              "batter": "SA Wittmann",
              "bowler": "I Mutoni",
              "non_striker": "KA Green",
              "runs": {
                "batter": 0,
                "extras": 0,
                "total": 0
              }
            }
          ]
        },
        {
          "over": 3,
          "deliveries": [
            {
              "batter": "KA Green",
              "bowler": "S Walaza",
              "non_striker": "SA Wittmann",
              "runs": {
                "batter": 0,
                "extras": 0,
                "total": 0
              }
            },
            {
              "batter": "KA Green",
              "bowler": "S Walaza",
              "non_striker": "SA Wittmann",
              "runs": {
                "batter": 0,
                "extras": 0,
                "total": 0
              }
            },
            {
              "batter": "KA Green",
              "bowler": "S Walaza",
              "non_striker": "SA Wittmann",
              "runs": {
                "batter": 1,
                "extras": 0,
                "total": 1
              }
            },
            {
              "batter": "SA Wittmann",
              "bowler": "S Walaza",
              "non_striker": "KA Green",
              "runs": {
                "batter": 0,
                "extras": 0,
                "total": 0
              }
            },
            {
              "batter": "SA Wittmann",
              "bowler": "S Walaza",
              "non_striker": "KA Green",
              "runs": {
                "batter": 0,
                "extras": 0,
                "total": 0
              }
            },
            {
              "batter": "SA Wittmann",
              "bowler": "S Walaza",
              "non_striker": "KA Green",
              "runs": {
                "batter": 1,
                "extras": 0,
                "total": 1
              }
            }
          ]
        },
        {
          "over": 4,
          "deliveries": [
            {
              "batter": "SA Wittmann",
              "bowler": "C Aweko",
              "non_striker": "KA Green",
              "runs": {
                "batter": 1,
                "extras": 0,
                "total": 1
              }
            },
            {
              "batter": "KA Green",
              "bowler": "C Aweko",
              "non_striker": "SA Wittmann",
              "runs": {
                "batter": 4,
                "extras": 0,
                "total": 4
              }
            },
            {
              "batter": "KA Green",
              "bowler": "C Aweko",
              "non_striker": "SA Wittmann",
              "runs": {
                "batter": 4,
                "extras": 0,
                "total": 4
              }
            },
            {
              "batter": "KA Green",
              "bowler": "C Aweko",
              "non_striker": "SA Wittmann",
              "runs": {
                "batter": 0,
                "extras": 0,
                "total": 0
              }
            },
            {
              "batter": "KA Green",
              "bowler": "C Aweko",
              "non_striker": "SA Wittmann",
              "runs": {
                "batter": 0,
                "extras": 0,
                "total": 0
              }
            },
            {
              "batter": "KA Green",
              "bowler": "C Aweko",
              "non_striker": "SA Wittmann",
              "runs": {
                "batter": 2,
                "extras": 0,
                "total": 2
              }
            }
          ]
        },
        {
          "over": 5,
          "deliveries": [
            {
              "batter": "SA Wittmann",
              "bowler": "S Walaza",
              "non_striker": "KA Green",
              "runs": {
                "batter": 4,
                "extras": 0,
                "total": 4
              }
            },
            {
              "batter": "SA Wittmann",
              "bowler": "S Walaza",
              "non_striker": "KA Green",
              "runs": {
                "batter": 1,
                "extras": 0,
                "total": 1
              }
            },
            {
              "batter": "KA Green",
              "bowler": "S Walaza",
              "non_striker": "SA Wittmann",
              "runs": {
                "batter": 0,
                "extras": 0,
                "total": 0
              }
            },
            {
              "batter": "KA Green",
              "bowler": "S Walaza",
              "non_striker": "SA Wittmann",
              "runs": {
                "batter": 1,
                "extras": 0,
                "total": 1
              }
            },
            {
              "batter": "SA Wittmann",
              "bowler": "S Walaza",
              "non_striker": "KA Green",
              "runs": {
                "batter": 4,
                "extras": 0,
                "total": 4
              }
            },
            {
              "batter": "SA Wittmann",
              "bowler": "S Walaza",
              "non_striker": "KA Green",
              "runs": {
                "batter": 4,
                "extras": 0,
                "total": 4
              }
            }
          ]
        },
        {
          "over": 6,
          "deliveries": [
            {
              "batter": "KA Green",
              "bowler": "S Akiteng",
              "non_striker": "SA Wittmann",
              "runs": {
                "batter": 0,
                "extras": 0,
                "total": 0
              }
            },
            {
              "batter": "KA Green",
              "bowler": "S Akiteng",
              "non_striker": "SA Wittmann",
              "runs": {
                "batter": 0,
                "extras": 0,
                "total": 0
              }
            },
            {
              "batter": "KA Green",
              "bowler": "S Akiteng",
              "non_striker": "SA Wittmann",
              "runs": {
                "batter": 4,
                "extras": 0,
                "total": 4
              }
            },
            {
              "batter": "KA Green",
              "bowler": "S Akiteng",
              "non_striker": "SA Wittmann",
              "runs": {
                "batter": 0,
                "extras": 0,
                "total": 0
              }
            },
            {
              "batter": "KA Green",
              "bowler": "S Akiteng",
              "non_striker": "SA Wittmann",
              "runs": {
                "batter": 0,
                "extras": 0,
                "total": 0
              }
            },
            {
              "batter": "KA Green",
              "bowler": "S Akiteng",
              "non_striker": "SA Wittmann",
              "runs": {
                "batter": 1,
                "extras": 0,
                "total": 1
              }
            }
          ]
        },
        {
          "over": 7,
          "deliveries": [
            {
              "batter": "KA Green",
              "bowler": "I Nakisuuyi",
              "non_striker": "SA Wittmann",
              "runs": {
                "batter": 0,
                "extras": 0,
                "total": 0
              }
            },
            {
              "batter": "KA Green",
              "bowler": "I Nakisuuyi",
              "non_striker": "SA Wittmann",
              "runs": {
                "batter": 1,
                "extras": 0,
                "total": 1
              }
            },
            {
              "batter": "SA Wittmann",
              "bowler": "I Nakisuuyi",
              "non_striker": "KA Green",
              "runs": {
                "batter": 1,
                "extras": 0,
                "total": 1
              }
            },
            {
              "batter": "KA Green",
              "bowler": "I Nakisuuyi",
              "non_striker": "SA Wittmann",
              "runs": {
                "batter": 0,
                "extras": 0,
                "total": 0
              }
            },
            {
              "batter": "KA Green",
              "bowler": "I Nakisuuyi",
              "non_striker": "SA Wittmann",
              "runs": {
                "batter": 4,
                "extras": 0,
                "total": 4
              }
            },
            {
              "batter": "KA Green",
              "bowler": "I Nakisuuyi",
              "non_striker": "SA Wittmann",
              "runs": {
                "batter": 0,
                "extras": 0,
                "total": 0
              }
            }
          ]
        },
        {
          "over": 8,
          "deliveries": [
            {
              "batter": "SA Wittmann",
              "bowler": "S Akiteng",
              "non_striker": "KA Green",
              "runs": {
                "batter": 0,
                "extras": 0,
                "total": 0
              }
            },
            {
              "batter": "SA Wittmann",
              "bowler": "S Akiteng",
              "non_striker": "KA Green",
              "runs": {
                "batter": 1,
                "extras": 0,
                "total": 1
              }
            },
            {
              "batter": "KA Green",
              "bowler": "S Akiteng",
              "non_striker": "SA Wittmann",
              "runs": {
                "batter": 2,
                "extras": 0,
                "total": 2
              }
            },
            {
              "batter": "KA Green",
              "bowler": "S Akiteng",
              "non_striker": "SA Wittmann",
              "runs": {
                "batter": 0,
                "extras": 0,
                "total": 0
              }
            },
            {
              "batter": "KA Green",
              "bowler": "S Akiteng",
              "non_striker": "SA Wittmann",
              "runs": {
                "batter": 4,
                "extras": 0,
                "total": 4
              }
            },
            {
              "batter": "KA Green",
              "bowler": "S Akiteng",
              "non_striker": "SA Wittmann",
              "runs": {
                "batter": 0,
                "extras": 0,
                "total": 0
              }
            }
          ]
        },
        {
          "over": 9,
          "deliveries": [
            {
              "batter": "SA Wittmann",
              "bowler": "I Nakisuuyi",
              "non_striker": "KA Green",
              "runs": {
                "batter": 2,
                "extras": 0,
                "total": 2
              }
            },
            {
              "batter": "SA Wittmann",
              "bowler": "I Nakisuuyi",
              "non_striker": "KA Green",
              "runs": {
                "batter": 2,
                "extras": 0,
                "total": 2
              }
            },
            {
              "batter": "SA Wittmann",
              "bowler": "I Nakisuuyi",
              "non_striker": "KA Green",
              "runs": {
                "batter": 1,
                "extras": 0,
                "total": 1
              }
            },
            {
              "batter": "KA Green",
              "bowler": "I Nakisuuyi",
              "non_striker": "SA Wittmann",
              "runs": {
                "batter": 1,
                "extras": 0,
                "total": 1
              }
            },
            {
              "batter": "SA Wittmann",
              "bowler": "I Nakisuuyi",
              "non_striker": "KA Green",
              "runs": {
                "batter": 0,
                "extras": 0,
                "total": 0
              },
              "wickets": [
                {
                  "player_out": "SA Wittmann",
                  "kind": "bowled"
                }
              ]
            },
            {
              "batter": "B Manuel",
              "bowler": "I Nakisuuyi",
              "non_striker": "KA Green",
              "runs": {
                "batter": 0,
                "extras": 0,
                "total": 0
              }
            }
          ]
        },
        {
          "over": 10,
          "deliveries": [
            {
              "batter": "KA Green",
              "bowler": "J Mbabazi",
              "non_striker": "B Manuel",
              "runs": {
                "batter": 0,
                "extras": 0,
                "total": 0
              }
            },
            {
              "batter": "KA Green",
              "bowler": "J Mbabazi",
              "non_striker": "B Manuel",
              "runs": {
                "batter": 1,
                "extras": 0,
                "total": 1
              }
            },
            {
              "batter": "B Manuel",
              "bowler": "J Mbabazi",
              "non_striker": "KA Green",
              "runs": {
                "batter": 0,
                "extras": 0,
                "total": 0
              }
            },
            {
              "batter": "B Manuel",
              "bowler": "J Mbabazi",
              "non_striker": "KA Green",
              "runs": {
                "batter": 0,
                "extras": 0,
                "total": 0
              }
            },
            {
              "batter": "B Manuel",
              "bowler": "J Mbabazi",
              "non_striker": "KA Green",
              "runs": {
                "batter": 4,
                "extras": 0,
                "total": 4
              }
            },
            {
              "batter": "B Manuel",
              "bowler": "J Mbabazi",
              "non_striker": "KA Green",
              "runs": {
                "batter": 0,
                "extras": 0,
                "total": 0
              }
            }
          ]
        },
        {
          "over": 11,
          "deliveries": [
            {
              "batter": "KA Green",
              "bowler": "C Aweko",
              "non_striker": "B Manuel",
              "runs": {
                "batter": 0,
                "extras": 0,
                "total": 0
              }
            },
            {
              "batter": "KA Green",
              "bowler": "C Aweko",
              "non_striker": "B Manuel",
              "runs": {
                "batter": 6,
                "extras": 0,
                "total": 6
              }
            },
            {
              "batter": "KA Green",
              "bowler": "C Aweko",
              "non_striker": "B Manuel",
              "runs": {
                "batter": 1,
                "extras": 0,
                "total": 1
              }
            },
            {
              "batter": "B Manuel",
              "bowler": "C Aweko",
              "non_striker": "KA Green",
              "runs": {
                "batter": 0,
                "extras": 0,
                "total": 0
              }
            },
            {
              "batter": "B Manuel",
              "bowler": "C Aweko",
              "non_striker": "KA Green",
              "runs": {
                "batter": 0,
                "extras": 0,
                "total": 0
              },
              "wickets": [
                {
                  "player_out": "B Manuel",
                  "kind": "lbw"
                }
              ]
            },
            {
              "batter": "Yasmeen Khan",
              "bowler": "C Aweko",
              "non_striker": "KA Green",
              "runs": {
                "batter": 2,
                "extras": 0,
                "total": 2
              }
            }
          ]
        },
        {
          "over": 12,
          "deliveries": [
            {
              "batter": "KA Green",
              "bowler": "J Mbabazi",
              "non_striker": "Yasmeen Khan",
              "runs": {
                "batter": 1,
                "extras": 0,
                "total": 1
              }
            },
            {
              "batter": "Yasmeen Khan",
              "bowler": "J Mbabazi",
              "non_striker": "KA Green",
              "runs": {
                "batter": 0,
                "extras": 0,
                "total": 0
              }
            },
            {
              "batter": "Yasmeen Khan",
              "bowler": "J Mbabazi",
              "non_striker": "KA Green",
              "runs": {
                "batter": 1,
                "extras": 0,
                "total": 1
              }
            },
            {
              "batter": "KA Green",
              "bowler": "J Mbabazi",
              "non_striker": "Yasmeen Khan",
              "runs": {
                "batter": 0,
                "extras": 0,
                "total": 0
              }
            },
            {
              "batter": "KA Green",
              "bowler": "J Mbabazi",
              "non_striker": "Yasmeen Khan",
              "runs": {
                "batter": 6,
                "extras": 0,
                "total": 6
              }
            },
            {
              "batter": "KA Green",
              "bowler": "J Mbabazi",
              "non_striker": "Yasmeen Khan",
              "runs": {
                "batter": 0,
                "extras": 0,
                "total": 0
              }
            }
          ]
        },
        {
          "over": 13,
          "deliveries": [
            {
              "batter": "Yasmeen Khan",
              "bowler": "C Aweko",
              "non_striker": "KA Green",
              "runs": {
                "batter": 0,
                "extras": 0,
                "total": 0
              },
              "wickets": [
                {
                  "player_out": "KA Green",
                  "fielders": [
                    {
                      "name": "C Aweko"
                    }
                  ],
                  "kind": "run out"
                }
              ]
            },
            {
              "batter": "Yasmeen Khan",
              "bowler": "C Aweko",
              "non_striker": "W Mwatile",
              "runs": {
                "batter": 0,
                "extras": 0,
                "total": 0
              }
            },
            {
              "batter": "Yasmeen Khan",
              "bowler": "C Aweko",
              "non_striker": "W Mwatile",
              "runs": {
                "batter": 1,
                "extras": 0,
                "total": 1
              }
            },
            {
              "batter": "W Mwatile",
              "bowler": "C Aweko",
              "non_striker": "Yasmeen Khan",
              "runs": {
                "batter": 2,
                "extras": 0,
                "total": 2
              }
            },
            {
              "batter": "W Mwatile",
              "bowler": "C Aweko",
              "non_striker": "Yasmeen Khan",
              "runs": {
                "batter": 0,
                "extras": 0,
                "total": 0
              }
            },
            {
              "batter": "W Mwatile",
              "bowler": "C Aweko",
              "non_striker": "Yasmeen Khan",
              "runs": {
                "batter": 0,
                "extras": 0,
                "total": 0
              }
            }
          ]
        },
        {
          "over": 14,
          "deliveries": [
            {
              "batter": "Yasmeen Khan",
              "bowler": "S Akiteng",
              "non_striker": "W Mwatile",
              "runs": {
                "batter": 0,
                "extras": 0,
                "total": 0
              }
            },
            {
              "batter": "Yasmeen Khan",
              "bowler": "S Akiteng",
              "non_striker": "W Mwatile",
              "runs": {
                "batter": 1,
                "extras": 0,
                "total": 1
              }
            },
            {
              "batter": "W Mwatile",
              "bowler": "S Akiteng",
              "non_striker": "Yasmeen Khan",
              "runs": {
                "batter": 0,
                "extras": 0,
                "total": 0
              }
            },
            {
              "batter": "W Mwatile",
              "bowler": "S Akiteng",
              "non_striker": "Yasmeen Khan",
              "runs": {
                "batter": 0,
                "extras": 0,
                "total": 0
              }
            },
            {
              "batter": "W Mwatile",
              "bowler": "S Akiteng",
              "non_striker": "Yasmeen Khan",
              "runs": {
                "batter": 0,
                "extras": 0,
                "total": 0
              }
            },
            {
              "batter": "W Mwatile",
              "bowler": "S Akiteng",
              "extras": {
                "noballs": 1
              },
              "non_striker": "Yasmeen Khan",
              "runs": {
                "batter": 0,
                "extras": 1,
                "total": 1
              }
            },
            {
              "batter": "W Mwatile",
              "bowler": "S Akiteng",
              "non_striker": "Yasmeen Khan",
              "runs": {
                "batter": 1,
                "extras": 0,
                "total": 1
              }
            }
          ]
        },
        {
          "over": 15,
          "deliveries": [
            {
              "batter": "W Mwatile",
              "bowler": "I Nakisuuyi",
              "non_striker": "Yasmeen Khan",
              "runs": {
                "batter": 1,
                "extras": 0,
                "total": 1
              }
            },
            {
              "batter": "Yasmeen Khan",
              "bowler": "I Nakisuuyi",
              "non_striker": "W Mwatile",
              "runs": {
                "batter": 2,
                "extras": 0,
                "total": 2
              }
            },
            {
              "batter": "Yasmeen Khan",
              "bowler": "I Nakisuuyi",
              "non_striker": "W Mwatile",
              "runs": {
                "batter": 0,
                "extras": 0,
                "total": 0
              }
            },
            {
              "batter": "Yasmeen Khan",
              "bowler": "I Nakisuuyi",
              "non_striker": "W Mwatile",
              "runs": {
                "batter": 0,
                "extras": 0,
                "total": 0
              }
            },
            {
              "batter": "Yasmeen Khan",
              "bowler": "I Nakisuuyi",
              "non_striker": "W Mwatile",
              "runs": {
                "batter": 1,
                "extras": 0,
                "total": 1
              }
            },
            {
              "batter": "W Mwatile",
              "bowler": "I Nakisuuyi",
              "non_striker": "Yasmeen Khan",
              "runs": {
                "batter": 1,
                "extras": 0,
                "total": 1
              }
            }
          ]
        },
        {
          "over": 16,
          "deliveries": [
            {
              "batter": "W Mwatile",
              "bowler": "S Akiteng",
              "non_striker": "Yasmeen Khan",
              "runs": {
                "batter": 0,
                "extras": 0,
                "total": 0
              }
            },
            {
              "batter": "W Mwatile",
              "bowler": "S Akiteng",
              "non_striker": "Yasmeen Khan",
              "runs": {
                "batter": 0,
                "extras": 0,
                "total": 0
              }
            },
            {
              "batter": "W Mwatile",
              "bowler": "S Akiteng",
              "non_striker": "Yasmeen Khan",
              "runs": {
                "batter": 0,
                "extras": 0,
                "total": 0
              }
            },
            {
              "batter": "W Mwatile",
              "bowler": "S Akiteng",
              "non_striker": "Yasmeen Khan",
              "runs": {
                "batter": 0,
                "extras": 0,
                "total": 0
              }
            },
            {
              "batter": "W Mwatile",
              "bowler": "S Akiteng",
              "extras": {
                "noballs": 1
              },
              "non_striker": "Yasmeen Khan",
              "runs": {
                "batter": 0,
                "extras": 1,
                "total": 1
              }
            },
            {
              "batter": "W Mwatile",
              "bowler": "S Akiteng",
              "non_striker": "Yasmeen Khan",
              "runs": {
                "batter": 6,
                "extras": 0,
                "total": 6
              }
            },
            {
              "batter": "W Mwatile",
              "bowler": "S Akiteng",
              "extras": {
                "noballs": 1
              },
              "non_striker": "Yasmeen Khan",
              "runs": {
                "batter": 0,
                "extras": 1,
                "total": 1
              }
            },
            {
              "batter": "W Mwatile",
              "bowler": "S Akiteng",
              "non_striker": "Yasmeen Khan",
              "runs": {
                "batter": 1,
                "extras": 0,
                "total": 1
              }
            }
          ]
        },
        {
          "over": 17,
          "deliveries": [
            {
              "batter": "W Mwatile",
              "bowler": "I Nakisuuyi",
              "non_striker": "Yasmeen Khan",
              "runs": {
                "batter": 1,
                "extras": 0,
                "total": 1
              }
            },
            {
              "batter": "Yasmeen Khan",
              "bowler": "I Nakisuuyi",
              "non_striker": "W Mwatile",
              "runs": {
                "batter": 2,
                "extras": 0,
                "total": 2
              }
            },
            {
              "batter": "Yasmeen Khan",
              "bowler": "I Nakisuuyi",
              "non_striker": "W Mwatile",
              "runs": {
                "batter": 1,
                "extras": 0,
                "total": 1
              }
            },
            {
              "batter": "W Mwatile",
              "bowler": "I Nakisuuyi",
              "non_striker": "Yasmeen Khan",
              "runs": {
                "batter": 0,
                "extras": 0,
                "total": 0
              }
            },
            {
              "batter": "W Mwatile",
              "bowler": "I Nakisuuyi",
              "non_striker": "Yasmeen Khan",
              "runs": {
                "batter": 0,
                "extras": 0,
                "total": 0
              }
            },
            {
              "batter": "W Mwatile",
              "bowler": "I Nakisuuyi",
              "non_striker": "Yasmeen Khan",
              "runs": {
                "batter": 0,
                "extras": 0,
                "total": 0
              }
            }
          ]
        },
        {
          "over": 18,
          "deliveries": [
            {
              "batter": "Yasmeen Khan",
              "bowler": "I Mutoni",
              "non_striker": "W Mwatile",
              "runs": {
                "batter": 1,
                "extras": 0,
                "total": 1
              }
            },
            {
              "batter": "W Mwatile",
              "bowler": "I Mutoni",
              "non_striker": "Yasmeen Khan",
              "runs": {
                "batter": 1,
                "extras": 0,
                "total": 1
              }
            },
            {
              "batter": "Yasmeen Khan",
              "bowler": "I Mutoni",
              "non_striker": "W Mwatile",
              "runs": {
                "batter": 0,
                "extras": 0,
                "total": 0
              }
            },
            {
              "batter": "Yasmeen Khan",
              "bowler": "I Mutoni",
              "non_striker": "W Mwatile",
              "runs": {
                "batter": 1,
                "extras": 0,
                "total": 1
              }
            },
            {
              "batter": "W Mwatile",
              "bowler": "I Mutoni",
              "non_striker": "Yasmeen Khan",
              "runs": {
                "batter": 4,
                "extras": 0,
                "total": 4
              }
            },
            {
              "batter": "W Mwatile",
              "bowler": "I Mutoni",
              "non_striker": "Yasmeen Khan",
              "runs": {
                "batter": 0,
                "extras": 0,
                "total": 0
              },
              "wickets": [
                {
                  "player_out": "W Mwatile",
                  "fielders": [
                    {
                      "name": "R Musamali"
                    }
                  ],
                  "kind": "caught"
                }
              ]
            }
          ]
        },
        {
          "over": 19,
          "deliveries": [
            {
              "batter": "Yasmeen Khan",
              "bowler": "C Aweko",
              "non_striker": "JA Diergaardt",
              "runs": {
                "batter": 0,
                "extras": 0,
                "total": 0
              }
            },
            {
              "batter": "Yasmeen Khan",
              "bowler": "C Aweko",
              "non_striker": "JA Diergaardt",
              "runs": {
                "batter": 4,
                "extras": 0,
                "total": 4
              }
            },
            {
              "batter": "Yasmeen Khan",
              "bowler": "C Aweko",
              "non_striker": "JA Diergaardt",
              "runs": {
                "batter": 1,
                "extras": 0,
                "total": 1
              }
            },
            {
              "batter": "JA Diergaardt",
              "bowler": "C Aweko",
              "non_striker": "Yasmeen Khan",
              "runs": {
                "batter": 1,
                "extras": 0,
                "total": 1
              }
            },
            {
              "batter": "Yasmeen Khan",
              "bowler": "C Aweko",
              "non_striker": "JA Diergaardt",
              "runs": {
                "batter": 0,
                "extras": 0,
                "total": 0
              },
              "wickets": [
                {
                  "player_out": "Yasmeen Khan",
                  "fielders": [
                    {
                      "name": "K Awino"
                    }
                  ],
                  "kind": "stumped"
                }
              ]
            },
            {
              "batter": "M Mwatile",
              "bowler": "C Aweko",
              "non_striker": "JA Diergaardt",
              "runs": {
                "batter": 2,
                "extras": 0,
                "total": 2
              }
            }
          ]
        }
      ],
      "powerplays": [
        {
          "from": 0.1,
          "to": 5.6,
          "type": "mandatory"
        }
      ]
    },
    {
      "team": "Uganda",
      "overs": [
        {
          "over": 0,
          "deliveries": [
            {
              "batter": "K Awino",
              "bowler": "W Mwatile",
              "non_striker": "E Iloku",
              "runs": {
                "batter": 2,
                "extras": 0,
                "total": 2
              }
            },
            {
              "batter": "K Awino",
              "bowler": "W Mwatile",
              "non_striker": "E Iloku",
              "runs": {
                "batter": 0,
                "extras": 0,
                "total": 0
              }
            },
            {
              "batter": "K Awino",
              "bowler": "W Mwatile",
              "non_striker": "E Iloku",
              "runs": {
                "batter": 1,
                "extras": 0,
                "total": 1
              }
            },
            {
              "batter": "E Iloku",
              "bowler": "W Mwatile",
              "extras": {
                "wides": 5
              },
              "non_striker": "K Awino",
              "runs": {
                "batter": 0,
                "extras": 5,
                "total": 5
              }
            },
            {
              "batter": "E Iloku",
              "bowler": "W Mwatile",
              "non_striker": "K Awino",
              "runs": {
                "batter": 0,
                "extras": 0,
                "total": 0
              }
            },
            {
              "batter": "E Iloku",
              "bowler": "W Mwatile",
              "non_striker": "K Awino",
              "runs": {
                "batter": 0,
                "extras": 0,
                "total": 0
              }
            },
            {
              "batter": "E Iloku",
              "bowler": "W Mwatile",
              "non_striker": "K Awino",
              "runs": {
                "batter": 0,
                "extras": 0,
                "total": 0
              }
            }
          ]
        },
        {
          "over": 1,
          "deliveries": [
            {
              "batter": "K Awino",
              "bowler": "S Tuhadeleni",
              "extras": {
                "byes": 4
              },
              "non_striker": "E Iloku",
              "runs": {
                "batter": 0,
                "extras": 4,
                "total": 4
              }
            },
            {
              "batter": "K Awino",
              "bowler": "S Tuhadeleni",
              "non_striker": "E Iloku",
              "runs": {
                "batter": 0,
                "extras": 0,
                "total": 0
              }
            },
            {
              "batter": "K Awino",
              "bowler": "S Tuhadeleni",
              "non_striker": "E Iloku",
              "runs": {
                "batter": 1,
                "extras": 0,
                "total": 1
              }
            },
            {
              "batter": "E Iloku",
              "bowler": "S Tuhadeleni",
              "non_striker": "K Awino",
              "runs": {
                "batter": 0,
                "extras": 0,
                "total": 0
              }
            },
            {
              "batter": "E Iloku",
              "bowler": "S Tuhadeleni",
              "non_striker": "K Awino",
              "runs": {
                "batter": 0,
                "extras": 0,
                "total": 0
              },
              "wickets": [
                {
                  "player_out": "E Iloku",
                  "kind": "caught and bowled"
                }
              ]
            },
            {
              "batter": "I Nakisuuyi",
              "bowler": "S Tuhadeleni",
              "non_striker": "K Awino",
              "runs": {
                "batter": 0,
                "extras": 0,
                "total": 0
              }
            }
          ]
        },
        {
          "over": 2,
          "deliveries": [
            {
              "batter": "K Awino",
              "bowler": "W Mwatile",
              "non_striker": "I Nakisuuyi",
              "runs": {
                "batter": 0,
                "extras": 0,
                "total": 0
              }
            },
            {
              "batter": "K Awino",
              "bowler": "W Mwatile",
              "non_striker": "I Nakisuuyi",
              "runs": {
                "batter": 1,
                "extras": 0,
                "total": 1
              }
            },
            {
              "batter": "I Nakisuuyi",
              "bowler": "W Mwatile",
              "non_striker": "K Awino",
              "runs": {
                "batter": 0,
                "extras": 0,
                "total": 0
              }
            },
            {
              "batter": "I Nakisuuyi",
              "bowler": "W Mwatile",
              "non_striker": "K Awino",
              "runs": {
                "batter": 0,
                "extras": 0,
                "total": 0
              }
            },
            {
              "batter": "I Nakisuuyi",
              "bowler": "W Mwatile",
              "non_striker": "K Awino",
              "runs": {
                "batter": 0,
                "extras": 0,
                "total": 0
              }
            },
            {
              "batter": "I Nakisuuyi",
              "bowler": "W Mwatile",
              "non_striker": "K Awino",
              "runs": {
                "batter": 0,
                "extras": 0,
                "total": 0
              }
            }
          ]
        },
        {
          "over": 3,
          "deliveries": [
            {
              "batter": "K Awino",
              "bowler": "S Tuhadeleni",
              "non_striker": "I Nakisuuyi",
              "runs": {
                "batter": 0,
                "extras": 0,
                "total": 0
              }
            },
            {
              "batter": "K Awino",
              "bowler": "S Tuhadeleni",
              "non_striker": "I Nakisuuyi",
              "runs": {
                "batter": 0,
                "extras": 0,
                "total": 0
              }
            },
            {
              "batter": "K Awino",
              "bowler": "S Tuhadeleni",
              "non_striker": "I Nakisuuyi",
              "runs": {
                "batter": 0,
                "extras": 0,
                "total": 0
              }
            },
            {
              "batter": "K Awino",
              "bowler": "S Tuhadeleni",
              "non_striker": "I Nakisuuyi",
              "runs": {
                "batter": 0,
                "extras": 0,
                "total": 0
              }
            },
            {
              "batter": "K Awino",
              "bowler": "S Tuhadeleni",
              "non_striker": "I Nakisuuyi",
              "runs": {
                "batter": 0,
                "extras": 0,
                "total": 0
              }
            },
            {
              "batter": "K Awino",
              "bowler": "S Tuhadeleni",
              "non_striker": "I Nakisuuyi",
              "runs": {
                "batter": 0,
                "extras": 0,
                "total": 0
              }
            }
          ]
        },
        {
          "over": 4,
          "deliveries": [
            {
              "batter": "I Nakisuuyi",
              "bowler": "EU Kejarukua",
              "non_striker": "K Awino",
              "runs": {
                "batter": 0,
                "extras": 0,
                "total": 0
              }
            },
            {
              "batter": "I Nakisuuyi",
              "bowler": "EU Kejarukua",
              "non_striker": "K Awino",
              "runs": {
                "batter": 1,
                "extras": 0,
                "total": 1
              }
            },
            {
              "batter": "K Awino",
              "bowler": "EU Kejarukua",
              "non_striker": "I Nakisuuyi",
              "runs": {
                "batter": 2,
                "extras": 0,
                "total": 2
              }
            },
            {
              "batter": "K Awino",
              "bowler": "EU Kejarukua",
              "non_striker": "I Nakisuuyi",
              "runs": {
                "batter": 0,
                "extras": 0,
                "total": 0
              }
            },
            {
              "batter": "K Awino",
              "bowler": "EU Kejarukua",
              "non_striker": "I Nakisuuyi",
              "runs": {
                "batter": 0,
                "extras": 0,
                "total": 0
              }
            },
            {
              "batter": "K Awino",
              "bowler": "EU Kejarukua",
              "non_striker": "I Nakisuuyi",
              "runs": {
                "batter": 1,
                "extras": 0,
                "total": 1
              }
            }
          ]
        },
        {
          "over": 5,
          "deliveries": [
            {
              "batter": "K Awino",
              "bowler": "S Tuhadeleni",
              "non_striker": "I Nakisuuyi",
              "runs": {
                "batter": 0,
                "extras": 0,
                "total": 0
              }
            },
            {
              "batter": "K Awino",
              "bowler": "S Tuhadeleni",
              "extras": {
                "legbyes": 4
              },
              "non_striker": "I Nakisuuyi",
              "runs": {
                "batter": 0,
                "extras": 4,
                "total": 4
              }
            },
            {
              "batter": "K Awino",
              "bowler": "S Tuhadeleni",
              "non_striker": "I Nakisuuyi",
              "runs": {
                "batter": 1,
                "extras": 0,
                "total": 1
              }
            },
            {
              "batter": "I Nakisuuyi",
              "bowler": "S Tuhadeleni",
              "non_striker": "K Awino",
              "runs": {
                "batter": 0,
                "extras": 0,
                "total": 0
              }
            },
            {
              "batter": "I Nakisuuyi",
              "bowler": "S Tuhadeleni",
              "non_striker": "K Awino",
              "runs": {
                "batter": 1,
                "extras": 0,
                "total": 1
              }
            },
            {
              "batter": "K Awino",
              "bowler": "S Tuhadeleni",
              "non_striker": "I Nakisuuyi",
              "runs": {
                "batter": 0,
                "extras": 0,
                "total": 0
              }
            }
          ]
        },
        {
          "over": 6,
          "deliveries": [
            {
              "batter": "I Nakisuuyi",
              "bowler": "EU Kejarukua",
              "non_striker": "K Awino",
              "runs": {
                "batter": 0,
                "extras": 0,
                "total": 0
              }
            },
            {
              "batter": "I Nakisuuyi",
              "bowler": "EU Kejarukua",
              "non_striker": "K Awino",
              "runs": {
                "batter": 0,
                "extras": 0,
                "total": 0
              }
            },
            {
              "batter": "I Nakisuuyi",
              "bowler": "EU Kejarukua",
              "non_striker": "K Awino",
              "runs": {
                "batter": 0,
                "extras": 0,
                "total": 0
              }
            },
            {
              "batter": "I Nakisuuyi",
              "bowler": "EU Kejarukua",
              "non_striker": "K Awino",
              "runs": {
                "batter": 0,
                "extras": 0,
                "total": 0
              }
            },
            {
              "batter": "I Nakisuuyi",
              "bowler": "EU Kejarukua",
              "non_striker": "K Awino",
              "runs": {
                "batter": 0,
                "extras": 0,
                "total": 0
              }
            },
            {
              "batter": "I Nakisuuyi",
              "bowler": "EU Kejarukua",
              "non_striker": "K Awino",
              "runs": {
                "batter": 2,
                "extras": 0,
                "total": 2
              }
            }
          ]
        },
        {
          "over": 7,
          "deliveries": [
            {
              "batter": "K Awino",
              "bowler": "S Tuhadeleni",
              "non_striker": "I Nakisuuyi",
              "runs": {
                "batter": 0,
                "extras": 0,
                "total": 0
              }
            },
            {
              "batter": "K Awino",
              "bowler": "S Tuhadeleni",
              "non_striker": "I Nakisuuyi",
              "runs": {
                "batter": 1,
                "extras": 0,
                "total": 1
              }
            },
            {
              "batter": "I Nakisuuyi",
              "bowler": "S Tuhadeleni",
              "non_striker": "K Awino",
              "runs": {
                "batter": 0,
                "extras": 0,
                "total": 0
              }
            },
            {
              "batter": "I Nakisuuyi",
              "bowler": "S Tuhadeleni",
              "non_striker": "K Awino",
              "runs": {
                "batter": 0,
                "extras": 0,
                "total": 0
              }
            },
            {
              "batter": "I Nakisuuyi",
              "bowler": "S Tuhadeleni",
              "non_striker": "K Awino",
              "runs": {
                "batter": 0,
                "extras": 0,
                "total": 0
              }
            },
            {
              "batter": "I Nakisuuyi",
              "bowler": "S Tuhadeleni",
              "non_striker": "K Awino",
              "runs": {
                "batter": 1,
                "extras": 0,
                "total": 1
              }
            }
          ]
        },
        {
          "over": 8,
          "deliveries": [
            {
              "batter": "I Nakisuuyi",
              "bowler": "EU Kejarukua",
              "non_striker": "K Awino",
              "runs": {
                "batter": 4,
                "extras": 0,
                "total": 4
              }
            },
            {
              "batter": "I Nakisuuyi",
              "bowler": "EU Kejarukua",
              "non_striker": "K Awino",
              "runs": {
                "batter": 0,
                "extras": 0,
                "total": 0
              }
            },
            {
              "batter": "I Nakisuuyi",
              "bowler": "EU Kejarukua",
              "non_striker": "K Awino",
              "runs": {
                "batter": 0,
                "extras": 0,
                "total": 0
              }
            },
            {
              "batter": "I Nakisuuyi",
              "bowler": "EU Kejarukua",
              "non_striker": "K Awino",
              "runs": {
                "batter": 0,
                "extras": 0,
                "total": 0
              },
              "wickets": [
                {
                  "player_out": "I Nakisuuyi",
                  "fielders": [
                    {
                      "name": "M Gorases"
                    }
                  ],
                  "kind": "stumped"
                }
              ]
            },
            {
              "batter": "R Musamali",
              "bowler": "EU Kejarukua",
              "non_striker": "K Awino",
              "runs": {
                "batter": 0,
                "extras": 0,
                "total": 0
              }
            },
            {
              "batter": "R Musamali",
              "bowler": "EU Kejarukua",
              "non_striker": "K Awino",
              "runs": {
                "batter": 0,
                "extras": 0,
                "total": 0
              }
            }
          ]
        },
        {
          "over": 9,
          "deliveries": [
            {
              "batter": "K Awino",
              "bowler": "M Mwatile",
              "non_striker": "R Musamali",
              "runs": {
                "batter": 0,
                "extras": 0,
                "total": 0
              }
            },
            {
              "batter": "K Awino",
              "bowler": "M Mwatile",
              "non_striker": "R Musamali",
              "runs": {
                "batter": 1,
                "extras": 0,
                "total": 1
              }
            },
            {
              "batter": "R Musamali",
              "bowler": "M Mwatile",
              "non_striker": "K Awino",
              "runs": {
                "batter": 4,
                "extras": 0,
                "total": 4
              }
            },
            {
              "batter": "R Musamali",
              "bowler": "M Mwatile",
              "non_striker": "K Awino",
              "runs": {
                "batter": 0,
                "extras": 0,
                "total": 0
              },
              "wickets": [
                {
                  "player_out": "R Musamali",
                  "kind": "bowled"
                }
              ]
            },
            {
              "batter": "S Nampiina",
              "bowler": "M Mwatile",
              "non_striker": "K Awino",
              "runs": {
                "batter": 0,
                "extras": 0,
                "total": 0
              }
            },
            {
              "batter": "S Nampiina",
              "bowler": "M Mwatile",
              "non_striker": "K Awino",
              "runs": {
                "batter": 2,
                "extras": 0,
                "total": 2
              }
            }
          ]
        },
        {
          "over": 10,
          "deliveries": [
            {
              "batter": "K Awino",
              "bowler": "EU Kejarukua",
              "non_striker": "S Nampiina",
              "runs": {
                "batter": 0,
                "extras": 0,
                "total": 0
              }
            },
            {
              "batter": "K Awino",
              "bowler": "EU Kejarukua",
              "non_striker": "S Nampiina",
              "runs": {
                "batter": 0,
                "extras": 0,
                "total": 0
              }
            },
            {
              "batter": "K Awino",
              "bowler": "EU Kejarukua",
              "non_striker": "S Nampiina",
              "runs": {
                "batter": 1,
                "extras": 0,
                "total": 1
              }
            },
            {
              "batter": "S Nampiina",
              "bowler": "EU Kejarukua",
              "non_striker": "K Awino",
              "runs": {
                "batter": 0,
                "extras": 0,
                "total": 0
              }
            },
            {
              "batter": "S Nampiina",
              "bowler": "EU Kejarukua",
              "non_striker": "K Awino",
              "runs": {
                "batter": 1,
                "extras": 0,
                "total": 1
              }
            },
            {
              "batter": "K Awino",
              "bowler": "EU Kejarukua",
              "non_striker": "S Nampiina",
              "runs": {
                "batter": 0,
                "extras": 0,
                "total": 0
              }
            }
          ]
        },
        {
          "over": 11,
          "deliveries": [
            {
              "batter": "S Nampiina",
              "bowler": "M Mwatile",
              "non_striker": "K Awino",
              "runs": {
                "batter": 0,
                "extras": 0,
                "total": 0
              }
            },
            {
              "batter": "S Nampiina",
              "bowler": "M Mwatile",
              "non_striker": "K Awino",
              "runs": {
                "batter": 1,
                "extras": 0,
                "total": 1
              }
            },
            {
              "batter": "K Awino",
              "bowler": "M Mwatile",
              "non_striker": "S Nampiina",
              "runs": {
                "batter": 1,
                "extras": 0,
                "total": 1
              }
            },
            {
              "batter": "S Nampiina",
              "bowler": "M Mwatile",
              "non_striker": "K Awino",
              "runs": {
                "batter": 1,
                "extras": 0,
                "total": 1
              }
            },
            {
              "batter": "K Awino",
              "bowler": "M Mwatile",
              "non_striker": "S Nampiina",
              "runs": {
                "batter": 0,
                "extras": 0,
                "total": 0
              }
            },
            {
              "batter": "K Awino",
              "bowler": "M Mwatile",
              "non_striker": "S Nampiina",
              "runs": {
                "batter": 1,
                "extras": 0,
                "total": 1
              }
            }
          ]
        },
        {
          "over": 12,
          "deliveries": [
            {
              "batter": "K Awino",
              "bowler": "KA Green",
              "non_striker": "S Nampiina",
              "runs": {
                "batter": 0,
                "extras": 0,
                "total": 0
              }
            },
            {
              "batter": "K Awino",
              "bowler": "KA Green",
              "non_striker": "S Nampiina",
              "runs": {
                "batter": 1,
                "extras": 0,
                "total": 1
              }
            },
            {
              "batter": "S Nampiina",
              "bowler": "KA Green",
              "extras": {
                "wides": 1
              },
              "non_striker": "K Awino",
              "runs": {
                "batter": 0,
                "extras": 1,
                "total": 1
              }
            },
            {
              "batter": "S Nampiina",
              "bowler": "KA Green",
              "non_striker": "K Awino",
              "runs": {
                "batter": 2,
                "extras": 0,
                "total": 2
              }
            },
            {
              "batter": "S Nampiina",
              "bowler": "KA Green",
              "extras": {
                "noballs": 1
              },
              "non_striker": "K Awino",
              "runs": {
                "batter": 0,
                "extras": 1,
                "total": 1
              }
            },
            {
              "batter": "S Nampiina",
              "bowler": "KA Green",
              "non_striker": "K Awino",
              "runs": {
                "batter": 1,
                "extras": 0,
                "total": 1
              }
            },
            {
              "batter": "K Awino",
              "bowler": "KA Green",
              "non_striker": "S Nampiina",
              "runs": {
                "batter": 1,
                "extras": 0,
                "total": 1
              }
            },
            {
              "batter": "S Nampiina",
              "bowler": "KA Green",
              "extras": {
                "wides": 1
              },
              "non_striker": "K Awino",
              "runs": {
                "batter": 0,
                "extras": 1,
                "total": 1
              }
            },
            {
              "batter": "S Nampiina",
              "bowler": "KA Green",
              "non_striker": "K Awino",
              "runs": {
                "batter": 4,
                "extras": 0,
                "total": 4
              }
            }
          ]
        },
        {
          "over": 13,
          "deliveries": [
            {
              "batter": "K Awino",
              "bowler": "M Mwatile",
              "non_striker": "S Nampiina",
              "runs": {
                "batter": 1,
                "extras": 0,
                "total": 1
              }
            },
            {
              "batter": "S Nampiina",
              "bowler": "M Mwatile",
              "non_striker": "K Awino",
              "runs": {
                "batter": 0,
                "extras": 0,
                "total": 0
              }
            },
            {
              "batter": "S Nampiina",
              "bowler": "M Mwatile",
              "non_striker": "K Awino",
              "runs": {
                "batter": 0,
                "extras": 0,
                "total": 0
              }
            },
            {
              "batter": "S Nampiina",
              "bowler": "M Mwatile",
              "non_striker": "K Awino",
              "runs": {
                "batter": 4,
                "extras": 0,
                "total": 4
              }
            },
            {
              "batter": "S Nampiina",
              "bowler": "M Mwatile",
              "non_striker": "K Awino",
              "runs": {
                "batter": 0,
                "extras": 0,
                "total": 0
              },
              "wickets": [
                {
                  "player_out": "S Nampiina",
                  "fielders": [
                    {
                      "name": "SA Wittmann"
                    }
                  ],
                  "kind": "caught"
                }
              ]
            },
            {
              "batter": "M Ariokot",
              "bowler": "M Mwatile",
              "non_striker": "K Awino",
              "runs": {
                "batter": 1,
                "extras": 0,
                "total": 1
              }
            }
          ]
        },
        {
          "over": 14,
          "deliveries": [
            {
              "batter": "M Ariokot",
              "bowler": "JA Diergaardt",
              "extras": {
                "wides": 1
              },
              "non_striker": "K Awino",
              "runs": {
                "batter": 0,
                "extras": 1,
                "total": 1
              }
            },
            {
              "batter": "M Ariokot",
              "bowler": "JA Diergaardt",
              "non_striker": "K Awino",
              "runs": {
                "batter": 0,
                "extras": 0,
                "total": 0
              }
            },
            {
              "batter": "M Ariokot",
              "bowler": "JA Diergaardt",
              "non_striker": "K Awino",
              "runs": {
                "batter": 0,
                "extras": 0,
                "total": 0
              }
            },
            {
              "batter": "M Ariokot",
              "bowler": "JA Diergaardt",
              "non_striker": "K Awino",
              "runs": {
                "batter": 4,
                "extras": 0,
                "total": 4
              }
            },
            {
              "batter": "M Ariokot",
              "bowler": "JA Diergaardt",
              "extras": {
                "wides": 1
              },
              "non_striker": "K Awino",
              "runs": {
                "batter": 0,
                "extras": 1,
                "total": 1
              }
            },
            {
              "batter": "M Ariokot",
              "bowler": "JA Diergaardt",
              "non_striker": "K Awino",
              "runs": {
                "batter": 1,
                "extras": 0,
                "total": 1
              }
            },
            {
              "batter": "K Awino",
              "bowler": "JA Diergaardt",
              "non_striker": "M Ariokot",
              "runs": {
                "batter": 1,
                "extras": 0,
                "total": 1
              }
            },
            {
              "batter": "M Ariokot",
              "bowler": "JA Diergaardt",
              "non_striker": "K Awino",
              "runs": {
                "batter": 2,
                "extras": 0,
                "total": 2
              }
            }
          ]
        },
        {
          "over": 15,
          "deliveries": [
            {
              "batter": "K Awino",
              "bowler": "M Mwatile",
              "non_striker": "M Ariokot",
              "runs": {
                "batter": 1,
                "extras": 0,
                "total": 1
              }
            },
            {
              "batter": "M Ariokot",
              "bowler": "M Mwatile",
              "non_striker": "K Awino",
              "runs": {
                "batter": 1,
                "extras": 0,
                "total": 1
              }
            },
            {
              "batter": "K Awino",
              "bowler": "M Mwatile",
              "non_striker": "M Ariokot",
              "runs": {
                "batter": 0,
                "extras": 0,
                "total": 0
              }
            },
            {
              "batter": "K Awino",
              "bowler": "M Mwatile",
              "non_striker": "M Ariokot",
              "runs": {
                "batter": 2,
                "extras": 0,
                "total": 2
              }
            },
            {
              "batter": "K Awino",
              "bowler": "M Mwatile",
              "non_striker": "M Ariokot",
              "runs": {
                "batter": 1,
                "extras": 0,
                "total": 1
              }
            },
            {
              "batter": "M Ariokot",
              "bowler": "M Mwatile",
              "non_striker": "K Awino",
              "runs": {
                "batter": 0,
                "extras": 0,
                "total": 0
              }
            }
          ]
        },
        {
          "over": 16,
          "deliveries": [
            {
              "batter": "K Awino",
              "bowler": "SA Wittmann",
              "non_striker": "M Ariokot",
              "runs": {
                "batter": 1,
                "extras": 0,
                "total": 1
              }
            },
            {
              "batter": "M Ariokot",
              "bowler": "SA Wittmann",
              "extras": {
                "wides": 1
              },
              "non_striker": "K Awino",
              "runs": {
                "batter": 0,
                "extras": 1,
                "total": 1
              }
            },
            {
              "batter": "M Ariokot",
              "bowler": "SA Wittmann",
              "non_striker": "K Awino",
              "runs": {
                "batter": 0,
                "extras": 0,
                "total": 0
              }
            },
            {
              "batter": "M Ariokot",
              "bowler": "SA Wittmann",
              "non_striker": "K Awino",
              "runs": {
                "batter": 1,
                "extras": 0,
                "total": 1
              }
            },
            {
              "batter": "K Awino",
              "bowler": "SA Wittmann",
              "non_striker": "M Ariokot",
              "runs": {
                "batter": 1,
                "extras": 0,
                "total": 1
              }
            },
            {
              "batter": "M Ariokot",
              "bowler": "SA Wittmann",
              "non_striker": "K Awino",
              "runs": {
                "batter": 2,
                "extras": 0,
                "total": 2
              }
            },
            {
              "batter": "M Ariokot",
              "bowler": "SA Wittmann",
              "non_striker": "K Awino",
              "runs": {
                "batter": 0,
                "extras": 0,
                "total": 0
              }
            }
          ]
        },
        {
          "over": 17,
          "deliveries": [
            {
              "batter": "K Awino",
              "bowler": "W Mwatile",
              "extras": {
                "byes": 1
              },
              "non_striker": "M Ariokot",
              "runs": {
                "batter": 0,
                "extras": 1,
                "total": 1
              }
            },
            {
              "batter": "M Ariokot",
              "bowler": "W Mwatile",
              "non_striker": "K Awino",
              "runs": {
                "batter": 1,
                "extras": 0,
                "total": 1
              }
            },
            {
              "batter": "K Awino",
              "bowler": "W Mwatile",
              "non_striker": "M Ariokot",
              "runs": {
                "batter": 0,
                "extras": 0,
                "total": 0
              }
            },
            {
              "batter": "K Awino",
              "bowler": "W Mwatile",
              "non_striker": "M Ariokot",
              "runs": {
                "batter": 1,
                "extras": 0,
                "total": 1
              }
            },
            {
              "batter": "M Ariokot",
              "bowler": "W Mwatile",
              "non_striker": "K Awino",
              "runs": {
                "batter": 0,
                "extras": 0,
                "total": 0
              }
            },
            {
              "batter": "M Ariokot",
              "bowler": "W Mwatile",
              "non_striker": "K Awino",
              "runs": {
                "batter": 0,
                "extras": 0,
                "total": 0
              }
            }
          ]
        },
        {
          "over": 18,
          "deliveries": [
            {
              "batter": "K Awino",
              "bowler": "SA Wittmann",
              "non_striker": "M Ariokot",
              "runs": {
                "batter": 1,
                "extras": 0,
                "total": 1
              }
            },
            {
              "batter": "M Ariokot",
              "bowler": "SA Wittmann",
              "non_striker": "K Awino",
              "runs": {
                "batter": 0,
                "extras": 0,
                "total": 0
              }
            },
            {
              "batter": "M Ariokot",
              "bowler": "SA Wittmann",
              "non_striker": "K Awino",
              "runs": {
                "batter": 3,
                "extras": 0,
                "total": 3
              }
            },
            {
              "batter": "K Awino",
              "bowler": "SA Wittmann",
              "non_striker": "M Ariokot",
              "runs": {
                "batter": 0,
                "extras": 0,
                "total": 0
              }
            },
            {
              "batter": "K Awino",
              "bowler": "SA Wittmann",
              "non_striker": "M Ariokot",
              "runs": {
                "batter": 1,
                "extras": 0,
                "total": 1
              }
            },
            {
              "batter": "M Ariokot",
              "bowler": "SA Wittmann",
              "non_striker": "K Awino",
              "runs": {
                "batter": 1,
                "extras": 0,
                "total": 1
              }
            }
          ]
        },
        {
          "over": 19,
          "deliveries": [
            {
              "batter": "M Ariokot",
              "bowler": "W Mwatile",
              "non_striker": "K Awino",
              "runs": {
                "batter": 0,
                "extras": 0,
                "total": 0
              }
            },
            {
              "batter": "M Ariokot",
              "bowler": "W Mwatile",
              "non_striker": "K Awino",
              "runs": {
                "batter": 4,
                "extras": 0,
                "total": 4
              }
            },
            {
              "batter": "M Ariokot",
              "bowler": "W Mwatile",
              "non_striker": "K Awino",
              "runs": {
                "batter": 1,
                "extras": 0,
                "total": 1
              }
            },
            {
              "batter": "K Awino",
              "bowler": "W Mwatile",
              "non_striker": "M Ariokot",
              "runs": {
                "batter": 1,
                "extras": 0,
                "total": 1
              }
            },
            {
              "batter": "M Ariokot",
              "bowler": "W Mwatile",
              "non_striker": "K Awino",
              "runs": {
                "batter": 2,
                "extras": 0,
                "total": 2
              }
            },
            {
              "batter": "M Ariokot",
              "bowler": "W Mwatile",
              "non_striker": "K Awino",
              "runs": {
                "batter": 0,
                "extras": 0,
                "total": 0
              }
            }
          ]
        }
      ],
      "powerplays": [
        {
          "from": 0.1,
          "to": 5.6,
          "type": "mandatory"
        }
      ],
      "target": {
        "overs": 20,
        "runs": 125
      }
    }
  ]
}