{
  "meta": {
    "data_version": "1.1.0",
    "created": "2025-04-14",
    "revision": 1
  },
  "info": {
    "balls_per_over": 6,
    "city": "Mong Kok",
    "dates": [
      "2025-04-12"
    ],
    "event": {
      "name": "Quadrangular Twenty20 Series (Hong Kong)",
      "match_number": 6
    },
    "gender": "male",
    "match_type": "T20",
    "match_type_number": 3137,
    "officials": {
      "match_referees": [
        "G Sankaranarayanan"
      ],
      "reserve_umpires": [
        "H Tukrul"
      ],
      "umpires": [
        "SJ D'Cruz",
        "Tabarak Dar"
      ]
    },
    "outcome": {
      "result": "no result"
    },
    "overs": 20,
    "players": {
      "Hong Kong": [
        "Zeeshan Ali",
        "Anshuman Rath",
        "Nizakat Khan",
        "Babar Hayat",
        "Kalhan Challu",
        "Yasim Murtaza",
        "Ateeq Iqbal",
        "Nasrulla Rana",
        "Ehsan Khan",
        "A Shukla",
        "Waqas Barkat"
      ],
      "Nepal": [
        "RK Paudel",
        "Aasif Sheikh",
        "K Bhurtel",
        "DS Airee",
        "Basir Ahamad",
        "Kushal Malla",
        "Sompal Kami",
        "Gulsan Jha",
        "R Dhakal",
        "LN Rajbanshi",
        "NK Yadav"
      ]
    },
    "registry": {
      "people": {
        "A Shukla": "a1e80d06",
        "Aasif Sheikh": "dcbea954",
        "Anshuman Rath": "552b228c",
        "Ateeq Iqbal": "29b322c7",
        "Babar Hayat": "fbb657bb",
        "Basir Ahamad": "218c7eab",
        "DS Airee": "1747ea18",
        "Ehsan Khan": "d3851cd8",
        "G Sankaranarayanan": "a4a348f9",
        "Gulsan Jha": "9811e35e",
        "H Tukrul": "a2880cb1",
        "K Bhurtel": "e3386c8a",
        "Kalhan Challu": "cc6b0cda",
        "Kushal Malla": "7e9f1cde",
        "LN Rajbanshi": "6ad2d5f7",
        "NK Yadav": "737e595d",
        "Nasrulla Rana": "9ffb7550",
        "Nizakat Khan": "e3eb9e46",
        "R Dhakal": "8399a7af",
        "RK Paudel": "1a3cc554",
        "SJ D'Cruz": "ed62962b",
        "Sompal Kami": "1adb8ee8",
        "Tabarak Dar": "2259c12d",
        "Waqas Barkat": "a2eac9df",
        "Yasim Murtaza": "c9d05f1a",
        "Zeeshan Ali": "987187b9"
      }
    },
    "season": "2025",
    "team_type": "international",
    "teams": [
      "Hong Kong",
      "Nepal"
    ],
    "toss": {
      "decision": "field",
      "winner": "Nepal"
    },
    "venue": "Mission Road Ground, Mong Kok, Hong Kong"
  },
  "innings": [
    {
      "team": "Hong Kong",
      "overs": [
        {
          "over": 0,
          "deliveries": [
            {
              "batter": "Zeeshan Ali",
              "bowler": "R Dhakal",
              "non_striker": "Anshuman Rath",
              "runs": {
                "batter": 0,
                "extras": 0,
                "total": 0
              }
            },
            {
              "batter": "Zeeshan Ali",
              "bowler": "R Dhakal",
              "non_striker": "Anshuman Rath",
              "runs": {
                "batter": 2,
                "extras": 0,
                "total": 2
              }
            },
            {
              "batter": "Zeeshan Ali",
              "bowler": "R Dhakal",
              "non_striker": "Anshuman Rath",
              "runs": {
                "batter": 1,
                "extras": 0,
                "total": 1
              }
            },
            {
              "batter": "Anshuman Rath",
              "bowler": "R Dhakal",
              "non_striker": "Zeeshan Ali",
              "runs": {
                "batter": 0,
                "extras": 0,
                "total": 0
              }
            },
            {
              "batter": "Anshuman Rath",
              "bowler": "R Dhakal",
              "extras": {
                "legbyes": 1
              },
              "non_striker": "Zeeshan Ali",
              "runs": {
                "batter": 0,
                "extras": 1,
                "total": 1
              }
            },
            {
              "batter": "Zeeshan Ali",
              "bowler": "R Dhakal",
              "non_striker": "Anshuman Rath",
              "runs": {
                "batter": 0,
                "extras": 0,
                "total": 0
              }
            }
          ]
        },
        {
          "over": 1,
          "deliveries": [
            {
              "batter": "Anshuman Rath",
              "bowler": "Sompal Kami",
              "non_striker": "Zeeshan Ali",
              "runs": {
                "batter": 0,
                "extras": 0,
                "total": 0
              }
            },
            {
              "batter": "Anshuman Rath",
              "bowler": "Sompal Kami",
              "extras": {
                "wides": 1
              },
              "non_striker": "Zeeshan Ali",
              "runs": {
                "batter": 0,
                "extras": 1,
                "total": 1
              }
            },
            {
              "batter": "Anshuman Rath",
              "bowler": "Sompal Kami",
              "non_striker": "Zeeshan Ali",
              "runs": {
                "batter": 0,
                "extras": 0,
                "total": 0
              }
            },
            {
              "batter": "Anshuman Rath",
              "bowler": "Sompal Kami",
              "non_striker": "Zeeshan Ali",
              "runs": {
                "batter": 4,
                "extras": 0,
                "total": 4
              }
            },
            {
              "batter": "Anshuman Rath",
              "bowler": "Sompal Kami",
              "extras": {
                "wides": 1
              },
              "non_striker": "Zeeshan Ali",
              "runs": {
                "batter": 0,
                "extras": 1,
                "total": 1
              }
            },
            {
              "batter": "Anshuman Rath",
              "bowler": "Sompal Kami",
              "non_striker": "Zeeshan Ali",
              "runs": {
                "batter": 0,
                "extras": 0,
                "total": 0
              }
            },
            {
              "batter": "Anshuman Rath",
              "bowler": "Sompal Kami",
              "extras": {
                "wides": 1
              },
              "non_striker": "Zeeshan Ali",
              "runs": {
                "batter": 0,
                "extras": 1,
                "total": 1
              }
            },
            {
              "batter": "Anshuman Rath",
              "bowler": "Sompal Kami",
              "non_striker": "Zeeshan Ali",
              "runs": {
                "batter": 0,
                "extras": 0,
                "total": 0
              }
            },
            {
              "batter": "Anshuman Rath",
              "bowler": "Sompal Kami",
              "non_striker": "Zeeshan Ali",
              "runs": {
                "batter": 2,
                "extras": 0,
                "total": 2
              }
            }
          ]
        },
        {
          "over": 2,
          "deliveries": [
            {
              "batter": "Zeeshan Ali",
              "bowler": "R Dhakal",
              "non_striker": "Anshuman Rath",
              "runs": {
                "batter": 0,
                "extras": 0,
                "total": 0
              }
            },
            {
              "batter": "Zeeshan Ali",
              "bowler": "R Dhakal",
              "non_striker": "Anshuman Rath",
              "runs": {
                "batter": 4,
                "extras": 0,
                "total": 4
              }
            },
            {
              "batter": "Zeeshan Ali",
              "bowler": "R Dhakal",
              "non_striker": "Anshuman Rath",
              "runs": {
                "batter": 4,
                "extras": 0,
                "total": 4
              }
            },
            {
              "batter": "Zeeshan Ali",
              "bowler": "R Dhakal",
              "non_striker": "Anshuman Rath",
              "runs": {
                "batter": 0,
                "extras": 0,
                "total": 0
              }
            },
            {
              "batter": "Zeeshan Ali",
              "bowler": "R Dhakal",
              "extras": {
                "legbyes": 1
              },
              "non_striker": "Anshuman Rath",
              "runs": {
                "batter": 0,
                "extras": 1,
                "total": 1
              }
            },
            {
              "batter": "Anshuman Rath",
              "bowler": "R Dhakal",
              "non_striker": "Zeeshan Ali",
              "runs": {
                "batter": 4,
                "extras": 0,
                "total": 4
              }
            }
          ]
        },
        {
          "over": 3,
          "deliveries": [
            {
              "batter": "Zeeshan Ali",
              "bowler": "NK Yadav",
              "non_striker": "Anshuman Rath",
              "runs": {
                "batter": 1,
                "extras": 0,
                "total": 1
              }
            },
            {
              "batter": "Anshuman Rath",
              "bowler": "NK Yadav",
              "non_striker": "Zeeshan Ali",
              "runs": {
                "batter": 1,
                "extras": 0,
                "total": 1
              }
            },
            {
              "batter": "Zeeshan Ali",
              "bowler": "NK Yadav",
              "extras": {
                "wides": 1
              },
              "non_striker": "Anshuman Rath",
              "runs": {
                "batter": 0,
                "extras": 1,
                "total": 1
              }
            },
            {
              "batter": "Zeeshan Ali",
              "bowler": "NK Yadav",
              "non_striker": "Anshuman Rath",
              "runs": {
                "batter": 1,
                "extras": 0,
                "total": 1
              }
            },
            {
              "batter": "Anshuman Rath",
              "bowler": "NK Yadav",
              "non_striker": "Zeeshan Ali",
              "runs": {
                "batter": 6,
                "extras": 0,
                "total": 6
              }
            },
            {
              "batter": "Anshuman Rath",
              "bowler": "NK Yadav",
              "non_striker": "Zeeshan Ali",
              "runs": {
                "batter": 0,
                "extras": 0,
                "total": 0
              },
              "wickets": [
                {
                  "player_out": "Anshuman Rath",
                  "fielders": [
                    {
                      "name": "R Dhakal"
                    }
                  ],
                  "kind": "caught"
                }
              ]
            },
            {
              "batter": "Nizakat Khan",
              "bowler": "NK Yadav",
              "non_striker": "Zeeshan Ali",
              "runs": {
                "batter": 0,
                "extras": 0,
                "total": 0
              }
            }
          ]
        },
        {
          "over": 4,
          "deliveries": [
            {
              "batter": "Zeeshan Ali",
              "bowler": "LN Rajbanshi",
              "non_striker": "Nizakat Khan",
              "runs": {
                "batter": 1,
                "extras": 0,
                "total": 1
              }
            },
            {
              "batter": "Nizakat Khan",
              "bowler": "LN Rajbanshi",
              "non_striker": "Zeeshan Ali",
              "runs": {
                "batter": 6,
                "extras": 0,
                "total": 6
              }
            },
            {
              "batter": "Nizakat Khan",
              "bowler": "LN Rajbanshi",
              "non_striker": "Zeeshan Ali",
              "runs": {
                "batter": 0,
                "extras": 0,
                "total": 0
              }
            },
            {
              "batter": "Nizakat Khan",
              "bowler": "LN Rajbanshi",
              "non_striker": "Zeeshan Ali",
              "runs": {
                "batter": 0,
                "extras": 0,
                "total": 0
              }
            },
            {
              "batter": "Nizakat Khan",
              "bowler": "LN Rajbanshi",
              "non_striker": "Zeeshan Ali",
              "runs": {
                "batter": 1,
                "extras": 0,
                "total": 1
              }
            },
            {
              "batter": "Zeeshan Ali",
              "bowler": "LN Rajbanshi",
              "non_striker": "Nizakat Khan",
              "runs": {
                "batter": 1,
                "extras": 0,
                "total": 1
              }
            }
          ]
        },
        {
          "over": 5,
          "deliveries": [
            {
              "batter": "Zeeshan Ali",
              "bowler": "NK Yadav",
              "non_striker": "Nizakat Khan",
              "runs": {
                "batter": 6,
                "extras": 0,
                "total": 6
              }
            },
            {
              "batter": "Zeeshan Ali",
              "bowler": "NK Yadav",
              "non_striker": "Nizakat Khan",
              "runs": {
                "batter": 1,
                "extras": 0,
                "total": 1
              }
            },
            {
              "batter": "Nizakat Khan",
              "bowler": "NK Yadav",
              "non_striker": "Zeeshan Ali",
              "runs": {
                "batter": 2,
                "extras": 0,
                "total": 2
              }
            },
            {
              "batter": "Nizakat Khan",
              "bowler": "NK Yadav",
              "non_striker": "Zeeshan Ali",
              "runs": {
                "batter": 0,
                "extras": 0,
                "total": 0
              }
            },
            {
              "batter": "Nizakat Khan",
              "bowler": "NK Yadav",
              "non_striker": "Zeeshan Ali",
              "runs": {
                "batter": 0,
                "extras": 0,
                "total": 0
              }
            },
            {
              "batter": "Nizakat Khan",
              "bowler": "NK Yadav",
              "non_striker": "Zeeshan Ali",
              "runs": {
                "batter": 0,
                "extras": 0,
                "total": 0
              }
            }
          ]
        },
        {
          "over": 6,
          "deliveries": [
            {
              "batter": "Zeeshan Ali",
              "bowler": "LN Rajbanshi",
              "non_striker": "Nizakat Khan",
              "runs": {
                "batter": 1,
                "extras": 0,
                "total": 1
              }
            },
            {
              "batter": "Nizakat Khan",
              "bowler": "LN Rajbanshi",
              "non_striker": "Zeeshan Ali",
              "runs": {
                "batter": 0,
                "extras": 0,
                "total": 0
              }
            },
            {
              "batter": "Nizakat Khan",
              "bowler": "LN Rajbanshi",
              "non_striker": "Zeeshan Ali",
              "runs": {
                "batter": 1,
                "extras": 0,
                "total": 1
              }
            },
            {
              "batter": "Zeeshan Ali",
              "bowler": "LN Rajbanshi",
              "non_striker": "Nizakat Khan",
              "runs": {
                "batter": 1,
                "extras": 0,
                "total": 1
              }
            },
            {
              "batter": "Nizakat Khan",
              "bowler": "LN Rajbanshi",
              "non_striker": "Zeeshan Ali",
              "runs": {
                "batter": 1,
                "extras": 0,
                "total": 1
              }
            },
            {
              "batter": "Zeeshan Ali",
              "bowler": "LN Rajbanshi",
              "non_striker": "Nizakat Khan",
              "runs": {
                "batter": 4,
                "extras": 0,
                "total": 4
              }
            }
          ]
        },
        {
          "over": 7,
          "deliveries": [
            {
              "batter": "Nizakat Khan",
              "bowler": "K Bhurtel",
              "non_striker": "Zeeshan Ali",
              "runs": {
                "batter": 1,
                "extras": 0,
                "total": 1
              }
            },
            {
              "batter": "Zeeshan Ali",
              "bowler": "K Bhurtel",
              "non_striker": "Nizakat Khan",
              "runs": {
                "batter": 0,
                "extras": 0,
                "total": 0
              }
            },
            {
              "batter": "Zeeshan Ali",
              "bowler": "K Bhurtel",
              "non_striker": "Nizakat Khan",
              "runs": {
                "batter": 1,
                "extras": 0,
                "total": 1
              }
            },
            {
              "batter": "Nizakat Khan",
              "bowler": "K Bhurtel",
              "non_striker": "Zeeshan Ali",
              "runs": {
                "batter": 0,
                "extras": 0,
                "total": 0
              }
            },
            {
              "batter": "Nizakat Khan",
              "bowler": "K Bhurtel",
              "non_striker": "Zeeshan Ali",
              "runs": {
                "batter": 1,
                "extras": 0,
                "total": 1
              }
            },
            {
              "batter": "Zeeshan Ali",
              "bowler": "K Bhurtel",
              "non_striker": "Nizakat Khan",
              "runs": {
                "batter": 1,
                "extras": 0,
                "total": 1
              }
            }
          ]
        },
        {
          "over": 8,
          "deliveries": [
            {
              "batter": "Zeeshan Ali",
              "bowler": "LN Rajbanshi",
              "non_striker": "Nizakat Khan",
              "runs": {
                "batter": 0,
                "extras": 0,
                "total": 0
              },
              "wickets": [
                {
                  "player_out": "Zeeshan Ali",
                  "fielders": [
                    {
                      "name": "RK Paudel"
                    }
                  ],
                  "kind": "caught"
                }
              ]
            },
            {
              "batter": "Babar Hayat",
              "bowler": "LN Rajbanshi",
              "non_striker": "Nizakat Khan",
              "runs": {
                "batter": 1,
                "extras": 0,
                "total": 1
              }
            },
            {
              "batter": "Nizakat Khan",
              "bowler": "LN Rajbanshi",
              "non_striker": "Babar Hayat",
              "runs": {
                "batter": 0,
                "extras": 0,
                "total": 0
              },
              "wickets": [
                {
                  "player_out": "Nizakat Khan",
                  "fielders": [
                    {
                      "name": "RK Paudel"
                    }
                  ],
                  "kind": "caught"
                }
              ]
            },
            {
              "batter": "Kalhan Challu",
              "bowler": "LN Rajbanshi",
              "non_striker": "Babar Hayat",
              "runs": {
                "batter": 1,
                "extras": 0,
                "total": 1
              }
            },
            {
              "batter": "Babar Hayat",
              "bowler": "LN Rajbanshi",
              "non_striker": "Kalhan Challu",
              "runs": {
                "batter": 0,
                "extras": 0,
                "total": 0
              }
            },
            {
              "batter": "Babar Hayat",
              "bowler": "LN Rajbanshi",
              "non_striker": "Kalhan Challu",
              "runs": {
                "batter": 0,
                "extras": 0,
                "total": 0
              }
            }
          ]
        }
      ],
      "powerplays": [
        {
          "from": 0.1,
          "to": 5.6,
          "type": "mandatory"
        }
      ]
    }
  ]
}