{
  "meta": {
    "data_version": "1.1.0",
    "created": "2025-04-14",
    "revision": 1
  },
  "info": {
    "balls_per_over": 6,
    "city": "Mong Kok",
    "dates": [
      "2025-04-13"
    ],
    "event": {
      "name": "Quadrangular Twenty20 Series (Hong Kong)",
      "stage": "3rd Place Play-Off"
    },
    "gender": "male",
    "match_type": "T20",
    "match_type_number": 3138,
    "officials": {
      "match_referees": [
        "G Sankaranarayanan"
      ],
      "reserve_umpires": [
        "Tabarak Dar"
      ],
      "umpires": [
        "John Prakash",
        "SJ D'Cruz"
      ]
    },
    "outcome": {
      "winner": "Hong Kong",
      "by": {
        "runs": 1
      }
    },
    "overs": 20,
    "player_of_match": [
      "Anshuman Rath"
    ],
    "players": {
      "Hong Kong": [
        "Zeeshan Ali",
        "Anshuman Rath",
        "Nizakat Khan",
        "Babar Hayat",
        "Yasim Murtaza",
        "Shahid Wasif",
        "Waqas Barkat",
        "Nasrulla Rana",
        "Ateeq Iqbal",
        "Ehsan Khan",
        "A Shukla"
      ],
      "Qatar": [
        "A Nagarajan",
        "R Theruvath",
        "Ikramullah Khan",
        "Shahzaib Jamil",
        "Mujeeb-ur-Rehman",
        "Jassim Khan",
        "Mohammed Irshad",
        "Bukhar Illikkal",
        "Mohammad Abrar",
        "Bipin Kumar",
        "Muhammad Jabir"
      ]
    },
    "registry": {
      "people": {
        "A Nagarajan": "856dcfa8",
        "A Shukla": "a1e80d06",
        "Anshuman Rath": "552b228c",
        "Ateeq Iqbal": "29b322c7",
        "Babar Hayat": "fbb657bb",
        "Bipin Kumar": "c821e504",
        "Bukhar Illikkal": "f4a2d087",
        "Ehsan Khan": "d3851cd8",
        "G Sankaranarayanan": "a4a348f9",
        "Ikramullah Khan": "c6e1354c",
        "Jassim Khan": "67e36e53",
        "John Prakash": "b5f3d429",
        "Mohammad Abrar": "5923eebb",
        "Mohammed Irshad": "1a54d618",
        "Muhammad Jabir": "b67af1c4",
        "Mujeeb-ur-Rehman": "1a8f879b",
        "Nasrulla Rana": "9ffb7550",
        "Nizakat Khan": "e3eb9e46",
        "R Theruvath": "eb6d1f4d",
        "SJ D'Cruz": "ed62962b",
        "Shahid Wasif": "2cc08c3c",
        "Shahzaib Jamil": "fbb6d1a7",
        "Tabarak Dar": "2259c12d",
        "Waqas Barkat": "a2eac9df",
        "Yasim Murtaza": "c9d05f1a",
        "Zeeshan Ali": "987187b9"
      }
    },
    "season": "2025",
    "team_type": "international",
    "teams": [
      "Hong Kong",
      "Qatar"
    ],
    "toss": {
      "decision": "field",
      "winner": "Qatar"
    },
    "venue": "Mission Road Ground, Mong Kok, Hong Kong"
  },
  "innings": [
    {
      "team": "Hong Kong",
      "overs": [
        {
          "over": 0,
          "deliveries": [
            {
              "batter": "Zeeshan Ali",
              "bowler": "Bipin Kumar",
              "non_striker": "Anshuman Rath",
              "runs": {
                "batter": 1,
                "extras": 0,
                "total": 1
              }
            },
            {
              "batter": "Anshuman Rath",
              "bowler": "Bipin Kumar",
              "non_striker": "Zeeshan Ali",
              "runs": {
                "batter": 1,
                "extras": 0,
                "total": 1
              }
            },
            {
              "batter": "Zeeshan Ali",
              "bowler": "Bipin Kumar",
              "non_striker": "Anshuman Rath",
              "runs": {
                "batter": 1,
                "extras": 0,
                "total": 1
              }
            },
            {
              "batter": "Anshuman Rath",
              "bowler": "Bipin Kumar",
              "non_striker": "Zeeshan Ali",
              "runs": {
                "batter": 1,
                "extras": 0,
                "total": 1
              }
            },
            {
              "batter": "Zeeshan Ali",
              "bowler": "Bipin Kumar",
              "non_striker": "Anshuman Rath",
              "runs": {
                "batter": 0,
                "extras": 0,
                "total": 0
              }
            },
            {
              "batter": "Zeeshan Ali",
              "bowler": "Bipin Kumar",
              "non_striker": "Anshuman Rath",
              "runs": {
                "batter": 0,
                "extras": 0,
                "total": 0
              }
            }
          ]
        },
        {
          "over": 1,
          "deliveries": [
            {
              "batter": "Anshuman Rath",
              "bowler": "Muhammad Jabir",
              "non_striker": "Zeeshan Ali",
              "runs": {
                "batter": 1,
                "extras": 0,
                "total": 1
              }
            },
            {
              "batter": "Zeeshan Ali",
              "bowler": "Muhammad Jabir",
              "non_striker": "Anshuman Rath",
              "runs": {
                "batter": 1,
                "extras": 0,
                "total": 1
              }
            },
            {
              "batter": "Anshuman Rath",
              "bowler": "Muhammad Jabir",
              "non_striker": "Zeeshan Ali",
              "runs": {
                "batter": 0,
                "extras": 0,
                "total": 0
              }
            },
            {
              "batter": "Anshuman Rath",
              "bowler": "Muhammad Jabir",
              "non_striker": "Zeeshan Ali",
              "runs": {
                "batter": 1,
                "extras": 0,
                "total": 1
              }
            },
            {
              "batter": "Zeeshan Ali",
              "bowler": "Muhammad Jabir",
              "non_striker": "Anshuman Rath",
              "runs": {
                "batter": 4,
                "extras": 0,
                "total": 4
              }
            },
            {
              "batter": "Zeeshan Ali",
              "bowler": "Muhammad Jabir",
              "non_striker": "Anshuman Rath",
              "runs": {
                "batter": 0,
                "extras": 0,
                "total": 0
              }
            }
          ]
        },
        {
          "over": 2,
          "deliveries": [
            {
              "batter": "Anshuman Rath",
              "bowler": "Bipin Kumar",
              "non_striker": "Zeeshan Ali",
              "runs": {
                "batter": 0,
                "extras": 0,
                "total": 0
              }
            },
            {
              "batter": "Anshuman Rath",
              "bowler": "Bipin Kumar",
              "non_striker": "Zeeshan Ali",
              "runs": {
                "batter": 0,
                "extras": 0,
                "total": 0
              }
            },
            {
              "batter": "Anshuman Rath",
              "bowler": "Bipin Kumar",
              "non_striker": "Zeeshan Ali",
              "runs": {
                "batter": 4,
                "extras": 0,
                "total": 4
              }
            },
            {
              "batter": "Anshuman Rath",
              "bowler": "Bipin Kumar",
              "non_striker": "Zeeshan Ali",
              "runs": {
                "batter": 1,
                "extras": 0,
                "total": 1
              }
            },
            {
              "batter": "Zeeshan Ali",
              "bowler": "Bipin Kumar",
              "non_striker": "Anshuman Rath",
              "runs": {
                "batter": 4,
                "extras": 0,
                "total": 4
              }
            },
            {
              "batter": "Zeeshan Ali",
              "bowler": "Bipin Kumar",
              "non_striker": "Anshuman Rath",
              "runs": {
                "batter": 2,
                "extras": 0,
                "total": 2
              }
            }
          ]
        },
        {
          "over": 3,
          "deliveries": [
            {
              "batter": "Anshuman Rath",
              "bowler": "Muhammad Jabir",
              "non_striker": "Zeeshan Ali",
              "runs": {
                "batter": 3,
                "extras": 0,
                "total": 3
              }
            },
            {
              "batter": "Zeeshan Ali",
              "bowler": "Muhammad Jabir",
              "non_striker": "Anshuman Rath",
              "runs": {
                "batter": 0,
                "extras": 0,
                "total": 0
              }
            },
            {
              "batter": "Zeeshan Ali",
              "bowler": "Muhammad Jabir",
              "non_striker": "Anshuman Rath",
              "runs": {
                "batter": 0,
                "extras": 0,
                "total": 0
              },
              "wickets": [
                {
                  "player_out": "Zeeshan Ali",
                  "fielders": [
                    {
                      "name": "Jassim Khan"
                    }
                  ],
                  "kind": "caught"
                }
              ]
            },
            {
              "batter": "Nizakat Khan",
              "bowler": "Muhammad Jabir",
              "non_striker": "Anshuman Rath",
              "runs": {
                "batter": 1,
                "extras": 0,
                "total": 1
              }
            },
            {
              "batter": "Anshuman Rath",
              "bowler": "Muhammad Jabir",
              "non_striker": "Nizakat Khan",
              "runs": {
                "batter": 1,
                "extras": 0,
                "total": 1
              }
            },
            {
              "batter": "Nizakat Khan",
              "bowler": "Muhammad Jabir",
              "non_striker": "Anshuman Rath",
              "runs": {
                "batter": 0,
                "extras": 0,
                "total": 0
              }
            }
          ]
        },
        {
          "over": 4,
          "deliveries": [
            {
              "batter": "Anshuman Rath",
              "bowler": "Ikramullah Khan",
              "non_striker": "Nizakat Khan",
              "runs": {
                "batter": 0,
                "extras": 0,
                "total": 0
              }
            },
            {
              "batter": "Anshuman Rath",
              "bowler": "Ikramullah Khan",
              "non_striker": "Nizakat Khan",
              "runs": {
                "batter": 0,
                "extras": 0,
                "total": 0
              }
            },
            {
              "batter": "Anshuman Rath",
              "bowler": "Ikramullah Khan",
              "non_striker": "Nizakat Khan",
              "runs": {
                "batter": 1,
                "extras": 0,
                "total": 1
              }
            },
            {
              "batter": "Nizakat Khan",
              "bowler": "Ikramullah Khan",
              "non_striker": "Anshuman Rath",
              "runs": {
                "batter": 0,
                "extras": 0,
                "total": 0
              }
            },
            {
              "batter": "Nizakat Khan",
              "bowler": "Ikramullah Khan",
              "non_striker": "Anshuman Rath",
              "runs": {
                "batter": 0,
                "extras": 0,
                "total": 0
              }
            },
            {
              "batter": "Nizakat Khan",
              "bowler": "Ikramullah Khan",
              "non_striker": "Anshuman Rath",
              "runs": {
                "batter": 4,
                "extras": 0,
                "total": 4
              }
            }
          ]
        },
        {
          "over": 5,
          "deliveries": [
            {
              "batter": "Anshuman Rath",
              "bowler": "Muhammad Jabir",
              "non_striker": "Nizakat Khan",
              "runs": {
                "batter": 4,
                "extras": 0,
                "total": 4
              }
            },
            {
              "batter": "Anshuman Rath",
              "bowler": "Muhammad Jabir",
              "non_striker": "Nizakat Khan",
              "runs": {
                "batter": 0,
                "extras": 0,
                "total": 0
              }
            },
            {
              "batter": "Anshuman Rath",
              "bowler": "Muhammad Jabir",
              "extras": {
                "wides": 1
              },
              "non_striker": "Nizakat Khan",
              "runs": {
                "batter": 0,
                "extras": 1,
                "total": 1
              }
            },
            {
              "batter": "Anshuman Rath",
              "bowler": "Muhammad Jabir",
              "non_striker": "Nizakat Khan",
              "runs": {
                "batter": 4,
                "extras": 0,
                "total": 4
              }
            },
            {
              "batter": "Anshuman Rath",
              "bowler": "Muhammad Jabir",
              "non_striker": "Nizakat Khan",
              "runs": {
                "batter": 1,
                "extras": 0,
                "total": 1
              }
            },
            {
              "batter": "Nizakat Khan",
              "bowler": "Muhammad Jabir",
              "non_striker": "Anshuman Rath",
              "runs": {
                "batter": 0,
                "extras": 0,
                "total": 0
              }
            },
            {
              "batter": "Nizakat Khan",
              "bowler": "Muhammad Jabir",
              "non_striker": "Anshuman Rath",
              "runs": {
                "batter": 1,
                "extras": 0,
                "total": 1
              }
            }
          ]
        },
        {
          "over": 6,
          "deliveries": [
            {
              "batter": "Nizakat Khan",
              "bowler": "Ikramullah Khan",
              "non_striker": "Anshuman Rath",
              "runs": {
                "batter": 1,
                "extras": 0,
                "total": 1
              }
            },
            {
              "batter": "Anshuman Rath",
              "bowler": "Ikramullah Khan",
              "non_striker": "Nizakat Khan",
              "runs": {
                "batter": 1,
                "extras": 0,
                "total": 1
              }
            },
            {
              "batter": "Nizakat Khan",
              "bowler": "Ikramullah Khan",
              "non_striker": "Anshuman Rath",
              "runs": {
                "batter": 1,
                "extras": 0,
                "total": 1
              }
            },
            {
              "batter": "Anshuman Rath",
              "bowler": "Ikramullah Khan",
              "extras": {
                "wides": 5
              },
              "non_striker": "Nizakat Khan",
              "runs": {
                "batter": 0,
                "extras": 5,
                "total": 5
              }
            },
            {
              "batter": "Anshuman Rath",
              "bowler": "Ikramullah Khan",
              "non_striker": "Nizakat Khan",
              "runs": {
                "batter": 2,
                "extras": 0,
                "total": 2
              }
            },
            {
              "batter": "Anshuman Rath",
              "bowler": "Ikramullah Khan",
              "non_striker": "Nizakat Khan",
              "runs": {
                "batter": 1,
                "extras": 0,
                "total": 1
              }
            },
            {
              "batter": "Nizakat Khan",
              "bowler": "Ikramullah Khan",
              "non_striker": "Anshuman Rath",
              "runs": {
                "batter": 1,
                "extras": 0,
                "total": 1
              }
            }
          ]
        },
        {
          "over": 7,
          "deliveries": [
            {
              "batter": "Nizakat Khan",
              "bowler": "Mujeeb-ur-Rehman",
              "non_striker": "Anshuman Rath",
              "runs": {
                "batter": 1,
                "extras": 0,
                "total": 1
              }
            },
            {
              "batter": "Anshuman Rath",
              "bowler": "Mujeeb-ur-Rehman",
              "non_striker": "Nizakat Khan",
              "runs": {
                "batter": 2,
                "extras": 0,
                "total": 2
              }
            },
            {
              "batter": "Anshuman Rath",
              "bowler": "Mujeeb-ur-Rehman",
              "non_striker": "Nizakat Khan",
              "runs": {
                "batter": 0,
                "extras": 0,
                "total": 0
              }
            },
            {
              "batter": "Anshuman Rath",
              "bowler": "Mujeeb-ur-Rehman",
              "non_striker": "Nizakat Khan",
              "runs": {
                "batter": 1,
                "extras": 0,
                "total": 1
              }
            },
            {
              "batter": "Nizakat Khan",
              "bowler": "Mujeeb-ur-Rehman",
              "non_striker": "Anshuman Rath",
              "runs": {
                "batter": 1,
                "extras": 0,
                "total": 1
              }
            },
            {
              "batter": "Anshuman Rath",
              "bowler": "Mujeeb-ur-Rehman",
              "non_striker": "Nizakat Khan",
              "runs": {
                "batter": 1,
                "extras": 0,
                "total": 1
              }
            }
          ]
        },
        {
          "over": 8,
          "deliveries": [
            {
              "batter": "Anshuman Rath",
              "bowler": "A Nagarajan",
              "non_striker": "Nizakat Khan",
              "runs": {
                "batter": 4,
                "extras": 0,
                "total": 4
              }
            },
            {
              "batter": "Anshuman Rath",
              "bowler": "A Nagarajan",
              "non_striker": "Nizakat Khan",
              "runs": {
                "batter": 1,
                "extras": 0,
                "total": 1
              }
            },
            {
              "batter": "Nizakat Khan",
              "bowler": "A Nagarajan",
              "non_striker": "Anshuman Rath",
              "runs": {
                "batter": 1,
                "extras": 0,
                "total": 1
              }
            },
            {
              "batter": "Anshuman Rath",
              "bowler": "A Nagarajan",
              "non_striker": "Nizakat Khan",
              "runs": {
                "batter": 1,
                "extras": 0,
                "total": 1
              }
            },
            {
              "batter": "Nizakat Khan",
              "bowler": "A Nagarajan",
              "non_striker": "Anshuman Rath",
              "runs": {
                "batter": 0,
                "extras": 0,
                "total": 0
              }
            },
            {
              "batter": "Nizakat Khan",
              "bowler": "A Nagarajan",
              "non_striker": "Anshuman Rath",
              "runs": {
                "batter": 0,
                "extras": 0,
                "total": 0
              }
            }
          ]
        },
        {
          "over": 9,
          "deliveries": [
            {
              "batter": "Anshuman Rath",
              "bowler": "Mujeeb-ur-Rehman",
              "non_striker": "Nizakat Khan",
              "runs": {
                "batter": 4,
                "extras": 0,
                "total": 4
              }
            },
            {
              "batter": "Anshuman Rath",
              "bowler": "Mujeeb-ur-Rehman",
              "non_striker": "Nizakat Khan",
              "runs": {
                "batter": 1,
                "extras": 0,
                "total": 1
              }
            },
            {
              "batter": "Nizakat Khan",
              "bowler": "Mujeeb-ur-Rehman",
              "non_striker": "Anshuman Rath",
              "runs": {
                "batter": 0,
                "extras": 0,
                "total": 0
              }
            },
            {
              "batter": "Nizakat Khan",
              "bowler": "Mujeeb-ur-Rehman",
              "non_striker": "Anshuman Rath",
              "runs": {
                "batter": 1,
                "extras": 0,
                "total": 1
              }
            },
            {
              "batter": "Anshuman Rath",
              "bowler": "Mujeeb-ur-Rehman",
              "non_striker": "Nizakat Khan",
              "runs": {
                "batter": 1,
                "extras": 0,
                "total": 1
              }
            },
            {
              "batter": "Nizakat Khan",
              "bowler": "Mujeeb-ur-Rehman",
              "non_striker": "Anshuman Rath",
              "runs": {
                "batter": 1,
                "extras": 0,
                "total": 1
              }
            }
          ]
        },
        {
          "over": 10,
          "deliveries": [
            {
              "batter": "Nizakat Khan",
              "bowler": "Mohammed Irshad",
              "extras": {
                "wides": 1
              },
              "non_striker": "Anshuman Rath",
              "runs": {
                "batter": 0,
                "extras": 1,
                "total": 1
              }
            },
            {
              "batter": "Nizakat Khan",
              "bowler": "Mohammed Irshad",
              "non_striker": "Anshuman Rath",
              "runs": {
                "batter": 1,
                "extras": 0,
                "total": 1
              }
            },
            {
              "batter": "Anshuman Rath",
              "bowler": "Mohammed Irshad",
              "non_striker": "Nizakat Khan",
              "runs": {
                "batter": 1,
                "extras": 0,
                "total": 1
              }
            },
            {
              "batter": "Nizakat Khan",
              "bowler": "Mohammed Irshad",
              "non_striker": "Anshuman Rath",
              "runs": {
                "batter": 2,
                "extras": 0,
                "total": 2
              }
            },
            {
              "batter": "Nizakat Khan",
              "bowler": "Mohammed Irshad",
              "extras": {
                "noballs": 1
              },
              "non_striker": "Anshuman Rath",
              "runs": {
                "batter": 0,
                "extras": 1,
                "total": 1
              }
            },
            {
              "batter": "Nizakat Khan",
              "bowler": "Mohammed Irshad",
              "non_striker": "Anshuman Rath",
              "runs": {
                "batter": 2,
                "extras": 0,
                "total": 2
              }
            },
            {
              "batter": "Nizakat Khan",
              "bowler": "Mohammed Irshad",
              "non_striker": "Anshuman Rath",
              "runs": {
                "batter": 1,
                "extras": 0,
                "total": 1
              }
            },
            {
              "batter": "Anshuman Rath",
              "bowler": "Mohammed Irshad",
              "non_striker": "Nizakat Khan",
              "runs": {
                "batter": 1,
                "extras": 0,
                "total": 1
              }
            }
          ]
        },
        {
          "over": 11,
          "deliveries": [
            {
              "batter": "Anshuman Rath",
              "bowler": "Mujeeb-ur-Rehman",
              "non_striker": "Nizakat Khan",
              "runs": {
                "batter": 6,
                "extras": 0,
                "total": 6
              }
            },
            {
              "batter": "Anshuman Rath",
              "bowler": "Mujeeb-ur-Rehman",
              "non_striker": "Nizakat Khan",
              "runs": {
                "batter": 1,
                "extras": 0,
                "total": 1
              }
            },
            {
              "batter": "Nizakat Khan",
              "bowler": "Mujeeb-ur-Rehman",
              "non_striker": "Anshuman Rath",
              "runs": {
                "batter": 6,
                "extras": 0,
                "total": 6
              }
            },
            {
              "batter": "Nizakat Khan",
              "bowler": "Mujeeb-ur-Rehman",
              "non_striker": "Anshuman Rath",
              "runs": {
                "batter": 1,
                "extras": 0,
                "total": 1
              }
            },
            {
              "batter": "Anshuman Rath",
              "bowler": "Mujeeb-ur-Rehman",
              "non_striker": "Nizakat Khan",
              "runs": {
                "batter": 6,
                "extras": 0,
                "total": 6
              }
            },
            {
              "batter": "Anshuman Rath",
              "bowler": "Mujeeb-ur-Rehman",
              "non_striker": "Nizakat Khan",
              "runs": {
                "batter": 0,
                "extras": 0,
                "total": 0
              }
            }
          ]
        },
        {
          "over": 12,
          "deliveries": [
            {
              "batter": "Nizakat Khan",
              "bowler": "Mohammed Irshad",
              "non_striker": "Anshuman Rath",
              "runs": {
                "batter": 0,
                "extras": 0,
                "total": 0
              },
              "wickets": [
                {
                  "player_out": "Nizakat Khan",
                  "fielders": [
                    {
                      "name": "Bipin Kumar"
                    }
                  ],
                  "kind": "caught"
                }
              ]
            },
            {
              "batter": "Babar Hayat",
              "bowler": "Mohammed Irshad",
              "non_striker": "Anshuman Rath",
              "runs": {
                "batter": 1,
                "extras": 0,
                "total": 1
              }
            },
            {
              "batter": "Anshuman Rath",
              "bowler": "Mohammed Irshad",
              "non_striker": "Babar Hayat",
              "runs": {
                "batter": 1,
                "extras": 0,
                "total": 1
              }
            },
            {
              "batter": "Babar Hayat",
              "bowler": "Mohammed Irshad",
              "non_striker": "Anshuman Rath",
              "runs": {
                "batter": 6,
                "extras": 0,
                "total": 6
              }
            },
            {
              "batter": "Babar Hayat",
              "bowler": "Mohammed Irshad",
              "non_striker": "Anshuman Rath",
              "runs": {
                "batter": 0,
                "extras": 0,
                "total": 0
              }
            },
            {
              "batter": "Babar Hayat",
              "bowler": "Mohammed Irshad",
              "non_striker": "Anshuman Rath",
              "runs": {
                "batter": 1,
                "extras": 0,
                "total": 1
              }
            }
          ]
        },
        {
          "over": 13,
          "deliveries": [
            {
              "batter": "Babar Hayat",
              "bowler": "Bipin Kumar",
              "non_striker": "Anshuman Rath",
              "runs": {
                "batter": 1,
                "extras": 0,
                "total": 1
              }
            },
            {
              "batter": "Anshuman Rath",
              "bowler": "Bipin Kumar",
              "extras": {
                "wides": 1
              },
              "non_striker": "Babar Hayat",
              "runs": {
                "batter": 0,
                "extras": 1,
                "total": 1
              }
            },
            {
              "batter": "Anshuman Rath",
              "bowler": "Bipin Kumar",
              "non_striker": "Babar Hayat",
              "runs": {
                "batter": 0,
                "extras": 0,
                "total": 0
              }
            },
            {
              "batter": "Anshuman Rath",
              "bowler": "Bipin Kumar",
              "non_striker": "Babar Hayat",
              "runs": {
                "batter": 4,
                "extras": 0,
                "total": 4
              }
            },
            {
              "batter": "Anshuman Rath",
              "bowler": "Bipin Kumar",
              "non_striker": "Babar Hayat",
              "runs": {
                "batter": 1,
                "extras": 0,
                "total": 1
              }
            },
            {
              "batter": "Babar Hayat",
              "bowler": "Bipin Kumar",
              "non_striker": "Anshuman Rath",
              "runs": {
                "batter": 1,
                "extras": 0,
                "total": 1
              }
            },
            {
              "batter": "Anshuman Rath",
              "bowler": "Bipin Kumar",
              "non_striker": "Babar Hayat",
              "runs": {
                "batter": 4,
                "extras": 0,
                "total": 4
              }
            }
          ]
        },
        {
          "over": 14,
          "deliveries": [
            {
              "batter": "Babar Hayat",
              "bowler": "Mohammed Irshad",
              "non_striker": "Anshuman Rath",
              "runs": {
                "batter": 1,
                "extras": 0,
                "total": 1
              }
            },
            {
              "batter": "Anshuman Rath",
              "bowler": "Mohammed Irshad",
              "extras": {
                "wides": 1
              },
              "non_striker": "Babar Hayat",
              "runs": {
                "batter": 0,
                "extras": 1,
                "total": 1
              }
            },
            {
              "batter": "Anshuman Rath",
              "bowler": "Mohammed Irshad",
              "extras": {
                "wides": 1
              },
              "non_striker": "Babar Hayat",
              "runs": {
                "batter": 0,
                "extras": 1,
                "total": 1
              }
            },
            {
              "batter": "Anshuman Rath",
              "bowler": "Mohammed Irshad",
              "non_striker": "Babar Hayat",
              "runs": {
                "batter": 1,
                "extras": 0,
                "total": 1
              }
            },
            {
              "batter": "Babar Hayat",
              "bowler": "Mohammed Irshad",
              "extras": {
                "noballs": 1
              },
              "non_striker": "Anshuman Rath",
              "runs": {
                "batter": 4,
                "extras": 1,
                "total": 5
              }
            },
            {
              "batter": "Babar Hayat",
              "bowler": "Mohammed Irshad",
              "non_striker": "Anshuman Rath",
              "runs": {
                "batter": 1,
                "extras": 0,
                "total": 1
              }
            },
            {
              "batter": "Anshuman Rath",
              "bowler": "Mohammed Irshad",
              "extras": {
                "wides": 1
              },
              "non_striker": "Babar Hayat",
              "runs": {
                "batter": 0,
                "extras": 1,
                "total": 1
              }
            },
            {
              "batter": "Anshuman Rath",
              "bowler": "Mohammed Irshad",
              "extras": {
                "legbyes": 1
              },
              "non_striker": "Babar Hayat",
              "runs": {
                "batter": 0,
                "extras": 1,
                "total": 1
              }
            },
            {
              "batter": "Babar Hayat",
              "bowler": "Mohammed Irshad",
              "non_striker": "Anshuman Rath",
              "runs": {
                "batter": 1,
                "extras": 0,
                "total": 1
              }
            },
            {
              "batter": "Anshuman Rath",
              "bowler": "Mohammed Irshad",
              "non_striker": "Babar Hayat",
              "runs": {
                "batter": 1,
                "extras": 0,
                "total": 1
              }
            }
          ]
        },
        {
          "over": 15,
          "deliveries": [
            {
              "batter": "Anshuman Rath",
              "bowler": "Ikramullah Khan",
              "non_striker": "Babar Hayat",
              "runs": {
                "batter": 0,
                "extras": 0,
                "total": 0
              }
            },
            {
              "batter": "Anshuman Rath",
              "bowler": "Ikramullah Khan",
              "non_striker": "Babar Hayat",
              "runs": {
                "batter": 4,
                "extras": 0,
                "total": 4
              }
            },
            {
              "batter": "Anshuman Rath",
              "bowler": "Ikramullah Khan",
              "non_striker": "Babar Hayat",
              "runs": {
                "batter": 6,
                "extras": 0,
                "total": 6
              }
            },
            {
              "batter": "Anshuman Rath",
              "bowler": "Ikramullah Khan",
              "non_striker": "Babar Hayat",
              "runs": {
                "batter": 4,
                "extras": 0,
                "total": 4
              }
            },
            {
              "batter": "Anshuman Rath",
              "bowler": "Ikramullah Khan",
              "non_striker": "Babar Hayat",
              "runs": {
                "batter": 4,
                "extras": 0,
                "total": 4
              }
            },
            {
              "batter": "Anshuman Rath",
              "bowler": "Ikramullah Khan",
              "non_striker": "Babar Hayat",
              "runs": {
                "batter": 1,
                "extras": 0,
                "total": 1
              }
            }
          ]
        },
        {
          "over": 16,
          "deliveries": [
            {
              "batter": "Anshuman Rath",
              "bowler": "Muhammad Jabir",
              "non_striker": "Babar Hayat",
              "runs": {
                "batter": 1,
                "extras": 0,
                "total": 1
              }
            },
            {
              "batter": "Babar Hayat",
              "bowler": "Muhammad Jabir",
              "non_striker": "Anshuman Rath",
              "runs": {
                "batter": 0,
                "extras": 0,
                "total": 0
              },
              "wickets": [
                {
                  "player_out": "Babar Hayat",
                  "fielders": [
                    {
                      "name": "Bipin Kumar"
                    }
                  ],
                  "kind": "caught"
                }
              ]
            },
            {
              "batter": "Yasim Murtaza",
              "bowler": "Muhammad Jabir",
              "non_striker": "Anshuman Rath",
              "runs": {
                "batter": 1,
                "extras": 0,
                "total": 1
              }
            },
            {
              "batter": "Anshuman Rath",
              "bowler": "Muhammad Jabir",
              "extras": {
                "wides": 1
              },
              "non_striker": "Yasim Murtaza",
              "runs": {
                "batter": 0,
                "extras": 1,
                "total": 1
              }
            },
            {
              "batter": "Anshuman Rath",
              "bowler": "Muhammad Jabir",
              "non_striker": "Yasim Murtaza",
              "runs": {
                "batter": 1,
                "extras": 0,
                "total": 1
              }
            },
            {
              "batter": "Yasim Murtaza",
              "bowler": "Muhammad Jabir",
              "non_striker": "Anshuman Rath",
              "runs": {
                "batter": 0,
                "extras": 0,
                "total": 0
              }
            },
            {
              "batter": "Yasim Murtaza",
              "bowler": "Muhammad Jabir",
              "non_striker": "Anshuman Rath",
              "runs": {
                "batter": 2,
                "extras": 0,
                "total": 2
              }
            }
          ]
        },
        {
          "over": 17,
          "deliveries": [
            {
              "batter": "Anshuman Rath",
              "bowler": "Mohammed Irshad",
              "non_striker": "Yasim Murtaza",
              "runs": {
                "batter": 2,
                "extras": 0,
                "total": 2
              }
            },
            {
              "batter": "Anshuman Rath",
              "bowler": "Mohammed Irshad",
              "extras": {
                "wides": 1
              },
              "non_striker": "Yasim Murtaza",
              "runs": {
                "batter": 0,
                "extras": 1,
                "total": 1
              }
            },
            {
              "batter": "Anshuman Rath",
              "bowler": "Mohammed Irshad",
              "non_striker": "Yasim Murtaza",
              "runs": {
                "batter": 2,
                "extras": 0,
                "total": 2
              }
            },
            {
              "batter": "Anshuman Rath",
              "bowler": "Mohammed Irshad",
              "non_striker": "Yasim Murtaza",
              "runs": {
                "batter": 0,
                "extras": 0,
                "total": 0
              }
            },
            {
              "batter": "Anshuman Rath",
              "bowler": "Mohammed Irshad",
              "non_striker": "Yasim Murtaza",
              "runs": {
                "batter": 1,
                "extras": 0,
                "total": 1
              }
            },
            {
              "batter": "Yasim Murtaza",
              "bowler": "Mohammed Irshad",
              "extras": {
                "legbyes": 1
              },
              "non_striker": "Anshuman Rath",
              "runs": {
                "batter": 0,
                "extras": 1,
                "total": 1
              }
            },
            {
              "batter": "Anshuman Rath",
              "bowler": "Mohammed Irshad",
              "non_striker": "Yasim Murtaza",
              "runs": {
                "batter": 1,
                "extras": 0,
                "total": 1
              }
            }
          ]
        },
        {
          "over": 18,
          "deliveries": [
            {
              "batter": "Anshuman Rath",
              "bowler": "Ikramullah Khan",
              "non_striker": "Yasim Murtaza",
              "runs": {
                "batter": 0,
                "extras": 0,
                "total": 0
              }
            },
            {
              "batter": "Anshuman Rath",
              "bowler": "Ikramullah Khan",
              "non_striker": "Yasim Murtaza",
              "runs": {
                "batter": 0,
                "extras": 0,
                "total": 0
              },
              "wickets": [
                {
                  "player_out": "Anshuman Rath",
                  "kind": "lbw"
                }
              ]
            },
            {
              "batter": "Shahid Wasif",
              "bowler": "Ikramullah Khan",
              "non_striker": "Yasim Murtaza",
              "runs": {
                "batter": 1,
                "extras": 0,
                "total": 1
              }
            },
            {
              "batter": "Yasim Murtaza",
              "bowler": "Ikramullah Khan",
              "non_striker": "Shahid Wasif",
              "runs": {
                "batter": 6,
                "extras": 0,
                "total": 6
              }
            },
            {
              "batter": "Yasim Murtaza",
              "bowler": "Ikramullah Khan",
              "non_striker": "Shahid Wasif",
              "runs": {
                "batter": 1,
                "extras": 0,
                "total": 1
              },
              "wickets": [
                {
                  "player_out": "Shahid Wasif",
                  "fielders": [
                    {
                      "name": "Shahzaib Jamil"
                    },
                    {
                      "name": "Mujeeb-ur-Rehman"
                    }
                  ],
                  "kind": "run out"
                }
              ]
            },
            {
              "batter": "Waqas Barkat",
              "bowler": "Ikramullah Khan",
              "non_striker": "Yasim Murtaza",
              "runs": {
                "batter": 0,
                "extras": 0,
                "total": 0
              }
            }
          ]
        },
        {
          "over": 19,
          "deliveries": [
            {
              "batter": "Yasim Murtaza",
              "bowler": "Bipin Kumar",
              "non_striker": "Waqas Barkat",
              "runs": {
                "batter": 0,
                "extras": 0,
                "total": 0
              },
              "wickets": [
                {
                  "player_out": "Yasim Murtaza",
                  "fielders": [
                    {
                      "name": "Jassim Khan"
                    }
                  ],
                  "kind": "caught"
                }
              ]
            },
            {
              "batter": "Nasrulla Rana",
              "bowler": "Bipin Kumar",
              "non_striker": "Waqas Barkat",
              "runs": {
                "batter": 0,
                "extras": 0,
                "total": 0
              }
            },
            {
              "batter": "Nasrulla Rana",
              "bowler": "Bipin Kumar",
              "non_striker": "Waqas Barkat",
              "runs": {
                "batter": 0,
                "extras": 0,
                "total": 0
              }
            },
            {
              "batter": "Nasrulla Rana",
              "bowler": "Bipin Kumar",
              "non_striker": "Waqas Barkat",
              "runs": {
                "batter": 1,
                "extras": 0,
                "total": 1
              }
            },
            {
              "batter": "Waqas Barkat",
              "bowler": "Bipin Kumar",
              "non_striker": "Nasrulla Rana",
              "runs": {
                "batter": 4,
                "extras": 0,
                "total": 4
              }
            },
            {
              "batter": "Waqas Barkat",
              "bowler": "Bipin Kumar",
              "non_striker": "Nasrulla Rana",
              "runs": {
                "batter": 1,
                "extras": 0,
                "total": 1
              }
            }
          ]
        }
      ],
      "powerplays": [
        {
          "from": 0.1,
          "to": 5.7,
          "type": "mandatory"
        }
      ]
    },
    {
      "team": "Qatar",
      "overs": [
        {
          "over": 0,
          "deliveries": [
            {
              "batter": "A Nagarajan",
              "bowler": "A Shukla",
              "non_striker": "R Theruvath",
              "runs": {
                "batter": 1,
                "extras": 0,
                "total": 1
              }
            },
            {
              "batter": "R Theruvath",
              "bowler": "A Shukla",
              "non_striker": "A Nagarajan",
              "runs": {
                "batter": 0,
                "extras": 0,
                "total": 0
              }
            },
            {
              "batter": "R Theruvath",
              "bowler": "A Shukla",
              "non_striker": "A Nagarajan",
              "runs": {
                "batter": 0,
                "extras": 0,
                "total": 0
              }
            },
            {
              "batter": "R Theruvath",
              "bowler": "A Shukla",
              "non_striker": "A Nagarajan",
              "runs": {
                "batter": 0,
                "extras": 0,
                "total": 0
              }
            },
            {
              "batter": "R Theruvath",
              "bowler": "A Shukla",
              "non_striker": "A Nagarajan",
              "runs": {
                "batter": 0,
                "extras": 0,
                "total": 0
              }
            },
            {
              "batter": "R Theruvath",
              "bowler": "A Shukla",
              "non_striker": "A Nagarajan",
              "runs": {
                "batter": 4,
                "extras": 0,
                "total": 4
              }
            }
          ]
        },
        {
          "over": 1,
          "deliveries": [
            {
              "batter": "A Nagarajan",
              "bowler": "Ateeq Iqbal",
              "non_striker": "R Theruvath",
              "runs": {
                "batter": 0,
                "extras": 0,
                "total": 0
              }
            },
            {
              "batter": "A Nagarajan",
              "bowler": "Ateeq Iqbal",
              "non_striker": "R Theruvath",
              "runs": {
                "batter": 4,
                "extras": 0,
                "total": 4
              }
            },
            {
              "batter": "A Nagarajan",
              "bowler": "Ateeq Iqbal",
              "non_striker": "R Theruvath",
              "runs": {
                "batter": 0,
                "extras": 0,
                "total": 0
              }
            },
            {
              "batter": "A Nagarajan",
              "bowler": "Ateeq Iqbal",
              "non_striker": "R Theruvath",
              "runs": {
                "batter": 0,
                "extras": 0,
                "total": 0
              }
            },
            {
              "batter": "A Nagarajan",
              "bowler": "Ateeq Iqbal",
              "non_striker": "R Theruvath",
              "runs": {
                "batter": 2,
                "extras": 0,
                "total": 2
              }
            },
            {
              "batter": "A Nagarajan",
              "bowler": "Ateeq Iqbal",
              "extras": {
                "wides": 1
              },
              "non_striker": "R Theruvath",
              "runs": {
                "batter": 0,
                "extras": 1,
                "total": 1
              }
            },
            {
              "batter": "A Nagarajan",
              "bowler": "Ateeq Iqbal",
              "non_striker": "R Theruvath",
              "runs": {
                "batter": 1,
                "extras": 0,
                "total": 1
              }
            }
          ]
        },
        {
          "over": 2,
          "deliveries": [
            {
              "batter": "A Nagarajan",
              "bowler": "A Shukla",
              "non_striker": "R Theruvath",
              "runs": {
                "batter": 0,
                "extras": 0,
                "total": 0
              }
            },
            {
              "batter": "A Nagarajan",
              "bowler": "A Shukla",
              "non_striker": "R Theruvath",
              "runs": {
                "batter": 0,
                "extras": 0,
                "total": 0
              }
            },
            {
              "batter": "A Nagarajan",
              "bowler": "A Shukla",
              "non_striker": "R Theruvath",
              "runs": {
                "batter": 0,
                "extras": 0,
                "total": 0
              }
            },
            {
              "batter": "A Nagarajan",
              "bowler": "A Shukla",
              "non_striker": "R Theruvath",
              "runs": {
                "batter": 1,
                "extras": 0,
                "total": 1
              }
            },
            {
              "batter": "R Theruvath",
              "bowler": "A Shukla",
              "non_striker": "A Nagarajan",
              "runs": {
                "batter": 1,
                "extras": 0,
                "total": 1
              }
            },
            {
              "batter": "A Nagarajan",
              "bowler": "A Shukla",
              "extras": {
                "wides": 1
              },
              "non_striker": "R Theruvath",
              "runs": {
                "batter": 0,
                "extras": 1,
                "total": 1
              }
            },
            {
              "batter": "A Nagarajan",
              "bowler": "A Shukla",
              "non_striker": "R Theruvath",
              "runs": {
                "batter": 0,
                "extras": 0,
                "total": 0
              }
            }
          ]
        },
        {
          "over": 3,
          "deliveries": [
            {
              "batter": "R Theruvath",
              "bowler": "Ateeq Iqbal",
              "non_striker": "A Nagarajan",
              "runs": {
                "batter": 1,
                "extras": 0,
                "total": 1
              }
            },
            {
              "batter": "A Nagarajan",
              "bowler": "Ateeq Iqbal",
              "non_striker": "R Theruvath",
              "runs": {
                "batter": 1,
                "extras": 0,
                "total": 1
              }
            },
            {
              "batter": "R Theruvath",
              "bowler": "Ateeq Iqbal",
              "extras": {
                "wides": 1
              },
              "non_striker": "A Nagarajan",
              "runs": {
                "batter": 0,
                "extras": 1,
                "total": 1
              }
            },
            {
              "batter": "R Theruvath",
              "bowler": "Ateeq Iqbal",
              "non_striker": "A Nagarajan",
              "runs": {
                "batter": 2,
                "extras": 0,
                "total": 2
              }
            },
            {
              "batter": "R Theruvath",
              "bowler": "Ateeq Iqbal",
              "non_striker": "A Nagarajan",
              "runs": {
                "batter": 0,
                "extras": 0,
                "total": 0
              }
            },
            {
              "batter": "R Theruvath",
              "bowler": "Ateeq Iqbal",
              "non_striker": "A Nagarajan",
              "runs": {
                "batter": 0,
                "extras": 0,
                "total": 0
              }
            },
            {
              "batter": "R Theruvath",
              "bowler": "Ateeq Iqbal",
              "non_striker": "A Nagarajan",
              "runs": {
                "batter": 1,
                "extras": 0,
                "total": 1
              }
            }
          ]
        },
        {
          "over": 4,
          "deliveries": [
            {
              "batter": "R Theruvath",
              "bowler": "A Shukla",
              "non_striker": "A Nagarajan",
              "runs": {
                "batter": 1,
                "extras": 0,
                "total": 1
              }
            },
            {
              "batter": "A Nagarajan",
              "bowler": "A Shukla",
              "non_striker": "R Theruvath",
              "runs": {
                "batter": 1,
                "extras": 0,
                "total": 1
              }
            },
            {
              "batter": "R Theruvath",
              "bowler": "A Shukla",
              "non_striker": "A Nagarajan",
              "runs": {
                "batter": 1,
                "extras": 0,
                "total": 1
              }
            },
            {
              "batter": "A Nagarajan",
              "bowler": "A Shukla",
              "non_striker": "R Theruvath",
              "runs": {
                "batter": 0,
                "extras": 0,
                "total": 0
              }
            },
            {
              "batter": "A Nagarajan",
              "bowler": "A Shukla",
              "non_striker": "R Theruvath",
              "runs": {
                "batter": 1,
                "extras": 0,
                "total": 1
              }
            },
            {
              "batter": "R Theruvath",
              "bowler": "A Shukla",
              "non_striker": "A Nagarajan",
              "runs": {
                "batter": 0,
                "extras": 0,
                "total": 0
              }
            }
          ]
        },
        {
          "over": 5,
          "deliveries": [
            {
              "batter": "A Nagarajan",
              "bowler": "Ateeq Iqbal",
              "non_striker": "R Theruvath",
              "runs": {
                "batter": 4,
                "extras": 0,
                "total": 4
              }
            },
            {
              "batter": "A Nagarajan",
              "bowler": "Ateeq Iqbal",
              "non_striker": "R Theruvath",
              "runs": {
                "batter": 1,
                "extras": 0,
                "total": 1
              }
            },
            {
              "batter": "R Theruvath",
              "bowler": "Ateeq Iqbal",
              "non_striker": "A Nagarajan",
              "runs": {
                "batter": 1,
                "extras": 0,
                "total": 1
              }
            },
            {
              "batter": "A Nagarajan",
              "bowler": "Ateeq Iqbal",
              "non_striker": "R Theruvath",
              "runs": {
                "batter": 0,
                "extras": 0,
                "total": 0
              }
            },
            {
              "batter": "A Nagarajan",
              "bowler": "Ateeq Iqbal",
              "non_striker": "R Theruvath",
              "runs": {
                "batter": 1,
                "extras": 0,
                "total": 1
              }
            },
            {
              "batter": "R Theruvath",
              "bowler": "Ateeq Iqbal",
              "non_striker": "A Nagarajan",
              "runs": {
                "batter": 0,
                "extras": 0,
                "total": 0
              },
              "wickets": [
                {
                  "player_out": "R Theruvath",
                  "kind": "bowled"
                }
              ]
            }
          ]
        },
        {
          "over": 6,
          "deliveries": [
            {
              "batter": "A Nagarajan",
              "bowler": "Nasrulla Rana",
              "non_striker": "Ikramullah Khan",
              "runs": {
                "batter": 0,
                "extras": 0,
                "total": 0
              }
            },
            {
              "batter": "A Nagarajan",
              "bowler": "Nasrulla Rana",
              "non_striker": "Ikramullah Khan",
              "runs": {
                "batter": 1,
                "extras": 0,
                "total": 1
              }
            },
            {
              "batter": "Ikramullah Khan",
              "bowler": "Nasrulla Rana",
              "non_striker": "A Nagarajan",
              "runs": {
                "batter": 1,
                "extras": 0,
                "total": 1
              }
            },
            {
              "batter": "A Nagarajan",
              "bowler": "Nasrulla Rana",
              "non_striker": "Ikramullah Khan",
              "runs": {
                "batter": 0,
                "extras": 0,
                "total": 0
              }
            },
            {
              "batter": "A Nagarajan",
              "bowler": "Nasrulla Rana",
              "non_striker": "Ikramullah Khan",
              "runs": {
                "batter": 1,
                "extras": 0,
                "total": 1
              }
            },
            {
              "batter": "Ikramullah Khan",
              "bowler": "Nasrulla Rana",
              "non_striker": "A Nagarajan",
              "runs": {
                "batter": 1,
                "extras": 0,
                "total": 1
              }
            }
          ]
        },
        {
          "over": 7,
          "deliveries": [
            {
              "batter": "Ikramullah Khan",
              "bowler": "Ehsan Khan",
              "non_striker": "A Nagarajan",
              "runs": {
                "batter": 1,
                "extras": 0,
                "total": 1
              }
            },
            {
              "batter": "A Nagarajan",
              "bowler": "Ehsan Khan",
              "non_striker": "Ikramullah Khan",
              "runs": {
                "batter": 1,
                "extras": 0,
                "total": 1
              }
            },
            {
              "batter": "Ikramullah Khan",
              "bowler": "Ehsan Khan",
              "non_striker": "A Nagarajan",
              "runs": {
                "batter": 1,
                "extras": 0,
                "total": 1
              }
            },
            {
              "batter": "A Nagarajan",
              "bowler": "Ehsan Khan",
              "non_striker": "Ikramullah Khan",
              "runs": {
                "batter": 1,
                "extras": 0,
                "total": 1
              }
            },
            {
              "batter": "Ikramullah Khan",
              "bowler": "Ehsan Khan",
              "non_striker": "A Nagarajan",
              "runs": {
                "batter": 0,
                "extras": 0,
                "total": 0
              }
            },
            {
              "batter": "Ikramullah Khan",
              "bowler": "Ehsan Khan",
              "non_striker": "A Nagarajan",
              "runs": {
                "batter": 1,
                "extras": 0,
                "total": 1
              }
            }
          ]
        },
        {
          "over": 8,
          "deliveries": [
            {
              "batter": "Ikramullah Khan",
              "bowler": "Nasrulla Rana",
              "non_striker": "A Nagarajan",
              "runs": {
                "batter": 4,
                "extras": 0,
                "total": 4
              }
            },
            {
              "batter": "Ikramullah Khan",
              "bowler": "Nasrulla Rana",
              "non_striker": "A Nagarajan",
              "runs": {
                "batter": 1,
                "extras": 0,
                "total": 1
              }
            },
            {
              "batter": "A Nagarajan",
              "bowler": "Nasrulla Rana",
              "non_striker": "Ikramullah Khan",
              "runs": {
                "batter": 1,
                "extras": 0,
                "total": 1
              }
            },
            {
              "batter": "Ikramullah Khan",
              "bowler": "Nasrulla Rana",
              "non_striker": "A Nagarajan",
              "runs": {
                "batter": 2,
                "extras": 0,
                "total": 2
              }
            },
            {
              "batter": "Ikramullah Khan",
              "bowler": "Nasrulla Rana",
              "non_striker": "A Nagarajan",
              "runs": {
                "batter": 1,
                "extras": 0,
                "total": 1
              }
            },
            {
              "batter": "A Nagarajan",
              "bowler": "Nasrulla Rana",
              "non_striker": "Ikramullah Khan",
              "runs": {
                "batter": 1,
                "extras": 0,
                "total": 1
              }
            }
          ]
        },
        {
          "over": 9,
          "deliveries": [
            {
              "batter": "A Nagarajan",
              "bowler": "Waqas Barkat",
              "non_striker": "Ikramullah Khan",
              "runs": {
                "batter": 1,
                "extras": 0,
                "total": 1
              }
            },
            {
              "batter": "Ikramullah Khan",
              "bowler": "Waqas Barkat",
              "non_striker": "A Nagarajan",
              "runs": {
                "batter": 0,
                "extras": 0,
                "total": 0
              }
            },
            {
              "batter": "Ikramullah Khan",
              "bowler": "Waqas Barkat",
              "non_striker": "A Nagarajan",
              "runs": {
                "batter": 4,
                "extras": 0,
                "total": 4
              }
            },
            {
              "batter": "Ikramullah Khan",
              "bowler": "Waqas Barkat",
              "non_striker": "A Nagarajan",
              "runs": {
                "batter": 0,
                "extras": 0,
                "total": 0
              }
            },
            {
              "batter": "Ikramullah Khan",
              "bowler": "Waqas Barkat",
              "non_striker": "A Nagarajan",
              "runs": {
                "batter": 1,
                "extras": 0,
                "total": 1
              }
            },
            {
              "batter": "A Nagarajan",
              "bowler": "Waqas Barkat",
              "non_striker": "Ikramullah Khan",
              "runs": {
                "batter": 0,
                "extras": 0,
                "total": 0
              }
            }
          ]
        },
        {
          "over": 10,
          "deliveries": [
            {
              "batter": "Ikramullah Khan",
              "bowler": "Ehsan Khan",
              "non_striker": "A Nagarajan",
              "runs": {
                "batter": 1,
                "extras": 0,
                "total": 1
              }
            },
            {
              "batter": "A Nagarajan",
              "bowler": "Ehsan Khan",
              "non_striker": "Ikramullah Khan",
              "runs": {
                "batter": 1,
                "extras": 0,
                "total": 1
              }
            },
            {
              "batter": "Ikramullah Khan",
              "bowler": "Ehsan Khan",
              "extras": {
                "wides": 1
              },
              "non_striker": "A Nagarajan",
              "runs": {
                "batter": 0,
                "extras": 1,
                "total": 1
              }
            },
            {
              "batter": "Ikramullah Khan",
              "bowler": "Ehsan Khan",
              "extras": {
                "byes": 4
              },
              "non_striker": "A Nagarajan",
              "runs": {
                "batter": 0,
                "extras": 4,
                "total": 4
              }
            },
            {
              "batter": "Ikramullah Khan",
              "bowler": "Ehsan Khan",
              "non_striker": "A Nagarajan",
              "runs": {
                "batter": 1,
                "extras": 0,
                "total": 1
              }
            },
            {
              "batter": "A Nagarajan",
              "bowler": "Ehsan Khan",
              "non_striker": "Ikramullah Khan",
              "runs": {
                "batter": 1,
                "extras": 0,
                "total": 1
              }
            },
            {
              "batter": "Ikramullah Khan",
              "bowler": "Ehsan Khan",
              "extras": {
                "wides": 5
              },
              "non_striker": "A Nagarajan",
              "runs": {
                "batter": 0,
                "extras": 5,
                "total": 5
              }
            },
            {
              "batter": "Ikramullah Khan",
              "bowler": "Ehsan Khan",
              "non_striker": "A Nagarajan",
              "runs": {
                "batter": 1,
                "extras": 0,
                "total": 1
              }
            }
          ]
        },
        {
          "over": 11,
          "deliveries": [
            {
              "batter": "Ikramullah Khan",
              "bowler": "Waqas Barkat",
              "non_striker": "A Nagarajan",
              "runs": {
                "batter": 4,
                "extras": 0,
                "total": 4
              }
            },
            {
              "batter": "Ikramullah Khan",
              "bowler": "Waqas Barkat",
              "non_striker": "A Nagarajan",
              "runs": {
                "batter": 1,
                "extras": 0,
                "total": 1
              }
            },
            {
              "batter": "A Nagarajan",
              "bowler": "Waqas Barkat",
              "non_striker": "Ikramullah Khan",
              "runs": {
                "batter": 1,
                "extras": 0,
                "total": 1
              }
            },
            {
              "batter": "Ikramullah Khan",
              "bowler": "Waqas Barkat",
              "non_striker": "A Nagarajan",
              "runs": {
                "batter": 2,
                "extras": 0,
                "total": 2
              }
            },
            {
              "batter": "Ikramullah Khan",
              "bowler": "Waqas Barkat",
              "non_striker": "A Nagarajan",
              "runs": {
                "batter": 6,
                "extras": 0,
                "total": 6
              }
            },
            {
              "batter": "Ikramullah Khan",
              "bowler": "Waqas Barkat",
              "non_striker": "A Nagarajan",
              "runs": {
                "batter": 1,
                "extras": 0,
                "total": 1
              }
            }
          ]
        },
        {
          "over": 12,
          "deliveries": [
            {
              "batter": "Ikramullah Khan",
              "bowler": "A Shukla",
              "non_striker": "A Nagarajan",
              "runs": {
                "batter": 1,
                "extras": 0,
                "total": 1
              }
            },
            {
              "batter": "A Nagarajan",
              "bowler": "A Shukla",
              "non_striker": "Ikramullah Khan",
              "runs": {
                "batter": 0,
                "extras": 0,
                "total": 0
              }
            },
            {
              "batter": "A Nagarajan",
              "bowler": "A Shukla",
              "extras": {
                "legbyes": 1
              },
              "non_striker": "Ikramullah Khan",
              "runs": {
                "batter": 0,
                "extras": 1,
                "total": 1
              }
            },
            {
              "batter": "Ikramullah Khan",
              "bowler": "A Shukla",
              "non_striker": "A Nagarajan",
              "runs": {
                "batter": 1,
                "extras": 0,
                "total": 1
              }
            },
            {
              "batter": "A Nagarajan",
              "bowler": "A Shukla",
              "extras": {
                "legbyes": 1
              },
              "non_striker": "Ikramullah Khan",
              "runs": {
                "batter": 0,
                "extras": 1,
                "total": 1
              }
            },
            {
              "batter": "Ikramullah Khan",
              "bowler": "A Shukla",
              "non_striker": "A Nagarajan",
              "runs": {
                "batter": 0,
                "extras": 0,
                "total": 0
              }
            }
          ]
        },
        {
          "over": 13,
          "deliveries": [
            {
              "batter": "A Nagarajan",
              "bowler": "Yasim Murtaza",
              "non_striker": "Ikramullah Khan",
              "runs": {
                "batter": 0,
                "extras": 0,
                "total": 0
              },
              "wickets": [
                {
                  "player_out": "A Nagarajan",
                  "fielders": [
                    {
                      "name": "Waqas Barkat"
                    }
                  ],
                  "kind": "caught"
                }
              ]
            },
            {
              "batter": "Shahzaib Jamil",
              "bowler": "Yasim Murtaza",
              "extras": {
                "wides": 1
              },
              "non_striker": "Ikramullah Khan",
              "runs": {
                "batter": 0,
                "extras": 1,
                "total": 1
              }
            },
            {
              "batter": "Shahzaib Jamil",
              "bowler": "Yasim Murtaza",
              "non_striker": "Ikramullah Khan",
              "runs": {
                "batter": 0,
                "extras": 0,
                "total": 0
              }
            },
            {
              "batter": "Shahzaib Jamil",
              "bowler": "Yasim Murtaza",
              "non_striker": "Ikramullah Khan",
              "runs": {
                "batter": 0,
                "extras": 0,
                "total": 0
              }
            },
            {
              "batter": "Shahzaib Jamil",
              "bowler": "Yasim Murtaza",
              "non_striker": "Ikramullah Khan",
              "runs": {
                "batter": 1,
                "extras": 0,
                "total": 1
              }
            },
            {
              "batter": "Ikramullah Khan",
              "bowler": "Yasim Murtaza",
              "non_striker": "Shahzaib Jamil",
              "runs": {
                "batter": 6,
                "extras": 0,
                "total": 6
              }
            },
            {
              "batter": "Ikramullah Khan",
              "bowler": "Yasim Murtaza",
              "non_striker": "Shahzaib Jamil",
              "runs": {
                "batter": 6,
                "extras": 0,
                "total": 6
              }
            }
          ]
        },
        {
          "over": 14,
          "deliveries": [
            {
              "batter": "Shahzaib Jamil",
              "bowler": "Ateeq Iqbal",
              "non_striker": "Ikramullah Khan",
              "runs": {
                "batter": 0,
                "extras": 0,
                "total": 0
              }
            },
            {
              "batter": "Shahzaib Jamil",
              "bowler": "Ateeq Iqbal",
              "non_striker": "Ikramullah Khan",
              "runs": {
                "batter": 4,
                "extras": 0,
                "total": 4
              }
            },
            {
              "batter": "Shahzaib Jamil",
              "bowler": "Ateeq Iqbal",
              "non_striker": "Ikramullah Khan",
              "runs": {
                "batter": 1,
                "extras": 0,
                "total": 1
              }
            },
            {
              "batter": "Ikramullah Khan",
              "bowler": "Ateeq Iqbal",
              "non_striker": "Shahzaib Jamil",
              "runs": {
                "batter": 2,
                "extras": 0,
                "total": 2
              }
            },
            {
              "batter": "Ikramullah Khan",
              "bowler": "Ateeq Iqbal",
              "non_striker": "Shahzaib Jamil",
              "runs": {
                "batter": 1,
                "extras": 0,
                "total": 1
              }
            },
            {
              "batter": "Shahzaib Jamil",
              "bowler": "Ateeq Iqbal",
              "non_striker": "Ikramullah Khan",
              "runs": {
                "batter": 6,
                "extras": 0,
                "total": 6
              }
            }
          ]
        },
        {
          "over": 15,
          "deliveries": [
            {
              "batter": "Ikramullah Khan",
              "bowler": "Ehsan Khan",
              "non_striker": "Shahzaib Jamil",
              "runs": {
                "batter": 1,
                "extras": 0,
                "total": 1
              }
            },
            {
              "batter": "Shahzaib Jamil",
              "bowler": "Ehsan Khan",
              "non_striker": "Ikramullah Khan",
              "runs": {
                "batter": 1,
                "extras": 0,
                "total": 1
              }
            },
            {
              "batter": "Ikramullah Khan",
              "bowler": "Ehsan Khan",
              "extras": {
                "wides": 1
              },
              "non_striker": "Shahzaib Jamil",
              "runs": {
                "batter": 0,
                "extras": 1,
                "total": 1
              }
            },
            {
              "batter": "Ikramullah Khan",
              "bowler": "Ehsan Khan",
              "non_striker": "Shahzaib Jamil",
              "runs": {
                "batter": 1,
                "extras": 0,
                "total": 1
              }
            },
            {
              "batter": "Shahzaib Jamil",
              "bowler": "Ehsan Khan",
              "extras": {
                "byes": 1
              },
              "non_striker": "Ikramullah Khan",
              "runs": {
                "batter": 0,
                "extras": 1,
                "total": 1
              }
            },
            {
              "batter": "Ikramullah Khan",
              "bowler": "Ehsan Khan",
              "extras": {
                "byes": 4
              },
              "non_striker": "Shahzaib Jamil",
              "runs": {
                "batter": 0,
                "extras": 4,
                "total": 4
              }
            },
            {
              "batter": "Ikramullah Khan",
              "bowler": "Ehsan Khan",
              "non_striker": "Shahzaib Jamil",
              "runs": {
                "batter": 1,
                "extras": 0,
                "total": 1
              }
            }
          ]
        },
        {
          "over": 16,
          "deliveries": [
            {
              "batter": "Ikramullah Khan",
              "bowler": "Nasrulla Rana",
              "non_striker": "Shahzaib Jamil",
              "runs": {
                "batter": 0,
                "extras": 0,
                "total": 0
              },
              "wickets": [
                {
                  "player_out": "Ikramullah Khan",
                  "fielders": [
                    {
                      "name": "Waqas Barkat"
                    }
                  ],
                  "kind": "caught"
                }
              ]
            },
            {
              "batter": "Mujeeb-ur-Rehman",
              "bowler": "Nasrulla Rana",
              "non_striker": "Shahzaib Jamil",
              "runs": {
                "batter": 1,
                "extras": 0,
                "total": 1
              }
            },
            {
              "batter": "Shahzaib Jamil",
              "bowler": "Nasrulla Rana",
              "extras": {
                "wides": 1
              },
              "non_striker": "Mujeeb-ur-Rehman",
              "runs": {
                "batter": 0,
                "extras": 1,
                "total": 1
              }
            },
            {
              "batter": "Shahzaib Jamil",
              "bowler": "Nasrulla Rana",
              "non_striker": "Mujeeb-ur-Rehman",
              "runs": {
                "batter": 1,
                "extras": 0,
                "total": 1
              }
            },
            {
              "batter": "Mujeeb-ur-Rehman",
              "bowler": "Nasrulla Rana",
              "non_striker": "Shahzaib Jamil",
              "runs": {
                "batter": 0,
                "extras": 0,
                "total": 0
              }
            },
            {
              "batter": "Mujeeb-ur-Rehman",
              "bowler": "Nasrulla Rana",
              "non_striker": "Shahzaib Jamil",
              "runs": {
                "batter": 1,
                "extras": 0,
                "total": 1
              }
            },
            {
              "batter": "Shahzaib Jamil",
              "bowler": "Nasrulla Rana",
              "non_striker": "Mujeeb-ur-Rehman",
              "runs": {
                "batter": 0,
                "extras": 0,
                "total": 0
              }
            }
          ]
        },
        {
          "over": 17,
          "deliveries": [
            {
              "batter": "Mujeeb-ur-Rehman",
              "bowler": "Ehsan Khan",
              "non_striker": "Shahzaib Jamil",
              "runs": {
                "batter": 0,
                "extras": 0,
                "total": 0
              },
              "wickets": [
                {
                  "player_out": "Mujeeb-ur-Rehman",
                  "kind": "bowled"
                }
              ]
            },
            {
              "batter": "Jassim Khan",
              "bowler": "Ehsan Khan",
              "non_striker": "Shahzaib Jamil",
              "runs": {
                "batter": 6,
                "extras": 0,
                "total": 6
              }
            },
            {
              "batter": "Jassim Khan",
              "bowler": "Ehsan Khan",
              "non_striker": "Shahzaib Jamil",
              "runs": {
                "batter": 0,
                "extras": 0,
                "total": 0
              }
            },
            {
              "batter": "Jassim Khan",
              "bowler": "Ehsan Khan",
              "non_striker": "Shahzaib Jamil",
              "runs": {
                "batter": 1,
                "extras": 0,
                "total": 1
              }
            },
            {
              "batter": "Shahzaib Jamil",
              "bowler": "Ehsan Khan",
              "non_striker": "Jassim Khan",
              "runs": {
                "batter": 0,
                "extras": 0,
                "total": 0
              }
            },
            {
              "batter": "Shahzaib Jamil",
              "bowler": "Ehsan Khan",
              "non_striker": "Jassim Khan",
              "runs": {
                "batter": 6,
                "extras": 0,
                "total": 6
              }
            }
          ]
        },
        {
          "over": 18,
          "deliveries": [
            {
              "batter": "Jassim Khan",
              "bowler": "Nasrulla Rana",
              "non_striker": "Shahzaib Jamil",
              "runs": {
                "batter": 6,
                "extras": 0,
                "total": 6
              }
            },
            {
              "batter": "Jassim Khan",
              "bowler": "Nasrulla Rana",
              "non_striker": "Shahzaib Jamil",
              "runs": {
                "batter": 1,
                "extras": 0,
                "total": 1
              }
            },
            {
              "batter": "Shahzaib Jamil",
              "bowler": "Nasrulla Rana",
              "non_striker": "Jassim Khan",
              "runs": {
                "batter": 1,
                "extras": 0,
                "total": 1
              }
            },
            {
              "batter": "Jassim Khan",
              "bowler": "Nasrulla Rana",
              "extras": {
                "byes": 1
              },
              "non_striker": "Shahzaib Jamil",
              "runs": {
                "batter": 0,
                "extras": 1,
                "total": 1
              }
            },
            {
              "batter": "Shahzaib Jamil",
              "bowler": "Nasrulla Rana",
              "non_striker": "Jassim Khan",
              "runs": {
                "batter": 4,
                "extras": 0,
                "total": 4
              }
            },
            {
              "batter": "Shahzaib Jamil",
              "bowler": "Nasrulla Rana",
              "non_striker": "Jassim Khan",
              "runs": {
                "batter": 1,
                "extras": 0,
                "total": 1
              }
            }
          ]
        },
        {
          "over": 19,
          "deliveries": [
            {
              "batter": "Shahzaib Jamil",
              "bowler": "Yasim Murtaza",
              "non_striker": "Jassim Khan",
              "runs": {
                "batter": 6,
                "extras": 0,
                "total": 6
              }
            },
            {
              "batter": "Shahzaib Jamil",
              "bowler": "Yasim Murtaza",
              "non_striker": "Jassim Khan",
              "runs": {
                "batter": 6,
                "extras": 0,
                "total": 6
              }
            },
            {
              "batter": "Shahzaib Jamil",
              "bowler": "Yasim Murtaza",
              "non_striker": "Jassim Khan",
              "runs": {
                "batter": 6,
                "extras": 0,
                "total": 6
              }
            },
            {
              "batter": "Shahzaib Jamil",
              "bowler": "Yasim Murtaza",
              "non_striker": "Jassim Khan",
              "runs": {
                "batter": 0,
                "extras": 0,
                "total": 0
              },
              "wickets": [
                {
                  "player_out": "Shahzaib Jamil",
                  "fielders": [
                    {
                      "name": "Waqas Barkat"
                    }
                  ],
                  "kind": "caught"
                }
              ]
            },
            {
              "batter": "Mohammed Irshad",
              "bowler": "Yasim Murtaza",
              "extras": {
                "wides": 1
              },
              "non_striker": "Jassim Khan",
              "runs": {
                "batter": 0,
                "extras": 1,
                "total": 1
              }
            },
            {
              "batter": "Mohammed Irshad",
              "bowler": "Yasim Murtaza",
              "non_striker": "Jassim Khan",
              "runs": {
                "batter": 1,
                "extras": 0,
                "total": 1
              }
            },
            {
              "batter": "Jassim Khan",
              "bowler": "Yasim Murtaza",
              "non_striker": "Mohammed Irshad",
              "runs": {
                "batter": 6,
                "extras": 0,
                "total": 6
              }
            }
          ]
        }
      ],
      "powerplays": [
        {
          "from": 0.1,
          "to": 5.6,
          "type": "mandatory"
        }
      ],
      "target": {
        "overs": 20,
        "runs": 189
      }
    }
  ]
}