batting_average,batting_strike_rate,total_runs,total_wickets,bowling_average,bowling_strike_rate,economy_rate,catches,all_round_index,role,player
41.56521739130435,105.05494505494507,956,3,41.333333333333336,37.0,6.702702702702702,4,56.15981198589894,Batsman,MR Marsh
7.5,52.5,105,35,28.34285714285714,28.914285714285715,5.881422924901186,8,352.5228684359119,Bowler,MA Starc
4.166666666666667,86.20689655172413,50,31,31.451612903225808,35.16129032258065,5.36697247706422,7,304.09938837920487,Bowler,JR Hazlewood
7.2727272727272725,61.06870229007634,80,27,29.444444444444443,38.851851851851855,4.547187797902765,4,272.8147153132854,Bowler,KA Maharaj
8.6,66.66666666666666,86,31,25.93548387096774,28.677419354838708,5.426321709786277,9,312.04735658042745,Bowler,K Rabada
2.75,55.00000000000001,22,24,33.333333333333336,34.25,5.839416058394161,1,233.32116788321167,Bowler,T Shamsi
44.25,125.0,885,10,23.9,26.9,5.330855018587361,4,124.73828996282529,All-rounder,TM Head
16.157894736842106,127.38589211618256,307,16,34.75,42.25,4.93491124260355,9,162.81438804110869,All-rounder,GJ Maxwell
18.272727272727273,96.17224880382776,201,19,34.1578947368421,37.473684210526315,5.469101123595506,5,198.06179775280899,All-rounder,PJ Cummins
6.666666666666667,68.96551724137932,20,8,35.25,32.5,6.507692307692308,0,76.65128205128205,Bowler,Hasan Ali
7.8,69.64285714285714,156,58,27.82758620689655,28.775862068965516,5.802276812462552,3,579.595446375075,Bowler,A Zampa
16.210526315789473,81.26649076517151,308,12,31.916666666666668,40.416666666666664,4.738144329896907,8,130.4710797612588,All-rounder,MD Shanaka
21.5,113.1578947368421,86,3,78.66666666666667,52.666666666666664,8.962025316455696,1,31.075949367088608,Bowler,JDS Neesham
18.3,98.91891891891892,366,35,35.42857142857143,44.885714285714286,4.735837046467219,12,359.02832590706555,All-rounder,MJ Santner
3.6153846153846154,94.0,47,53,21.37735849056604,24.88679245283019,5.153904473085671,11,523.5383448999825,Bowler,MJ Henry
4.2,54.54545454545454,42,19,40.421052631578945,41.36842105263158,5.862595419847328,2,185.97480916030534,Bowler,LH Ferguson
3.5714285714285716,73.52941176470588,25,24,27.125,29.458333333333332,5.524752475247525,9,233.8076379066478,Bowler,TA Boult
5.833333333333333,85.36585365853658,35,17,33.529411764705884,27.941176470588236,7.199999999999999,1,162.43333333333334,Bowler,TG Southee
32.36842105263158,78.84615384615384,615,0,0.0,0.0,9.0,10,23.052631578947377,Batsman,RD Berrington
6.125,56.32183908045977,49,13,37.15384615384615,46.61538461538461,4.782178217821782,3,131.31064356435644,Bowler,SM Sharif
17.933333333333334,86.21794871794873,269,33,23.575757575757574,31.87878787878788,4.437262357414449,8,341.9254752851711,All-rounder,MRJ Watt
0.0,0.0,0,1,35.0,42.0,5.0,0,0.0,Unknown,AC Evans
7.25,96.66666666666667,29,15,26.866666666666667,31.2,5.166666666666667,4,147.16666666666666,Bowler,CB Sole
29.133333333333333,113.80208333333333,437,21,23.19047619047619,30.095238095238095,4.6234177215189876,7,226.353164556962,All-rounder,MA Leask
13.9375,67.78115501519757,223,15,58.2,67.66666666666667,5.160591133004926,6,160.24131773399014,All-rounder,AR McBrine
11.0,107.84313725490196,55,26,35.38461538461539,32.88461538461539,6.456140350877193,3,257.28771929824563,Bowler,J Little
16.8,105.0,84,23,20.565217391304348,23.47826086956522,5.2555555555555555,6,235.48888888888888,Bowler,CA Young
30.285714285714285,95.92760180995475,636,24,35.083333333333336,44.916666666666664,4.686456400742115,6,262.1985157699443,All-rounder,Sikandar Raza
4.0,48.484848484848484,16,14,30.571428571428573,26.857142857142858,6.829787234042554,0,134.5904255319149,Bowler,TL Chatara
20.25,79.7244094488189,405,18,38.0,48.05555555555556,4.744508670520231,11,195.91098265895954,All-rounder,AR Patel
7.333333333333333,65.67164179104478,44,24,22.458333333333332,30.833333333333332,4.37027027027027,1,242.42612612612612,Bowler,JJ Bumrah
66.5,122.76923076923076,798,10,26.5,35.1,4.52991452991453,4,145.10683760683762,All-rounder,SC Williams
33.8,94.15041782729804,338,8,20.75,19.5,6.384615384615385,7,103.13076923076923,All-rounder,Soumya Sarkar
37.21052631578947,83.37264150943396,707,0,0.0,0.0,5.917808219178082,7,32.795962509012256,Batsman,Mahmudullah
35.88235294117647,88.02308802308802,610,17,39.88235294117647,47.23529411764706,5.066002490660026,4,200.63270090103288,All-rounder,Shakib Al Hasan
8.533333333333333,68.44919786096256,128,30,28.6,35.333333333333336,4.856603773584906,2,302.7534591194968,Bowler,Taskin Ahmed
3.2,41.37931034482759,48,24,40.041666666666664,43.625,5.507163323782235,1,236.71900668576885,Bowler,Mustafizur Rahman
8.11111111111111,57.48031496062992,73,17,40.529411764705884,43.05882352941177,5.647540983606557,3,172.816029143898,Bowler,IS Sodhi
20.22222222222222,77.4468085106383,546,22,53.86363636363637,59.68181818181818,5.415079969535415,10,235.2809511720403,All-rounder,Mehedi Hasan Miraz
40.19230769230769,83.93574297188755,1045,1,67.0,72.0,5.583333333333334,9,46.717948717948715,Batsman,Nazmul Hossain Shanto
17.545454545454547,101.57894736842105,193,12,35.75,35.333333333333336,6.070754716981132,4,125.131217838765,Bowler,MP Stoinis
29.310344827586206,104.0391676866585,850,13,47.0,47.23076923076923,5.970684039087947,18,146.23104571492755,All-rounder,GD Phillips
13.333333333333334,102.56410256410255,40,2,92.5,100.0,5.550000000000001,1,21.9,Bowler,WD Parnell
12.75,77.27272727272727,102,8,28.25,28.875,5.87012987012987,4,84.75974025974025,Bowler,AL Phehlukwayo
30.647058823529413,83.62760834670947,521,1,171.0,139.0,7.381294964028776,3,31.88446889547187,All-rounder,JE Root
20.266666666666666,88.37209302325581,304,17,35.76470588235294,36.470588235294116,5.883870967741935,9,181.16559139784945,All-rounder,MM Ali
14.846153846153847,83.91304347826087,193,17,28.941176470588236,34.470588235294116,5.03754266211604,2,177.6172223680756,Bowler,CR Woakes
9.5,146.15384615384613,76,10,53.1,51.7,6.16247582205029,2,94.17504835589942,Bowler,MA Wood
2.4,30.0,12,13,25.307692307692307,25.384615384615383,5.9818181818181815,2,126.03636363636363,Bowler,AF Milne
43.05714285714286,113.05326331582897,1507,1,18.0,17.0,6.352941176470589,12,35.3798319327731,Batsman,RG Sharma
51.6875,93.97727272727273,1654,1,15.0,21.0,4.285714285714286,21,56.42857142857142,Batsman,V Kohli
26.31578947368421,97.27626459143968,500,28,26.214285714285715,28.392857142857142,5.539622641509434,9,295.9733862959285,All-rounder,HH Pandya
16.666666666666668,74.6268656716418,350,41,25.902439024390244,34.36585365853659,4.52235628105039,12,423.28862077123256,All-rounder,RA Jadeja
14.333333333333334,103.2,129,12,50.5,50.5,6.0,6,121.88888888888889,Bowler,Shadab Khan
9.625,82.20640569395017,231,43,31.976744186046513,34.25581395348837,5.60081466395112,7,430.50670400543106,All-rounder,AU Rashid
11.5,52.87356321839081,46,7,13.571428571428571,16.714285714285715,4.871794871794872,0,82.00641025641025,Unknown,AD Mathews
13.0,76.47058823529412,26,1,117.0,119.0,5.899159663865546,3,15.201680672268909,Unknown,Faheem Ashraf
21.63157894736842,78.88675623800384,411,7,60.714285714285715,68.71428571428571,5.301455301455301,8,86.81814202866835,All-rounder,DM de Silva
23.46153846153846,79.42708333333334,305,15,51.53333333333333,61.4,5.035830618892509,11,169.46680030067654,All-rounder,RL Chase
27.857142857142858,85.52631578947368,195,9,39.55555555555556,41.77777777777778,5.680851063829787,4,111.209726443769,Bowler,JO Holder
4.1,80.3921568627451,41,59,16.93220338983051,19.016949152542374,5.342245989304812,3,584.4155080213905,Bowler,Mohammed Shami
8.545454545454545,76.42276422764228,94,38,28.57894736842105,28.157894736842106,6.089719626168224,9,379.0023789294817,Bowler,AS Joseph
28.0,64.57023060796647,308,8,33.25,48.875,4.0818414322250645,7,115.19995349918624,All-rounder,A Vala
23.09090909090909,70.1657458563536,254,3,42.0,40.666666666666664,6.19672131147541,3,50.515648286140085,All-rounder,S Bau
18.444444444444443,92.73743016759776,166,3,80.33333333333333,100.66666666666667,4.788079470198675,1,40.31272994849154,Bowler,N Vanua
6.818181818181818,46.2962962962963,75,16,24.3125,30.9375,4.715151515151515,1,165.29696969696968,Bowler,CA Soper
13.3,130.3921568627451,133,16,24.75,28.75,5.165217391304348,2,159.86956521739128,Bowler,DJ Willey
28.57894736842105,90.04975124378109,543,13,30.46153846153846,31.692307692307693,5.766990291262136,7,150.20286152273889,All-rounder,GH Dockrell
16.666666666666668,96.15384615384616,50,9,34.44444444444444,34.55555555555556,5.980707395498392,3,95.37191854233654,Bowler,BJ McCarthy
7.2,43.90243902439025,36,9,36.111111111111114,34.888888888888886,6.210191082802549,0,93.9796178343949,Bowler,Taijul Islam
27.583333333333332,101.06870229007635,662,16,49.4375,46.25,6.413513513513514,8,174.4646396396396,All-rounder,LS Livingstone
4.0,33.33333333333333,4,2,43.0,36.5,7.068493150684931,2,17.86301369863014,Unknown,Jahanara Alam
6.083333333333333,37.628865979381445,73,40,17.125,26.025,3.948126801152738,4,408.2704130643612,Bowler,Nahida Akter
31.285714285714285,90.87136929460581,219,4,48.0,57.75,4.987012987012987,4,64.45454545454545,Bowler,CL Tryon
39.421052631578945,86.68981481481481,749,18,22.666666666666668,35.111111111111114,3.8734177215189876,1,217.72684876748832,All-rounder,M Kapp
23.85,72.27272727272728,477,1,42.0,41.0,6.146341463414634,5,30.70731707317073,Batsman,S Luus
2.3333333333333335,46.666666666666664,14,19,33.89473684210526,46.0,4.421052631578947,1,186.1578947368421,Bowler,A Khaka
32.72,85.03118503118503,818,7,29.571428571428573,39.857142857142854,4.451612903225806,10,99.57677419354837,All-rounder,EA Perry
11.2,86.15384615384616,56,12,15.916666666666666,21.0,4.5476190476190474,1,123.9047619047619,Bowler,JL Jonassen
1.8333333333333333,37.93103448275862,11,24,25.583333333333332,37.0,4.148648648648649,2,236.53603603603605,Bowler,ML Schutt
20.833333333333332,78.36990595611285,250,0,0.0,0.0,7.0,5,12.583333333333332,Batsman,A Bosch
3.857142857142857,32.142857142857146,27,22,32.09090909090909,34.81818181818182,5.530026109660575,3,220.93994778067884,Bowler,M Klaas
30.15,94.36619718309859,603,51,15.803921568627452,23.176470588235293,4.091370558375635,13,533.7672588832487,All-rounder,A Gardner
28.55,71.46433041301627,571,5,29.4,35.8,4.927374301675977,4,80.09525139664805,All-rounder,SW Bates
9.222222222222221,102.46913580246914,83,24,20.833333333333332,26.291666666666668,4.754358161648177,2,239.49128367670363,Bowler,LMM Tahuhu
44.72222222222222,75.80037664783428,805,24,32.458333333333336,38.083333333333336,5.113785557986871,5,288.7724288840262,All-rounder,AC Kerr
49.0,105.0,882,12,32.916666666666664,39.916666666666664,4.947807933194154,2,156.77105080027835,All-rounder,AC Jayangani
3.0,15.151515151515152,15,8,42.25,61.5,4.121951219512195,1,91.5560975609756,Bowler,KDU Prabodhani
3.5,26.923076923076923,14,7,52.0,55.0,5.672727272727273,0,71.65454545454546,Bowler,I Ranaweera
10.0,71.42857142857143,30,10,38.4,43.7,5.272311212814645,4,103.45537757437071,Bowler,BMSM Kumari
37.05555555555556,97.37226277372262,667,18,28.666666666666668,34.833333333333336,4.937799043062201,1,208.17995746943114,All-rounder,SFM Devine
16.8,69.42148760330579,168,16,31.8125,40.75,4.684049079754601,8,174.8319018404908,Bowler,HM Rowe
10.5,63.63636363636363,21,0,0.0,0.0,4.0,1,8.5,Unknown,Ayesha Zafar
23.533333333333335,55.15624999999999,353,1,22.0,36.0,3.666666666666667,3,45.333333333333336,Batsman,Bismah Maroof
22.25,64.64891041162227,267,20,29.7,36.6,4.868852459016393,3,224.67896174863387,All-rounder,Nida Dar
22.8125,65.06238859180036,365,4,45.0,50.5,5.346534653465347,5,64.3694306930693,All-rounder,Aliya Riaz
7.875,78.75,63,7,57.57142857142857,66.42857142857143,5.2,3,69.6,Bowler,Diana Baig
9.857142857142858,52.27272727272727,69,16,22.8125,25.875,5.2898550724637685,1,168.27743271221533,Bowler,OU Ranasinghe
12.0,52.17391304347826,60,0,0.0,0.0,12.857142857142858,2,-2.7142857142857153,Unknown,H Karunaratne
3.1666666666666665,39.58333333333333,19,13,22.384615384615383,29.53846153846154,4.546875,4,128.90625,Bowler,WGAKK Kulasuriya
3.727272727272727,45.05494505494506,41,24,27.125,26.291666666666668,6.190174326465927,2,235.89237861979544,Bowler,CBRLS Kumara
7.666666666666667,100.0,23,15,21.666666666666668,25.0,5.2,1,147.26666666666665,Bowler,JDF Vandersay
4.647058823529412,36.405529953917046,79,60,22.683333333333334,29.4,4.629251700680272,2,603.5062024809923,Bowler,Kuldeep Yadav
56.8,96.35284139100932,1136,1,36.0,24.0,9.0,9,50.95,Batsman,S Mandhana
28.294117647058822,84.83245149911816,481,0,0.0,0.0,7.432835820895523,13,18.48726953467954,Batsman,H Kaur
13.73913043478261,56.42857142857143,316,28,28.428571428571427,38.035714285714285,4.484507042253521,8,295.3788120024495,All-rounder,Rohan Mustafa
22.181818181818183,68.73239436619718,244,0,0.0,0.0,5.4,2,21.472727272727273,Batsman,Rameez Shahzad
3.875,55.85585585585585,62,35,27.485714285714284,33.285714285714285,4.954506437768241,4,347.02848712446354,Bowler,Zahoor Khan
2.0,33.33333333333333,2,1,94.0,93.0,6.064516129032258,1,3.870967741935485,Unknown,A Nao
32.5,68.42105263157895,65,3,27.0,38.0,4.2631578947368425,0,68.97368421052632,Unknown,AC Agar
16.4375,69.21052631578948,263,43,17.372093023255815,25.13953488372093,4.146160962072155,3,445.4576780758557,All-rounder,DB Sharma
5.0,37.03703703703704,10,6,18.166666666666668,26.0,4.192307692307692,0,65.11538461538461,Bowler,DP Vaidya
1.8181818181818181,35.08771929824561,20,20,32.65,40.4,4.849009900990099,8,195.483798379838,Bowler,Nashra Sandhu
1.25,31.25,5,6,34.833333333333336,35.333333333333336,5.915094339622641,0,52.16981132075472,Bowler,Ghulam Fatima
10.555555555555555,69.34306569343066,95,35,16.057142857142857,27.085714285714285,3.5569620253164556,7,358.1082981715893,Bowler,KJ Garth
19.533333333333335,71.81372549019608,293,9,50.0,59.111111111111114,5.075187969924812,4,107.04962406015038,All-rounder,L Delany
32.04761904761905,70.61909758656874,673,0,0.0,0.0,8.571428571428571,12,28.238095238095237,Batsman,GH Lewis
16.5,68.75,33,4,28.75,47.0,3.6702127659574466,0,56.659574468085104,Bowler,BTJ Wheal
6.416666666666667,77.0,77,19,26.105263157894736,36.21052631578947,4.325581395348837,5,189.68217054263567,Bowler,RE van der Merwe
31.12121212121212,69.48579161028417,1027,1,89.0,81.0,6.592592592592593,8,41.602693602693606,Batsman,MP O'Dowd
4.25,73.91304347826086,68,33,27.303030303030305,30.545454545454547,5.363095238095238,4,325.0238095238095,Bowler,PA van Meekeren
14.5,66.66666666666666,58,1,79.0,151.0,3.1390728476821192,1,25.471854304635766,Bowler,T van der Gugten
22.46153846153846,56.699029126213595,292,11,40.0,50.45454545454545,4.756756756756757,3,140.1018711018711,All-rounder,Zeeshan Maqsood
30.142857142857142,65.12345679012346,422,4,89.5,90.0,5.966666666666667,1,74.35238095238095,All-rounder,Aqib Ilyas
0.6666666666666666,19.047619047619047,4,25,26.68,27.2,5.885294117647058,0,241.72941176470587,Bowler,Bilal Khan
2.625,63.63636363636363,21,12,36.083333333333336,49.0,4.418367346938775,4,115.28826530612245,Bowler,Kaleemullah
24.416666666666668,65.84269662921348,293,2,87.5,90.5,5.801104972375691,0,45.48112338858196,All-rounder,Mohammad Nadeem
16.5,94.28571428571428,66,0,0.0,0.0,8.754098360655739,0,-0.008196721311477972,Unknown,Mehran Khan
41.25925925925926,107.11538461538461,1114,8,64.5,68.25,5.67032967032967,13,107.17785917785918,All-rounder,AK Markram
18.428571428571427,92.80575539568345,129,10,31.8,33.3,5.72972972972973,4,108.39768339768341,Bowler,PWA Mulder
18.0,69.23076923076923,18,6,16.333333333333332,18.833333333333332,5.20353982300885,2,75.5929203539823,Unknown,BE Hendricks
5.363636363636363,46.82539682539682,59,29,37.793103448275865,36.827586206896555,6.157303370786517,9,289.1399387129724,Bowler,L Ngidi
3.0,17.647058823529413,6,0,0.0,0.0,6.279069767441861,0,4.441860465116278,Unknown,Kainat Imtiaz
54.785714285714285,89.28987194412107,767,18,26.333333333333332,37.72222222222222,4.188512518409425,10,232.980117820324,All-rounder,HK Matthews
25.90909090909091,63.19290465631929,570,9,40.0,44.55555555555556,5.386533665835412,2,120.22693266832917,All-rounder,SR Taylor
11.6,84.05797101449275,58,8,26.0,33.5,4.656716417910448,3,84.4865671641791,Bowler,DJS Dottin
7.833333333333333,83.1858407079646,94,19,24.57894736842105,35.26315789473684,4.182089552238806,1,191.05248756218904,Bowler,ASS Fletcher
3.4285714285714284,77.41935483870968,24,8,37.75,43.75,5.177142857142857,1,74.07428571428572,Bowler,SS Connell
20.142857142857142,75.80645161290323,141,8,19.25,19.875,5.811320754716981,3,94.94878706199461,Bowler,Q Joseph
22.2,86.54970760233918,444,9,32.888888888888886,38.111111111111114,5.177842565597668,14,105.29431486880466,All-rounder,TM McGrath
7.4,64.91228070175438,74,34,16.058823529411764,25.61764705882353,3.7611940298507465,8,343.8776119402985,Bowler,S Ecclestone
30.071428571428573,91.3232104121475,421,3,94.66666666666667,86.33333333333333,6.579150579150579,10,49.770270270270274,All-rounder,RP Burl
11.23076923076923,95.42483660130719,146,36,23.22222222222222,28.63888888888889,4.865179437439379,2,362.03887189435204,Bowler,R Ngarava
24.545454545454547,60.742407199100114,540,0,0.0,0.0,6.0,5,28.409090909090907,Batsman,L Paul
24.58823529411765,79.61904761904762,418,26,24.615384615384617,29.576923076923077,4.993498049414824,5,280.8953568423468,All-rounder,N de Klerk
7.0,73.68421052631578,14,2,22.0,24.0,5.5,0,18.5,Unknown,S MacMahon
16.0,91.42857142857143,32,1,99.0,120.0,4.949999999999999,0,17.6,Bowler,A Dananjaya
14.555555555555555,106.5040650406504,262,52,19.403846153846153,21.71153846153846,5.362267493356953,6,522.9421316799527,All-rounder,PWH de Silva
8.2,49.39759036144578,41,4,55.5,55.25,6.027149321266968,1,44.54570135746606,Bowler,PVD Chameera
0.6666666666666666,15.384615384615385,2,17,25.529411764705884,27.764705882352942,5.516949152542373,2,163.2994350282486,Bowler,AM Fernando
9.833333333333334,93.65079365079364,59,22,23.772727272727273,23.136363636363637,6.165029469548134,1,218.16994106090374,Bowler,SN Thakur
15.0,50.0,15,1,16.0,19.0,5.052631578947368,0,29.894736842105264,Unknown,RA Reifer
25.4,92.02898550724638,381,19,32.421052631578945,31.210526315789473,6.232715008431703,5,205.1345699831366,All-rounder,SM Curran
1.5,23.076923076923077,3,1,119.0,122.0,5.852459016393443,1,4.795081967213115,Bowler,MG Neser
44.107142857142854,103.95622895622895,1235,0,0.0,0.0,2.0,12,38.42857142857142,Batsman,SS Iyer
3.5,41.66666666666667,35,48,21.520833333333332,24.208333333333332,5.333907056798623,2,477.7321858864027,Bowler,Mohammed Siraj
5.3076923076923075,75.0,69,25,34.84,41.56,5.029836381135707,3,247.01725031465165,Bowler,B Muzarabani
14.625,76.47058823529412,117,10,34.7,41.1,5.065693430656934,2,108.99361313868613,Bowler,Washington Sundar
24.4,97.6,122,8,41.125,44.5,5.544943820224719,2,93.91011235955057,Bowler,P Vastrakar
34.95,92.82868525896414,699,4,3.0,8.25,2.1818181818181817,9,73.28636363636365,Batsman,JI Rodrigues
19.0,76.0,57,9,28.555555555555557,35.888888888888886,4.773993808049536,6,105.45201238390092,Bowler,RP Yadav
12.875,76.86567164179104,103,26,20.807692307692307,29.423076923076923,4.243137254901961,0,268.26372549019607,Bowler,KL Cross
20.5,83.24873096446701,164,1,48.0,36.0,8.0,2,18.624999999999996,Unknown,Afif Hossain
14.0,61.25000000000001,98,13,25.846153846153847,30.384615384615383,5.10379746835443,1,142.649547920434,Bowler,Mahedi Hasan
1.0,66.66666666666666,2,6,18.333333333333332,28.666666666666668,3.8372093023255816,2,53.825581395348834,Bowler,S Molineux
2.0,66.66666666666666,2,2,8.5,15.0,3.4,1,16.2,Unknown,AN Davidson-Richards
17.22222222222222,54.96453900709219,155,2,69.0,53.0,7.811320754716981,4,35.710691823899374,Unknown,CJA Amini
10.8,125.5813953488372,54,10,27.3,29.6,5.533783783783783,4,97.53243243243243,Bowler,KMA Paul
8.583333333333334,62.048192771084345,103,22,35.77272727272727,35.5,6.046094750320102,3,221.74114383269313,Bowler,CAK Rajitha
18.333333333333332,122.22222222222223,55,4,35.5,36.75,5.795918367346939,0,43.40816326530612,Bowler,OF Smith
8.705882352941176,101.36986301369863,148,59,25.152542372881356,25.949152542372882,5.815806662312214,7,586.9566219694932,Bowler,Shaheen Shah Afridi
3.6666666666666665,47.82608695652174,11,4,42.75,44.75,5.731843575418995,2,36.20297951582867,Bowler,OP Stone
20.545454545454547,83.7037037037037,226,0,0.0,0.0,7.418181818181818,6,9.70909090909091,Batsman,PHKD Mendis
16.11111111111111,82.15297450424929,290,54,22.203703703703702,27.444444444444443,4.854251012145749,2,549.9026090868196,All-rounder,S Lamichhane
3.0,75.0,12,7,34.857142857142854,40.0,5.228571428571429,1,63.542857142857144,Bowler,FJ Klaassen
25.88888888888889,68.02919708029196,466,4,66.5,78.75,5.066666666666666,14,67.92222222222223,All-rounder,Aarif Sheikh
18.08695652173913,78.3427495291902,416,26,25.73076923076923,37.23076923076923,4.1466942148760335,13,274.7935680919871,All-rounder,DS Airee
16.94736842105263,84.73684210526315,322,30,34.1,38.36666666666667,5.33275412684622,6,309.33449174630755,All-rounder,Sompal Kami
13.947368421052632,91.6955017301038,265,38,26.68421052631579,30.657894736842106,5.222317596566524,7,384.76589112265646,All-rounder,Karan KC
0.09090909090909091,1.7543859649122806,1,31,21.451612903225808,33.32258064516129,3.8625363020329138,5,307.4567455777524,Bowler,LN Rajbanshi
17.285714285714285,101.68067226890756,121,7,32.714285714285715,31.571428571428573,6.217194570135748,4,74.56561085972851,Bowler,Saqib Zulfiqar
28.545454545454547,78.01242236024845,628,36,27.27777777777778,28.52777777777778,5.7370983446932815,12,385.1167124015225,All-rounder,BFW de Leede
16.0,72.42798353909465,176,8,58.0,74.875,4.647746243739566,6,92.79541660342996,Bowler,WP Masakadza
8.0,65.57377049180327,40,3,43.333333333333336,48.666666666666664,5.342465753424658,0,31.515068493150686,Bowler,B Mavuta
7.5,78.94736842105263,15,8,29.625,28.0,6.348214285714285,0,76.80357142857143,Bowler,A Nortje
10.642857142857142,62.60504201680672,149,17,33.8235294117647,44.94117647058823,4.515706806282722,5,177.96858638743456,Bowler,Fahima Khatun
15.76923076923077,58.57142857142858,205,0,0.0,0.0,6.967741935483872,3,12.987593052109176,Batsman,S Mostary
15.125,103.41880341880344,121,21,31.047619047619047,33.285714285714285,5.5965665236051505,1,213.4318669527897,Bowler,JC Archer
2.25,45.0,9,4,42.0,38.0,6.631578947368421,0,31.736842105263158,Bowler,O Thomas
17.6,128.46715328467153,176,22,22.181818181818183,30.272727272727273,4.396396396396397,9,224.9072072072072,Bowler,G Wareham
3.0,100.0,3,5,22.8,25.0,5.472,0,42.056,Bowler,RA Mair
36.241379310344826,82.69079464988198,1051,6,21.333333333333332,16.333333333333332,7.836734693877551,23,88.15411681914145,Batsman,M Labuschagne
10.714285714285714,50.67567567567568,75,8,39.75,39.75,6.0,3,89.14285714285714,Bowler,C Karunaratne
7.0,55.75221238938053,63,22,22.818181818181817,23.636363636363637,5.792307692307692,2,220.97094017094017,Bowler,C Murray
9.0,112.5,9,0,0.0,0.0,10.2,0,-12.399999999999999,Unknown,EAJ Richardson
28.6,60.337552742616026,143,0,0.0,0.0,2.5,1,42.400000000000006,Unknown,N Chaiwai
14.25,45.96774193548387,57,7,13.142857142857142,31.142857142857142,2.532110091743119,0,95.93577981651376,Bowler,N Boochatham
10.6,35.099337748344375,53,2,18.5,42.5,2.611764705882353,1,44.97647058823529,Unknown,S Tippoch
11.75,54.65116279069767,47,7,12.285714285714286,20.714285714285715,3.5586206896551724,0,84.38275862068966,Bowler,C Sutthiruang
11.0,66.66666666666666,22,5,12.2,18.6,3.935483870967742,0,58.62903225806451,Unknown,S Laomi
6.5,57.77777777777777,26,8,10.25,23.5,2.617021276595745,0,86.01595744680851,Bowler,O Kamchomphu
60.2,84.07821229050279,301,6,16.833333333333332,28.833333333333332,3.5028901734104045,2,124.59421965317921,Bowler,KE Bryce
13.666666666666666,51.46443514644351,123,8,35.5,43.875,4.854700854700855,2,96.84615384615385,Bowler,PA Chatterji
2.4,33.33333333333333,12,20,12.85,19.15,4.026109660574413,1,199.14778067885118,Bowler,AH Maqsood
3.0,34.285714285714285,12,9,16.11111111111111,19.11111111111111,5.058139534883721,1,88.63372093023256,Bowler,HRA Rainey
29.833333333333332,81.7351598173516,179,4,18.75,31.75,3.543307086614173,3,69.41338582677164,Bowler,R Rijke
14.75,59.59595959595959,118,17,13.529411764705882,23.176470588235293,3.50253807106599,4,187.74492385786803,Bowler,S Jimmy
22.857142857142858,68.08510638297872,160,5,16.6,27.2,3.6617647058823533,1,76.24789915966386,Bowler,P Siaka
29.0,63.04347826086957,232,2,15.0,22.5,4.0,3,58.0,Unknown,T Ruma
5.857142857142857,41.0,41,11,26.181818181818183,35.90909090909091,4.374683544303798,3,115.53634719710669,Bowler,I Toua
10.142857142857142,39.66480446927375,71,11,20.09090909090909,29.272727272727273,4.118012422360248,0,127.33540372670807,Bowler,V Araa
1.5,300.0,3,6,20.333333333333332,24.333333333333332,5.013698630136986,0,50.47260273972603,Bowler,S Siegers
13.0,56.52173913043478,39,0,0.0,0.0,5.5,0,12.0,Unknown,D Hemalatha
7.0,48.837209302325576,21,8,25.0,33.75,4.444444444444445,3,85.44444444444446,Bowler,A Reddy
12.25,56.97674418604651,49,2,56.0,33.5,10.029850746268657,0,21.440298507462686,Unknown,Umaima Sohail
6.0,33.33333333333333,6,2,21.5,28.0,4.607142857142858,1,28.78571428571429,Unknown,TS Sekhukhune
11.3,48.497854077253216,113,3,45.333333333333336,47.666666666666664,5.706293706293707,1,41.887412587412584,Bowler,Ritu Moni
20.25,86.47686832740213,243,6,35.0,45.833333333333336,4.581818181818182,3,74.2530303030303,All-rounder,CA Henry
21.714285714285715,74.14634146341463,304,22,21.954545454545453,26.045454545454547,5.057591623036648,5,239.170531039641,All-rounder,WK Dilhari
13.25,104.95049504950495,212,44,26.818181818181817,30.25,5.31930879038317,10,441.9863824192337,All-rounder,MR Adair
3.3333333333333335,125.0,10,8,38.875,38.5,6.058441558441559,1,70.54978354978356,Bowler,Mohammad Hasnain
49.7,110.44444444444443,497,3,53.666666666666664,38.333333333333336,8.399999999999999,4,58.20000000000001,Batsman,SE Rutherford
0.5,25.0,1,3,24.0,26.666666666666668,5.4,0,21.2,Unknown,Khaled Ahmed
52.743589743589745,98.18615751789976,2057,0,0.0,0.0,8.333333333333332,31,37.05128205128206,Batsman,Shubman Gill
45.84375,96.6403162055336,1467,9,24.666666666666668,24.11111111111111,6.138248847926267,25,125.16100230414747,All-rounder,DJ Mitchell
3.0,60.0,15,7,50.142857142857146,46.42857142857143,6.48,1,62.04,Bowler,BM Tickner
1.0,33.33333333333333,3,10,23.9,28.1,5.103202846975089,0,92.79359430604983,Bowler,Ebadat Hossain
23.066666666666666,70.46843177189409,692,10,23.8,34.6,4.127167630057803,9,124.47899807321772,All-rounder,RK Paudel
5.75,53.07692307692308,69,19,23.736842105263158,31.736842105263158,4.487562189054726,5,191.8582089552239,Bowler,K Ramharack
10.666666666666666,100.0,32,5,16.6,18.6,5.354838709677419,0,49.956989247311824,Unknown,MK Villiers
15.0,110.29411764705883,75,3,71.33333333333333,72.66666666666667,5.889908256880734,5,31.820183486238534,Bowler,GJ Delany
13.666666666666666,64.0625,41,3,41.666666666666664,52.666666666666664,4.746835443037975,2,41.83966244725738,Bowler,P Sarraf
21.65,58.991825613079016,433,1,26.0,31.0,5.032258064516129,5,36.63548387096775,Batsman,Jatinder Singh
14.714285714285714,52.820512820512825,103,12,14.666666666666666,30.833333333333332,2.854054054054054,3,142.14903474903474,Bowler,Aamir Kaleem
11.0,64.36170212765957,121,21,32.38095238095238,31.61904761904762,6.144578313253012,4,214.80175246440308,Bowler,Fayyaz Butt
3.875,51.66666666666667,31,17,23.705882352941178,37.470588235294116,3.795918367346939,3,169.90816326530611,Bowler,Jay Odedra
10.4,55.91397849462365,52,2,12.5,16.0,4.6875,3,29.225,Unknown,Wasim Ali
3.6666666666666665,26.82926829268293,11,3,10.0,25.0,2.4000000000000004,0,38.86666666666666,Unknown,Sufyan Mehmood
7.0,350.0,7,1,46.0,44.0,6.2727272727272725,0,-0.545454545454545,Unknown,A Neill
34.89473684210526,98.07692307692307,663,28,23.285714285714285,30.107142857142858,4.640569395017794,16,306.29780857838546,All-rounder,A Sutherland
14.125,77.3972602739726,113,1,67.0,69.0,5.826086956521739,0,16.597826086956523,Unknown,Shafali Verma
16.214285714285715,76.6891891891892,227,15,23.8,27.666666666666668,5.16144578313253,3,160.81996557659207,All-rounder,AA Alleyne
10.11111111111111,112.34567901234568,91,18,26.5,32.77777777777778,4.850847457627118,2,179.29830508474578,Bowler,JM Kerr
12.0,75.0,48,9,27.666666666666668,37.55555555555556,4.420118343195266,1,97.15976331360946,Bowler,S Glenn
4.142857142857143,59.183673469387756,29,19,33.73684210526316,43.1578947368421,4.690243902439025,4,187.61951219512196,Bowler,N Mlaba
2.75,53.65853658536586,22,17,19.41176470588235,35.1764705882353,3.311036789297659,1,168.50292642140468,Bowler,Sadia Iqbal
24.0,68.36581709145428,456,0,0.0,0.0,7.0285714285714285,6,21.048120300751876,Batsman,Aaron Jones
10.5,47.72727272727273,21,0,0.0,0.0,7.14,1,7.720000000000001,Unknown,HR Walsh
11.764705882352942,71.94244604316546,200,31,34.0,35.193548387096776,5.796516956920256,4,314.7599072626301,All-rounder,Jasdeep Singh
4.0,57.971014492753625,40,27,26.037037037037038,39.074074074074076,3.9981042654028434,2,268.9037914691943,Bowler,SN Netravalkar
3.2,100.0,16,21,14.523809523809524,18.095238095238095,4.815789473684211,0,203.56842105263158,Bowler,Ali Khan
12.5,49.01960784313725,75,2,88.0,92.0,5.739130434782609,2,34.02173913043478,Bowler,K Birkenstock
26.692307692307693,76.013143483023,694,31,22.93548387096774,28.35483870967742,4.853242320819113,14,335.40889997374643,All-rounder,MG Erasmus
22.266666666666666,61.737523105360445,334,11,18.272727272727273,23.181818181818183,4.729411764705882,5,136.60784313725492,All-rounder,JJ Smit
21.933333333333334,64.38356164383562,329,3,60.0,72.33333333333333,4.976958525345622,4,54.112749615975424,All-rounder,JN Frylinck
16.25,79.75460122699386,130,7,38.142857142857146,48.142857142857146,4.753709198813056,4,80.86758160237389,Bowler,HN Ya France
8.3,69.4560669456067,166,37,22.81081081081081,39.62162162162162,3.454297407912688,1,375.0414051841746,Bowler,BM Scholtz
24.333333333333332,73.1829573934837,292,14,40.214285714285715,40.5,5.957671957671957,3,161.33465608465607,All-rounder,Fatima Sana
6.0,42.10526315789473,24,1,168.0,152.0,6.631578947368421,1,10.98684210526316,Bowler,N Shangase
13.125,64.41717791411043,105,1,35.0,44.0,4.7727272727272725,3,20.829545454545453,Unknown,SM Mayers
21.11111111111111,63.97306397306397,190,18,14.277777777777779,25.11111111111111,3.4115044247787614,3,206.1769911504425,Bowler,J Nkomo
15.75,80.76923076923077,63,5,23.0,37.0,3.72972972972973,0,62.04054054054054,Bowler,P Marange
7.4,38.94736842105263,37,3,31.666666666666668,36.666666666666664,5.181818181818182,0,38.63636363636364,Unknown,L Phiri
9.75,48.148148148148145,39,11,22.0,34.09090909090909,3.872,2,122.506,Bowler,A Mazvishaya
30.6,72.0,306,1,16.0,26.0,3.6923076923076925,2,45.11538461538461,Batsman,A Ndiraya
7.5,38.46153846153847,60,10,25.7,43.0,3.586046511627907,2,112.32790697674419,Bowler,N Sibanda
8.428571428571429,48.36065573770492,59,9,27.333333333333332,43.55555555555556,3.7653061224489797,2,99.89795918367348,Bowler,HJ Thomas
33.583333333333336,116.47398843930637,403,8,47.5,48.25,5.9067357512953365,8,97.01986183074266,All-rounder,Iftikhar Ahmed
17.933333333333334,89.66666666666666,269,28,34.142857142857146,35.642857142857146,5.74749498997996,11,288.50501002004006,All-rounder,SA Abbott
32.25,102.38095238095238,129,2,106.5,110.5,5.782805429864253,1,39.93438914027149,Bowler,Khushdil Shah
12.555555555555555,84.32835820895522,113,37,26.783783783783782,28.783783783783782,5.583098591549296,0,373.72269170579034,Bowler,Naseem Shah
11.5,60.526315789473685,46,7,39.285714285714285,43.714285714285715,5.392156862745098,1,78.2156862745098,Bowler,G Kodali
2.0,48.888888888888886,22,20,29.6,38.25,4.643137254901961,5,194.80463458110518,Bowler,T Lungameni
1.0,20.0,1,0,0.0,0.0,9.333333333333334,0,-13.666666666666668,Unknown,BDH Stevens
3.5,53.84615384615385,7,0,0.0,0.0,5.924050632911393,0,-5.348101265822786,Unknown,DG Blampied
17.25,65.09433962264151,69,4,46.5,45.75,6.0983606557377055,1,54.303278688524586,Bowler,B Ward
10.333333333333334,88.57142857142857,31,7,24.857142857142858,30.857142857142858,4.833333333333334,0,72.0,Bowler,CW Perchard
0.5,14.285714285714285,1,4,29.25,30.0,5.85,0,31.8,Bowler,EJB Miles
28.0,113.51351351351352,84,10,21.3,24.6,5.195121951219512,1,114.27642276422765,Bowler,J Sumerauer
11.4,67.05882352941175,57,11,28.90909090909091,32.0,5.420454545454546,1,116.1590909090909,Bowler,BC Fortuin
2.25,47.368421052631575,9,3,94.0,90.33333333333333,6.243542435424354,1,22.262915129151292,Bowler,S Mahmood
2.0,66.66666666666666,2,2,33.5,35.5,5.661971830985915,1,11.67605633802817,Unknown,S Muthusamy
11.333333333333334,80.95238095238095,34,1,40.0,63.0,3.8095238095238093,1,16.380952380952383,Unknown,S Dube
14.5,76.31578947368422,58,5,70.6,69.8,6.0687679083094554,0,56.86246418338109,Bowler,KA Jamieson
0.8,15.384615384615385,4,18,22.27777777777778,27.0,4.950617283950617,1,175.29876543209875,Bowler,VJ Kingma
1.25,33.33333333333333,5,7,15.571428571428571,24.571428571428573,3.802325581395349,1,66.14534883720931,Bowler,HWA Landheer
15.166666666666666,54.166666666666664,91,7,26.571428571428573,43.57142857142857,3.6590163934426227,4,90.68196721311475,Bowler,C de Lange
14.166666666666666,44.97354497354497,85,14,12.428571428571429,24.928571428571427,2.9914040114613183,2,165.51719197707737,Bowler,IJR Zwilling
9.0,37.89473684210527,36,8,11.125,17.25,3.869565217391304,1,96.01086956521739,Bowler,AS van Beuge
25.333333333333332,76.38190954773869,152,9,16.11111111111111,27.22222222222222,3.5510204081632653,2,116.06462585034012,Bowler,K Fraser
11.333333333333334,64.76190476190476,68,8,17.0,28.125,3.626666666666667,2,90.24666666666667,Bowler,EN Lynch
16.833333333333332,42.97872340425532,101,2,39.0,47.0,4.9787234042553195,1,49.209219858156025,Unknown,F Overdijk
29.818181818181817,73.37807606263982,656,15,36.2,41.13333333333333,5.280388978930308,9,180.07558567850302,All-rounder,O Prendergast
11.25,80.35714285714286,45,1,20.0,12.0,10.0,0,4.0,Unknown,TH David
10.5,61.76470588235294,21,3,32.333333333333336,27.0,7.185185185185185,1,32.62962962962963,Unknown,Zawar Farid
7.444444444444445,51.14503816793893,67,14,26.5,34.214285714285715,4.6471816283924845,2,145.2611922987706,Bowler,NK Patel
26.818181818181817,56.40535372848948,295,0,0.0,0.0,20.0,7,7.545454545454547,Batsman,NS Dhaliwal
15.818181818181818,106.74846625766872,174,28,22.857142857142858,29.285714285714285,4.682926829268293,1,285.4523281596452,Bowler,D Heyliger
14.0,57.377049180327866,70,2,73.0,99.0,4.424242424242424,1,35.551515151515154,Bowler,N Dutta
13.5625,72.5752508361204,217,25,30.4,42.52,4.2897460018814675,4,260.10800799623706,All-rounder,Saad Bin Zafar
3.5,30.434782608695656,7,1,70.0,104.0,4.038461538461538,0,13.423076923076922,Unknown,Junaid Siddiqui
32.21052631578947,66.8122270742358,612,22,28.045454545454547,40.09090909090909,4.197278911564626,8,259.8159684926602,All-rounder,H Thaker
1.4,31.818181818181817,14,22,30.40909090909091,31.545454545454547,5.783861671469741,5,212.83227665706053,Bowler,B Shikongo
40.90909090909091,85.87786259541986,900,2,81.5,80.0,6.112500000000001,11,55.411363636363625,All-rounder,HT Tector
25.076923076923077,75.11520737327189,326,15,28.666666666666668,35.266666666666666,4.877126654064272,7,173.63036207648685,All-rounder,CN Ackermann
7.333333333333333,110.00000000000001,88,53,27.264150943396228,27.77358490566038,5.889945652173913,5,524.8867753623188,Bowler,Haris Rauf
31.57894736842105,86.20689655172413,600,19,31.842105263157894,32.73684210526316,5.836012861736335,6,214.95955322389574,All-rounder,C Campher
0.6666666666666666,66.66666666666666,2,14,32.214285714285715,31.785714285714285,6.080898876404493,2,128.83820224719102,Bowler,RJW Topley
14.7,77.36842105263158,147,18,19.333333333333332,24.944444444444443,4.650334075723831,3,189.69933184855233,Bowler,R Hekure
3.3461538461538463,55.4140127388535,87,43,30.6046511627907,36.25581395348837,5.064785118665812,3,425.9088913011299,Bowler,Junaid Siddique
31.25,83.89261744966443,125,2,70.5,91.5,4.6229508196721305,0,48.00409836065574,Bowler,H Carlyon
30.1875,74.19354838709677,483,4,19.25,28.5,4.052631578947368,8,72.58223684210526,Batsman,NR Kirton
3.2,69.56521739130434,16,10,27.5,31.7,5.205047318611988,0,94.18990536277602,Bowler,JOA Gordon
3.3333333333333335,71.42857142857143,10,2,140.0,169.0,4.9704142011834325,2,14.725838264299803,Bowler,C Floyd
29.392857142857142,70.88716623600344,823,7,37.285714285714285,36.714285714285715,6.093385214007782,5,99.27751528627016,All-rounder,Vikramjit Singh
24.85185185185185,87.36979166666666,671,19,31.473684210526315,41.63157894736842,4.5360303413400755,3,209.3723837617643,All-rounder,Kushal Malla
15.75,109.2485549132948,189,24,30.791666666666668,31.75,5.818897637795276,0,242.7788713910761,Bowler,R Shepherd
23.85,73.15950920245399,477,10,40.9,49.3,4.9776876267748476,6,122.64462474645032,All-rounder,Basil Hameed
7.526315789473684,46.885245901639344,143,27,29.666666666666668,30.14814814814815,5.904176904176904,7,274.2442777705936,Bowler,KP Meiyappan
10.666666666666666,67.84452296819788,192,32,29.4375,40.46875,4.364478764478764,7,326.9932646932647,Bowler,NP Kenjige
3.3636363636363638,37.0,37,24,23.166666666666668,37.333333333333336,3.7232142857142856,6,241.6444805194805,Bowler,Rabeya Khan
5.0,50.0,25,0,0.0,0.0,6.433734939759036,0,-2.8674698795180724,Unknown,JI de Villiers
7.0,77.77777777777779,7,2,47.0,49.0,5.755102040816326,0,17.489795918367346,Unknown,VM Nyauchi
24.083333333333332,79.3956043956044,289,6,30.5,35.333333333333336,5.179245283018868,8,79.9748427672956,All-rounder,W Madhevere
4.0,54.54545454545454,36,21,28.904761904761905,29.142857142857142,5.950980392156863,0,205.4313725490196,Bowler,Hasan Mahmud
25.846153846153847,75.67567567567568,336,9,51.333333333333336,50.0,6.16,8,111.83384615384617,All-rounder,C Green
9.75,50.0,39,5,33.4,42.6,4.704225352112676,4,60.09154929577465,Bowler,CS Fraser
3.0,50.0,6,4,41.0,43.0,5.72093023255814,1,34.55813953488372,Bowler,M Faraz Akram
17.4,72.5,174,8,37.25,43.625,5.123209169054441,3,93.75358166189112,Bowler,KR Mayers
1.8,52.94117647058824,9,16,26.0,25.1875,6.193548387096774,1,151.01290322580647,Bowler,JA Duffy
5.333333333333333,89.8876404494382,80,29,31.79310344827586,33.241379310344826,5.738589211618257,1,284.4561549100968,Bowler,Shoriful Islam
17.25,83.13253012048193,138,9,53.44444444444444,60.77777777777778,5.276051188299817,4,100.19789762340037,Bowler,Nasum Ahmed
33.9,88.56956237753103,1356,16,19.4375,25.75,4.529126213592233,12,189.21674757281554,All-rounder,KIC Asalanka
16.625,79.16666666666666,133,12,47.25,40.666666666666664,6.971311475409836,5,127.05737704918033,Bowler,BA Carse
19.45,107.45856353591161,389,0,0.0,0.0,8.5,9,1.0999999999999979,Batsman,SA Yadav
0.0,0.0,0,4,37.0,31.5,7.0476190476190474,1,25.904761904761905,Bowler,M Prasidh Krishna
29.0,69.82343499197432,435,3,45.0,42.333333333333336,6.377952755905513,6,58.77742782152231,All-rounder,BM Halliday
1.7142857142857142,28.57142857142857,12,10,46.0,60.5,4.56198347107438,1,96.87603305785125,Bowler,FC Jonas
0.0,0.0,0,0,0.0,0.0,4.2272727272727275,0,-8.454545454545455,Unknown,Fariha Trisna
13.461538461538462,97.22222222222221,175,48,14.354166666666666,20.145833333333332,4.275077559462254,7,485.29599872722935,Bowler,A King
2.0,40.0,4,10,32.7,46.9,4.183368869936034,4,96.63326226012794,Bowler,D Brown
0.5,20.0,2,7,28.285714285714285,38.0,4.466165413533835,1,63.56766917293233,Bowler,S Rana
6.0,85.71428571428571,6,1,55.0,79.0,4.177215189873418,0,8.645569620253166,Unknown,Meghna Singh
16.8,64.12213740458014,168,33,21.696969696969695,26.545454545454547,4.904109589041096,3,346.3917808219178,Bowler,CE Dean
5.333333333333333,52.459016393442624,32,14,31.642857142857142,36.642857142857146,5.181286549707602,1,139.80409356725144,Bowler,AJ Hosein
4.5,78.26086956521739,18,13,19.307692307692307,18.76923076923077,6.172131147540984,0,123.40573770491804,Bowler,SSB Magala
5.666666666666667,73.91304347826086,17,15,20.4,22.333333333333332,5.480597014925373,0,146.7054726368159,Bowler,LB Williams
17.357142857142858,93.10344827586206,243,26,31.846153846153847,33.0,5.79020979020979,5,267.0624375624376,All-rounder,LV van Beek
17.857142857142858,60.97560975609756,125,0,0.0,0.0,5.0,3,19.285714285714285,Unknown,Musa Ahmed
17.5,57.377049180327866,35,6,27.166666666666668,36.0,4.527777777777778,4,81.44444444444444,Bowler,K Sinclair
5.5,61.111111111111114,11,2,41.5,62.5,3.984,1,21.032,Bowler,DC Drakes
2.0,31.57894736842105,6,9,44.888888888888886,44.666666666666664,6.029850746268657,2,84.27363184079601,Bowler,JNT Seales
15.6,105.40540540540539,78,2,29.5,32.5,5.446153846153846,2,23.907692307692308,Unknown,LM Jongwe
19.7,72.82809611829944,394,17,22.647058823529413,22.529411764705884,6.031331592689295,11,184.98733681462141,All-rounder,JN Loftie-Eaton
7.190476190476191,63.983050847457626,151,42,30.047619047619047,38.404761904761905,4.69435833849969,7,421.8493785610959,Bowler,A Dutt
25.866666666666667,86.12652608213097,776,9,18.333333333333332,24.0,4.583333333333333,17,110.86666666666666,All-rounder,K Bhurtel
1.4285714285714286,25.0,10,7,45.57142857142857,51.285714285714285,5.3314763231197775,2,65.05133306804616,Bowler,MM Penfold
5.846153846153846,50.331125827814574,76,11,40.0,60.09090909090909,3.993948562783661,4,113.6274874898173,Bowler,A Canning
6.375,50.0,51,9,37.666666666666664,43.111111111111114,5.242268041237113,3,92.26546391752578,Bowler,G Dempsey
9.2,92.0,46,21,23.571428571428573,24.571428571428573,5.7558139534883725,3,208.48837209302326,Bowler,Mohammad Wasim
11.25,48.17987152034261,225,65,19.0,24.953846153846154,4.568434032059186,6,664.2131319358816,All-rounder,M Theekshana
33.294117647058826,78.94002789400278,566,3,53.666666666666664,57.666666666666664,5.583815028901734,1,61.008840530431826,All-rounder,J Liyanage
2.0,43.75,14,19,27.31578947368421,32.89473684210526,4.9824,1,184.6066285714286,Bowler,Renuka Singh
7.333333333333333,57.89473684210527,22,0,0.0,0.0,8.0,1,-3.3333333333333357,Unknown,Shamim Hossain
5.0,76.92307692307693,10,2,30.5,32.5,5.63076923076923,0,15.23846153846154,Unknown,I van der Woning
11.166666666666666,109.8360655737705,67,12,31.25,36.416666666666664,5.148741418764303,3,119.86918382913805,Bowler,NT Ellis
43.111111111111114,106.78899082568807,1164,19,45.89473684210526,47.21052631578947,5.832775919732441,7,218.7048185309055,All-rounder,R Ravindra
25.2,94.73684210526315,126,4,34.0,42.25,4.828402366863905,3,56.94319526627219,Bowler,CE McConchie
5.0,23.14814814814815,25,12,9.583333333333334,20.666666666666668,2.782258064516129,0,136.03548387096774,Bowler,T Putthawong
11.333333333333334,32.075471698113205,34,6,24.333333333333332,26.5,5.509433962264151,0,84.31446540880503,Bowler,C Chatonzwa
6.714285714285714,43.51851851851852,47,7,28.714285714285715,39.285714285714285,4.385454545454546,1,76.65766233766233,Bowler,L Tshuma
3.5,66.66666666666666,14,4,39.75,45.0,5.3,2,34.65,Bowler,KV Morea
26.0,81.25,416,10,41.9,46.1,5.453362255965293,6,121.09327548806941,All-rounder,Ayan Khan
16.666666666666668,92.16589861751152,200,19,21.68421052631579,24.36842105263158,5.339092872570195,4,197.40514758819296,All-rounder,CN Greaves
16.6875,101.13636363636364,267,28,24.892857142857142,32.214285714285715,4.636363636363637,3,287.22727272727275,All-rounder,R Trumpelmann
39.95238095238095,90.21505376344085,839,0,0.0,0.0,7.5,12,29.285714285714285,Batsman,M van Lingen
23.333333333333332,93.95973154362416,140,1,23.0,26.0,5.3076923076923075,8,24.217948717948715,Unknown,SP Krishnamurthi
12.0,52.17391304347826,36,5,38.4,30.4,7.578947368421052,2,57.8421052631579,Bowler,AA Paradkar
23.333333333333332,84.33734939759037,350,2,45.0,49.0,5.510204081632653,4,36.646258503401356,Batsman,Shoaib Khan
36.09090909090909,84.64818763326227,397,5,18.4,20.2,5.465346534653466,6,81.7056705670567,Batsman,G Singh
8.4,72.41379310344827,42,11,25.09090909090909,26.0,5.79020979020979,3,110.01958041958042,Bowler,MJ Potts
23.666666666666668,110.9375,355,24,28.333333333333332,35.708333333333336,4.760793465577596,11,251.81174640217816,All-rounder,MG Bracewell
12.25,94.23076923076923,49,3,26.333333333333332,29.333333333333332,5.386363636363637,1,32.22727272727273,Unknown,J Overton
6.0,111.11111111111111,30,16,14.9375,19.625,4.56687898089172,1,156.26624203821657,Bowler,Arshdeep Singh
5.0,90.9090909090909,10,6,19.166666666666668,25.0,4.6000000000000005,0,56.3,Bowler,Avesh Khan
1.0,28.57142857142857,2,6,33.833333333333336,29.333333333333332,6.920454545454545,1,49.65909090909091,Bowler,Umran Malik
36.333333333333336,91.9831223628692,218,0,0.0,0.0,7.5,2,24.5,Unknown,T Stubbs
21.333333333333332,105.1643192488263,448,42,31.261904761904763,30.738095238095237,6.102246320681642,8,428.081221644351,All-rounder,M Jansen
16.666666666666668,108.69565217391303,50,1,95.0,86.0,6.627906976744185,2,12.077519379844965,Unknown,JP Greaves
13.666666666666666,82.5503355704698,123,10,57.4,63.1,5.458003169572108,6,105.63954921641134,Bowler,Mohammad Nawaz
28.085714285714285,90.34926470588235,983,0,0.0,0.0,10.216216216216216,13,10.653281853281854,Batsman,Waseem Muhammad
11.375,85.04672897196261,91,11,29.454545454545453,31.454545454545453,5.618497109826589,5,112.13800578034682,Bowler,SM Sharma
4.333333333333333,46.42857142857143,26,4,59.0,77.5,4.567741935483871,5,40.197849462365596,Bowler,J Maguire
25.666666666666668,81.91489361702128,77,0,0.0,0.0,6.0,2,19.333333333333336,Unknown,TLW Cooper
58.25,75.16129032258064,233,0,0.0,0.0,9.230769230769232,2,59.03846153846153,Unknown,AM Tribe
0.0,0.0,0,1,54.0,66.0,4.909090909090909,1,0.18181818181818166,Unknown,D Birrell
9.0,49.45054945054945,45,4,55.25,70.0,4.735714285714286,0,48.72857142857143,Bowler,IM Vaghela
19.666666666666668,101.72413793103448,59,7,27.285714285714285,38.285714285714285,4.276119402985074,1,80.7810945273632,Bowler,TG Norris
6.0,46.15384615384615,6,0,0.0,0.0,6.631578947368421,0,-0.2631578947368425,Unknown,SR Thadani
3.0,75.0,3,2,38.5,31.5,7.333333333333334,0,9.333333333333332,Unknown,RR Joshi
5.666666666666667,50.0,17,4,14.25,21.0,4.071428571428571,0,43.19047619047619,Unknown,F Chipare
18.625,88.16568047337277,149,26,26.653846153846153,36.03846153846154,4.437566702241195,8,272.2498665955176,Bowler,G Motie
14.0,70.0,28,6,29.0,31.666666666666668,5.494736842105263,1,69.01052631578948,Bowler,BJ Dwarshuis
12.25,83.05084745762711,49,2,97.5,103.5,5.6521739130434785,0,23.445652173913043,Bowler,Tuba Hassan
0.6,30.0,3,9,59.55555555555556,69.77777777777777,5.1210191082802545,4,81.7579617834395,Bowler,EJ Carson
10.0,62.5,50,3,67.0,79.66666666666667,5.046025104602511,2,35.90794979079498,Bowler,D Tucker
15.615384615384615,65.9090909090909,203,8,27.25,36.125,4.525951557093426,6,94.64040457812084,All-rounder,A Capsey
31.333333333333332,125.33333333333334,94,3,10.0,13.0,4.615384615384616,1,45.76923076923076,Unknown,FG Kemp
2.0,14.285714285714285,2,4,32.75,36.25,5.4206896551724135,1,43.15862068965517,Bowler,Yasir Mohammad
6.666666666666667,95.23809523809523,20,8,23.0,30.5,4.524590163934426,0,77.95081967213115,Bowler,S Nisansala
9.0,90.0,9,1,35.0,51.0,4.117647058823529,0,11.764705882352942,Unknown,R Slater
2.6,40.625,13,4,64.5,52.75,7.3364928909952605,3,31.72701421800948,Bowler,PM Liyanagamage
17.964285714285715,72.89855072463767,503,38,29.68421052631579,42.60526315789474,4.18035824583076,2,396.2821406511957,All-rounder,Aayan Afzal Khan
20.785714285714285,53.49264705882353,291,6,41.5,47.666666666666664,5.223776223776223,7,88.40959040959041,All-rounder,Aryan Lakra
10.2,54.64285714285714,153,17,31.0,30.0,6.200000000000001,7,176.26666666666665,Bowler,Shariz Ahmad
0.0,0.0,0,1,45.0,49.0,5.510204081632653,0,-1.0204081632653068,Unknown,F Hand
6.666666666666667,86.95652173913044,40,7,29.285714285714285,34.0,5.168067226890757,3,67.33053221288516,Bowler,B Evans
7.3,75.25773195876289,73,27,20.77777777777778,30.11111111111111,4.1402214022140225,3,271.41955719557194,Bowler,Kaleem Sana
25.75,77.32732732732732,515,22,32.40909090909091,33.13636363636363,5.868312757201647,8,241.5633744855967,All-rounder,Gulsan Jha
2.5,42.857142857142854,15,28,22.071428571428573,26.107142857142858,5.07250341997264,2,275.68832649338805,Bowler,LK Bell
5.666666666666667,45.33333333333333,34,11,33.27272727272727,43.63636363636363,4.574999999999999,2,113.35,Bowler,R Klein
40.714285714285715,80.50847457627118,855,0,0.0,0.0,5.684210526315789,8,39.203007518796994,Batsman,KU Carty
8.285714285714286,66.66666666666666,58,30,24.4,27.333333333333332,5.35609756097561,2,301.71637630662025,Bowler,GI Hume
1.125,36.0,9,18,20.11111111111111,27.166666666666668,4.441717791411043,1,174.24156441717793,Bowler,SI Kamea
16.0,79.53216374269006,272,24,32.25,37.625,5.142857142857142,7,249.83193277310926,All-rounder,DN Wellalage
11.65,59.28753180661578,233,32,26.28125,30.84375,5.112462006079027,4,329.4250759878419,All-rounder,AN Kelly
3.6363636363636362,51.94805194805194,40,16,31.1875,41.25,4.536363636363637,4,157.92727272727274,Bowler,Umm-e-Hani
24.1,71.09144542772862,241,1,54.0,67.0,4.835820895522388,4,34.22835820895522,Batsman,CM McBride
32.0,103.2258064516129,32,1,56.0,57.0,5.894736842105263,1,29.21052631578948,Unknown,DO Leicher
12.375,54.09836065573771,99,15,14.066666666666666,26.6,3.172932330827068,1,166.52913533834587,Bowler,K Ndlovu
1.5,20.0,3,1,31.0,37.0,5.027027027027027,0,7.445945945945946,Unknown,M Mavunga
7.0,82.35294117647058,14,1,98.0,88.0,6.681818181818182,0,5.136363636363637,Unknown,TL Chivanga
37.09090909090909,97.72455089820359,816,16,45.4375,48.5625,5.613899613899614,13,186.72674622674623,All-rounder,Agha Salman
3.375,29.347826086956523,27,2,145.0,149.0,5.8389261744966445,0,19.82214765100671,Bowler,RN Bhatia
18.11111111111111,53.973509933774835,163,0,0.0,0.0,7.333333333333334,3,18.88888888888889,Unknown,S Forbes
7.75,49.2063492063492,31,4,61.75,65.0,5.699999999999999,2,44.35,Bowler,A Dalzell
8.0,48.78048780487805,40,13,36.53846153846154,34.53846153846154,6.347438752783965,3,133.70512249443206,Bowler,Y Cariah
2.0,25.0,4,0,0.0,0.0,5.037037037037036,1,-2.0740740740740726,Unknown,Muhammad Farooq
1.0,100.0,1,2,27.5,33.5,4.925373134328359,0,11.149253731343283,Unknown,K Mahato
0.0,0.0,0,1,19.0,21.0,5.428571428571429,0,-0.8571428571428577,Unknown,Sabir Ali
4.090909090909091,55.55555555555556,45,17,26.705882352941178,36.529411764705884,4.386473429951691,2,168.590689503733,Bowler,Marufa Akter
3.0,43.90243902439025,18,15,24.0,26.933333333333334,5.346534653465347,2,146.14026402640266,Bowler,HB Shipley
18.75,70.09345794392523,75,0,0.0,0.0,11.0,3,4.75,Unknown,MNK Fernando
3.6,47.368421052631575,36,43,22.209302325581394,22.3953488372093,5.950155763239875,6,425.69968847352027,Bowler,D Madushanka
3.3333333333333335,71.42857142857143,10,4,41.5,40.25,6.186335403726708,0,32.29399585921325,Bowler,BG Lister
31.2,98.11320754716981,468,5,45.8,48.0,5.7250000000000005,5,70.35,All-rounder,WG Jacks
2.5,55.55555555555556,5,3,28.666666666666668,34.0,5.0588235294117645,0,24.38235294117647,Unknown,Aamer Jamal
10.666666666666666,52.459016393442624,32,5,34.8,40.6,5.142857142857142,0,60.047619047619044,Bowler,RP Singh
55.2,77.52808988764045,276,9,8.88888888888889,15.11111111111111,3.5294117647058822,1,154.14117647058822,Bowler,S Horley
5.6,147.36842105263156,28,16,25.3125,32.625,4.655172413793103,3,154.4896551724138,Bowler,Abrar Ahmed
8.75,72.91666666666666,35,11,21.181818181818183,25.636363636363637,4.957446808510639,1,112.08510638297872,Bowler,Rehan Ahmed
0.0,0.0,0,3,35.0,37.0,5.675675675675675,0,18.64864864864865,Unknown,K Phillip
7.0,53.03030303030303,35,8,15.75,20.0,4.725,3,83.75,Bowler,P Maya
6.4,41.55844155844156,32,3,54.666666666666664,96.0,3.4166666666666665,1,38.56666666666667,Bowler,O Bell
0.0,0.0,0,0,0.0,0.0,5.75,0,-11.5,Unknown,Nanthita Boonsukham
13.0,128.39506172839506,104,13,41.15384615384615,38.0,6.4979757085020236,0,127.12904858299595,Bowler,AAP Atkinson
44.55555555555556,92.9316338354577,802,15,31.333333333333332,44.53333333333333,4.221556886227545,9,189.50133067198936,All-rounder,NR Sciver-Brunt
4.0,55.81395348837209,24,24,20.791666666666668,26.083333333333332,4.782747603833865,3,237.60117145899892,Bowler,L Filer
8.5,45.94594594594595,17,1,107.0,102.0,6.294117647058824,0,15.911764705882348,Unknown,K Kavindi
12.0,133.33333333333331,12,0,0.0,0.0,4.800000000000001,0,-0.5999999999999996,Unknown,TW Hartley
6.357142857142857,36.77685950413223,89,13,18.076923076923077,23.384615384615383,4.6381578947368425,3,138.0093984962406,Bowler,Z James
11.307692307692308,60.0,147,7,24.428571428571427,30.857142857142858,4.75,2,79.34615384615385,Bowler,Shorna Akter
8.142857142857142,63.33333333333333,57,29,23.896551724137932,21.79310344827586,6.579113924050633,3,289.69891500904157,Bowler,G Coetzee
9.5,126.66666666666666,38,15,33.8,34.733333333333334,5.838771593090211,5,145.82245681381957,Bowler,Usama Mir
30.0,98.59154929577466,210,1,16.0,24.0,4.0,4,32.42857142857143,Unknown,Kamran Ghulam
57.22222222222222,102.18253968253967,515,5,28.0,36.2,4.640883977900552,9,96.7182320441989,Bowler,Saim Ayub
40.473684210526315,84.13566739606127,769,29,20.79310344827586,29.344827586206897,4.251468860164513,13,329.6023254375657,All-rounder,BJ McMullen
1.5,23.076923076923077,3,5,28.2,32.2,5.254658385093167,0,45.99068322981367,Bowler,Hazrat Bilal
22.125,66.54135338345864,177,3,26.333333333333332,36.666666666666664,4.309090909090909,2,54.63181818181818,Unknown,V Sukumaran
9.166666666666666,50.45871559633027,55,6,32.833333333333336,37.666666666666664,5.230088495575221,2,67.70648967551622,Bowler,AB Kaur
17.5,62.5,70,6,18.333333333333332,21.0,5.238095238095238,0,77.52380952380952,Bowler,A Dercksen
7.0,41.17647058823529,7,0,0.0,0.0,4.5,2,8.0,Unknown,J Glasgow
5.0,37.5,15,18,15.555555555555555,18.77777777777778,4.9704142011834325,3,183.39250493096648,Bowler,S Shrivastava
23.05263157894737,95.21739130434783,438,0,0.0,0.0,3.5,10,17.210526315789476,Batsman,A Johnson
42.470588235294116,77.63440860215054,722,5,16.8,23.2,4.344827586206897,4,96.01622718052738,Batsman,Pargat Singh
36.083333333333336,83.51012536162006,866,0,0.0,0.0,12.0,5,19.208333333333336,Batsman,Towhid Hridoy
2.0,60.0,6,1,217.0,248.0,5.25,1,2.8333333333333335,Bowler,MJ Humphreys
16.333333333333332,140.0,98,8,48.75,50.25,5.82089552238806,3,80.02487562189056,Bowler,Rishad Hossain
5.6,47.45762711864407,28,7,27.428571428571427,28.857142857142858,5.702970297029703,3,70.3940594059406,Bowler,J Jarvis
31.125,64.50777202072538,249,10,21.8,25.0,5.232,5,137.786,Bowler,S Fouch
11.0,183.33333333333331,11,2,27.0,46.5,3.483870967741936,0,19.032258064516128,Unknown,Pratis GC
4.0,66.66666666666666,8,5,22.8,26.0,5.2615384615384615,0,45.47692307692308,Bowler,J Kariko
0.0,0.0,0,1,38.0,31.0,7.35483870967742,0,-4.70967741935484,Unknown,Matiullah Khan
8.0,72.72727272727273,8,0,0.0,0.0,8.0,2,-5.000000000000002,Unknown,Mrittunjoy Chowdhury
4.444444444444445,44.44444444444444,40,20,25.55,38.05,4.028909329829172,0,201.94218134034165,Bowler,Sultana Khatun
21.666666666666668,94.8905109489051,260,2,116.5,125.5,5.569721115537848,7,31.693891102257645,All-rounder,MW Short
16.6,82.58706467661692,166,10,34.4,39.5,5.225316455696202,3,109.64936708860759,Bowler,AM Hardie
2.0,30.0,6,2,100.0,87.0,6.896551724137931,0,12.873563218390807,Bowler,T Sangha
4.0,85.71428571428571,12,2,95.0,94.0,6.063829787234043,0,12.539007092198581,Bowler,SH Johnson
23.53846153846154,80.95238095238095,306,1,19.0,26.0,4.384615384615384,6,30.307692307692307,Batsman,A Athanaze
12.4,103.33333333333334,62,13,21.846153846153847,26.23076923076923,4.997067448680352,3,132.0058651026393,Bowler,MW Forde
12.333333333333334,77.08333333333334,37,2,56.5,54.5,6.220183486238533,0,23.559633027522935,Unknown,KAR Hodge
0.0,0.0,0,5,19.6,25.2,4.666666666666667,0,40.666666666666664,Bowler,LR Morris
18.0,54.54545454545454,18,2,17.5,26.5,3.962264150943396,1,45.075471698113205,Unknown,W Sutherland
13.25,66.25,53,6,37.5,43.833333333333336,5.133079847908745,1,69.73384030418251,Bowler,E Marx
5.0,52.63157894736842,10,2,61.5,55.5,6.648648648648649,0,16.2027027027027,Unknown,A Hlubi
23.294117647058822,99.24812030075188,396,23,29.0,30.47826086956522,5.708987161198288,1,242.05261391289753,All-rounder,Ali Naseer
3.0,50.0,3,1,57.0,70.0,4.885714285714286,2,6.228571428571428,Unknown,Akeem Jordan
2.3333333333333335,93.33333333333333,14,7,45.142857142857146,41.142857142857146,6.583333333333334,1,59.33333333333333,Bowler,Muhammad Jawadullah
10.0,83.33333333333334,10,1,65.0,61.0,6.39344262295082,1,9.213114754098358,Unknown,A Ashok
14.0,66.66666666666666,28,0,0.0,0.0,8.8125,0,3.3750000000000036,Unknown,Usman Rafiq
1.6666666666666667,30.303030303030305,10,15,33.266666666666666,29.466666666666665,6.773755656108597,0,141.95248868778282,Bowler,M Pathirana
29.666666666666668,66.4179104477612,89,1,28.0,42.0,4.0,2,46.666666666666664,Unknown,SSD Arachchige
5.666666666666667,80.95238095238095,17,2,71.5,79.0,5.4303797468354436,4,16.139240506329113,Bowler,MADI Hemantha
4.0,30.76923076923077,4,0,0.0,0.0,7.714285714285715,1,-2.4285714285714306,Unknown,A Munisar
3.142857142857143,62.857142857142854,22,17,27.176470588235293,28.705882352941178,5.6803278688524586,3,163.63934426229508,Bowler,AK Maguire
22.5,48.38709677419355,135,1,10.0,19.0,3.1578947368421053,5,50.18421052631579,Unknown,P Molkenboer
5.142857142857143,46.15384615384615,36,19,39.63157894736842,40.8421052631579,5.822164948453608,5,189.49852724594993,Bowler,FA Sargent
5.0,58.82352941176471,10,5,44.2,49.8,5.325301204819278,1,47.84939759036145,Bowler,Mukesh Kumar
17.0,54.400000000000006,68,0,0.0,0.0,5.571428571428571,1,20.107142857142854,Unknown,Tilak Varma
2.0,33.33333333333333,2,0,0.0,0.0,8.25,0,-10.5,Unknown,BM Anusha
27.0,90.0,54,4,32.25,30.75,6.2926829268292686,3,57.41463414634146,Bowler,M Mani
4.5,40.909090909090914,9,18,14.777777777777779,22.833333333333332,3.883211678832117,2,183.23357664233578,Bowler,BJ Currie
29.727272727272727,63.005780346820806,327,0,0.0,0.0,8.5,9,30.18181818181818,Batsman,SA Engelbrecht
15.833333333333334,75.39682539682539,95,14,33.92857142857143,35.57142857142857,5.72289156626506,1,149.55421686746988,Bowler,Tanzim Hasan Sakib
22.22222222222222,71.17437722419929,200,8,33.5,47.5,4.231578947368421,3,102.75906432748539,Bowler,DEM Carter
5.0,29.411764705882355,10,1,26.0,61.0,2.5573770491803276,0,21.885245901639344,Unknown,NM Sheikh
27.5,127.90697674418605,55,1,2.0,6.0,2.0,1,27.5,Unknown,RK Singh
27.25,78.98550724637681,218,5,32.8,28.4,6.929577464788732,2,70.64084507042253,Bowler,JG Bethell
3.3333333333333335,21.73913043478261,10,1,69.0,72.0,5.75,2,13.833333333333334,Unknown,C Connolly
4.0,20.0,8,5,26.2,31.0,5.070967741935484,0,59.85806451612903,Bowler,N Burger
42.333333333333336,88.19444444444444,127,0,0.0,0.0,12.0,1,24.000000000000007,Unknown,B Sai Sudharsan
8.5,70.83333333333334,17,4,18.25,18.75,5.84,0,40.32,Unknown,JA Clarkson
1.5,35.294117647058826,6,20,31.95,34.15,5.613469985358711,1,193.0230600292826,Bowler,W O'Rourke
11.0,53.01204819277109,88,31,9.483870967741936,20.161290322580644,2.8224,1,325.1052,Bowler,Shakeel Ahmed
4.75,55.88235294117647,19,4,31.75,46.0,4.141304347826087,1,40.21739130434783,Bowler,GP Tom
0.0,0.0,0,3,35.333333333333336,47.666666666666664,4.4475524475524475,0,21.104895104895107,Bowler,V Buruka
1.0,20.0,2,3,21.0,31.333333333333332,4.0212765957446805,0,26.95744680851064,Unknown,JM Willathgamuwa
15.8,74.52830188679245,79,10,25.0,40.5,3.7037037037037033,1,113.7925925925926,Bowler,AI Chudasama
5.0,83.33333333333334,5,1,96.0,133.0,4.330827067669173,1,7.338345864661654,Bowler,JL Aras
3.0,19.148936170212767,9,5,19.2,31.2,3.6923076923076925,0,58.28205128205128,Bowler,C Abel
3.0,34.61538461538461,9,7,44.57142857142857,54.57142857142857,4.9005235602094235,0,68.86561954624783,Bowler,TR Sadhu
0.0,0.0,0,4,13.25,12.25,6.4897959183673475,0,27.020408163265305,Unknown,Sufiyan Muqeem
14.8,60.16260162601627,74,1,27.0,25.0,6.48,1,21.639999999999997,Unknown,DS Bajwa
8.666666666666666,66.66666666666666,26,1,94.0,169.0,3.3372781065088755,1,16.32544378698225,Bowler,Shahid Ahmadzai
2.0,200.0,2,3,18.333333333333332,34.0,3.235294117647059,0,24.529411764705884,Unknown,Nishita Akter Nishi
3.5,58.333333333333336,7,5,28.6,36.6,4.688524590163935,1,46.62295081967213,Bowler,SR Patil
8.0,53.333333333333336,8,0,0.0,0.0,10.0,0,-5.0,Unknown,MS Kashyap
53.0,97.54601226993866,318,0,0.0,0.0,13.5,1,27.33333333333333,Unknown,BJ Bennett
2.0,40.0,6,4,33.25,35.75,5.580419580419581,0,33.83916083916084,Bowler,T Gwandu
0.0,0.0,0,3,62.0,79.33333333333333,4.689075630252101,1,20.621848739495796,Bowler,L Mabhero
1.0,11.11111111111111,1,1,75.0,103.0,4.368932038834951,0,10.262135922330097,Unknown,T Mufudza
15.9,96.36363636363636,159,14,33.642857142857146,48.92857142857143,4.125547445255474,2,148.24890510948904,Bowler,Harmeet Singh
15.875,56.19469026548673,127,16,28.75,29.875,5.7740585774058575,4,176.7018828451883,Bowler,SC van Schalkwyk
4.333333333333333,54.166666666666664,13,6,17.166666666666668,25.666666666666668,4.012987012987013,2,59.97402597402598,Bowler,OEG Baartman
21.77777777777778,79.35222672064778,196,1,83.0,120.0,4.15,3,29.144444444444442,Bowler,M Levitt
0.4,11.11111111111111,2,8,37.25,42.625,5.243401759530792,2,73.11319648093841,Bowler,JT Brassell
39.666666666666664,94.0711462450593,476,20,15.15,21.5,4.227906976744187,8,233.7108527131783,All-rounder,Milind Kumar
1.0,100.0,1,2,22.0,24.5,5.387755102040816,0,10.224489795918368,Unknown,K Chigora
24.6,51.68067226890757,123,3,25.333333333333332,33.333333333333336,4.5600000000000005,0,68.47999999999999,Unknown,B Biza
2.0,44.44444444444444,4,3,43.0,52.666666666666664,4.89873417721519,2,24.70253164556962,Bowler,Nahid Rana
10.0,30.303030303030305,10,1,78.0,93.0,5.032258064516129,0,32.935483870967744,Unknown,Surya Tamang
4.0,100.0,4,1,75.0,86.0,5.232558139534884,1,3.5348837209302317,Unknown,R Dhakal
13.0,92.85714285714286,26,3,57.666666666666664,50.0,6.92,1,30.16,Bowler,U Bhagwan
0.0,0.0,0,5,15.8,18.8,5.042553191489362,0,39.91489361702128,Unknown,IS Sohi
4.0,53.333333333333336,8,0,0.0,0.0,6.5,3,-5.5,Unknown,J Campbell
15.0,115.38461538461537,15,3,18.0,18.333333333333332,5.890909090909091,0,31.21818181818182,Unknown,R Parag
12.2,69.31818181818183,61,17,15.647058823529411,20.647058823529413,4.547008547008547,2,178.5059829059829,Bowler,K Klein
12.666666666666666,92.6829268292683,38,0,0.0,0.0,4.834951456310679,0,3.996763754045306,Unknown,Zuhaib Zubair
5.0,52.63157894736842,10,3,29.0,42.0,4.142857142857142,0,31.214285714285715,Bowler,SW Currie
0.5,14.285714285714285,1,0,0.0,0.0,7.800000000000001,0,-12.100000000000001,Unknown,Omid Shafi Rahman
0.0,0.0,0,1,28.0,24.0,7.0,0,-4.0,Unknown,PD Blignaut
17.5,58.333333333333336,35,0,0.0,0.0,5.3076923076923075,1,19.384615384615387,Unknown,JC Balt
1.3333333333333333,44.44444444444444,4,4,39.0,68.0,3.441176470588235,0,36.11764705882353,Bowler,S Immadi
3.6666666666666665,42.30769230769231,11,4,22.25,27.0,4.944444444444445,0,38.77777777777778,Unknown,D Lohia
13.0,130.0,13,11,18.90909090909091,20.454545454545453,5.546666666666667,0,108.90666666666667,Bowler,Harshit Rana
7.666666666666667,45.09803921568628,46,10,37.8,44.2,5.131221719457013,2,106.73755656108597,Bowler,SZ Thakor
1.5,19.35483870967742,6,16,25.125,25.75,5.854368932038835,0,156.04126213592232,Bowler,Priya Mishra
17.0,121.42857142857142,17,1,55.0,69.0,4.782608695652174,1,14.434782608695654,Unknown,R MacDonald-Gay
6.5,65.0,26,8,37.0,32.75,6.778625954198474,5,76.44274809160305,Bowler,NG Smith
1.0,50.0,1,5,13.4,16.8,4.7857142857142865,0,42.42857142857143,Unknown,JJ Davidson
1.6666666666666667,17.24137931034483,5,2,2.0,7.5,1.6,0,26.46666666666667,Unknown,K Sonavale
8.0,160.0,8,5,14.8,21.4,4.149532710280374,0,46.70093457943925,Unknown,S Asha
7.8,61.904761904761905,39,2,85.0,78.5,6.496815286624203,2,19.60636942675159,Bowler,A Tector
3.0,100.0,3,1,78.0,82.0,5.7073170731707314,0,1.585365853658537,Unknown,HL Baker
12.0,80.0,24,1,115.0,102.0,6.764705882352941,1,11.470588235294118,Unknown,G Hoey
66.0,87.41721854304636,132,0,0.0,0.0,5.612903225806451,1,64.2741935483871,Unknown,JF Smith
0.5,33.33333333333333,1,6,21.0,17.333333333333332,7.269230769230768,0,46.96153846153847,Unknown,KT Maphaka
27.5,103.77358490566037,55,2,72.0,54.0,8.0,0,30.5,Unknown,C Bosch
23.0,78.4090909090909,69,0,0.0,0.0,7.846153846153847,1,13.641025641025642,Unknown,DR Mousley
2.0,40.0,2,2,35.0,35.0,6.0,0,13.0,Unknown,JA Turner
7.0,77.77777777777779,7,1,33.0,44.0,4.5,0,9.999999999999998,Unknown,E Bosch
1.0,50.0,1,0,0.0,0.0,7.894736842105264,1,-13.789473684210527,Unknown,M Mpongwana
19.333333333333332,54.71698113207547,58,1,68.0,58.0,7.034482758620689,2,31.26436781609196,Unknown,C Wickramasinghe
1.0,100.0,1,1,48.0,54.0,5.333333333333333,0,0.3333333333333339,Unknown,M Shiraz
2.5,22.22222222222222,10,4,40.75,41.75,5.8562874251497,1,39.537425149700596,Bowler,E Malinga
1.0,33.33333333333333,1,3,21.666666666666668,34.0,3.8235294117647056,1,25.352941176470587,Unknown,G Fontenla
1.0,33.33333333333333,2,4,25.25,34.75,4.359712230215828,0,34.280575539568346,Bowler,J Drysdale
46.0,56.79012345679012,46,0,0.0,0.0,6.571428571428572,0,67.85714285714286,Unknown,Steven Ryan Taylor
0.6666666666666666,18.181818181818183,2,4,21.0,26.5,4.754716981132075,1,34.15723270440252,Unknown,Akhil Kumar
4.5,18.0,9,0,0.0,0.0,7.909090909090908,0,9.181818181818183,Unknown,R Pasipanodya
37.5,100.0,75,0,0.0,0.0,4.25,2,29.0,Unknown,Utkarsh Srivastava
2.3333333333333335,50.0,7,4,17.0,30.25,3.3719008264462813,2,37.9228650137741,Bowler,B Siddharth
10.0,142.85714285714286,10,2,22.5,50.0,2.7,1,21.6,Unknown,Muzahir Raza
8.0,28.57142857142857,8,0,0.0,0.0,7.421052631578948,0,13.157894736842108,Unknown,L Shetty
3.0,16.666666666666664,3,3,30.333333333333332,38.666666666666664,4.706896551724138,1,38.58620689655173,Unknown,O Chare
7.0,87.5,7,2,31.0,32.5,5.723076923076923,0,16.553846153846152,Unknown,A Zimunu
14.5,65.1685393258427,58,5,18.6,38.4,2.90625,0,66.4375,Bowler,D Parashar
74.0,89.51612903225806,444,2,31.5,27.0,7.0,3,88.66666666666667,Unknown,Pratika Rawal
2.0,66.66666666666666,2,4,28.0,37.0,4.54054054054054,2,33.91891891891892,Bowler,SG Satghare
16.0,94.11764705882352,16,0,0.0,0.0,3.9642857142857144,0,9.071428571428571,Unknown,Hassnain Shah
