balls_faced,runs,fours,innings_played,innings,strike_rate,batting_average,player,sixes
121,99.0,15.0,6,6,81.81818181818183,16.5,CJ Bowes,
218,195.0,31.0,11,11,89.44954128440367,17.727272727272727,FH Allen,3.0
1611,1364.0,167.0,35,35,84.66790813159528,38.97142857142857,WA Young,17.0
1518,1467.0,109.0,32,32,96.6403162055336,45.84375,DJ Mitchell,44.0
1084,897.0,70.0,35,35,82.74907749077491,25.62857142857143,TWM Latham,9.0
817,850.0,61.0,29,29,104.0391676866585,29.310344827586206,GD Phillips,36.0
1090,1164.0,126.0,27,27,106.78899082568807,43.111111111111114,R Ravindra,26.0
41,18.0,,6,6,43.90243902439025,3.0,HB Shipley,
50,47.0,3.0,13,13,94.0,3.6153846153846154,MJ Henry,2.0
127,73.0,2.0,9,9,57.48031496062992,8.11111111111111,IS Sodhi,3.0
25,15.0,1.0,5,5,60.0,3.0,BM Tickner,
1591,1366.0,181.0,38,38,85.85795097423005,35.94736842105263,P Nissanka,17.0
107,75.0,10.0,4,4,70.09345794392523,18.75,MNK Fernando,
1656,1465.0,161.0,44,44,88.46618357487924,33.29545454545455,BKG Mendis,26.0
87,46.0,6.0,4,4,52.87356321839081,11.5,AD Mathews,
1531,1356.0,114.0,40,40,88.56956237753103,33.9,KIC Asalanka,43.0
379,308.0,25.0,19,19,81.26649076517151,16.210526315789473,MD Shanaka,8.0
148,75.0,10.0,7,7,50.67567567567568,10.714285714285714,C Karunaratne,
246,262.0,19.0,18,18,106.5040650406504,14.555555555555555,PWH de Silva,14.0
166,103.0,12.0,12,12,62.048192771084345,8.583333333333334,CAK Rajitha,1.0
91,41.0,6.0,11,11,45.05494505494506,3.727272727272727,CBRLS Kumara,1.0
76,36.0,5.0,10,10,47.368421052631575,3.6,D Madushanka,
521,411.0,43.0,19,19,78.88675623800384,21.63157894736842,DM de Silva,7.0
272,235.0,24.0,10,10,86.39705882352942,23.5,TA Blundell,2.0
706,526.0,46.0,20,20,74.5042492917847,26.3,HM Nicholls,5.0
738,725.0,69.0,24,24,98.23848238482384,30.208333333333332,HC Brook,28.0
1002,963.0,106.0,17,17,96.10778443113772,56.64705882352941,DJ Malan,24.0
623,521.0,39.0,17,17,83.62760834670947,30.647058823529413,JE Root,4.0
556,539.0,44.0,9,9,96.94244604316546,59.888888888888886,BA Stokes,21.0
872,874.0,64.0,26,26,100.22935779816513,33.61538461538461,JC Buttler,25.0
655,662.0,38.0,24,24,101.06870229007635,27.583333333333332,LS Livingstone,33.0
230,193.0,19.0,13,13,83.91304347826087,14.846153846153847,CR Woakes,2.0
102,133.0,13.0,10,10,130.3921568627451,13.3,DJ Willey,9.0
1095,986.0,123.0,23,23,90.04566210045662,42.869565217391305,DP Conway,16.0
268,232.0,29.0,11,11,86.56716417910447,21.09090909090909,JM Bairstow,3.0
344,304.0,26.0,15,15,88.37209302325581,20.266666666666666,MM Ali,9.0
414,381.0,21.0,15,15,92.02898550724638,25.4,SM Curran,14.0
370,366.0,28.0,20,20,98.91891891891892,18.3,MJ Santner,12.0
41,35.0,4.0,6,6,85.36585365853658,5.833333333333333,TG Southee,
34,25.0,1.0,7,7,73.52941176470588,3.5714285714285716,TA Boult,1.0
81,104.0,16.0,8,8,128.39506172839506,13.0,AAP Atkinson,2.0
3,2.0,,3,3,66.66666666666666,0.6666666666666666,RJW Topley,
76,58.0,4.0,4,4,76.31578947368422,14.5,KA Jamieson,1.0
77,42.0,2.0,10,10,54.54545454545454,4.2,LH Ferguson,2.0
14,10.0,1.0,3,3,71.42857142857143,3.3333333333333335,BG Lister,
168,133.0,7.0,8,8,79.16666666666666,16.625,BA Carse,5.0
674,559.0,81.0,20,20,82.93768545994065,27.95,AJ Healy,6.0
1142,895.0,118.0,27,27,78.37127845884413,33.148148148148145,P Litchfield,4.0
962,818.0,88.0,25,25,85.03118503118503,32.72,EA Perry,17.0
944,803.0,85.0,26,26,85.0635593220339,30.884615384615383,BL Mooney,6.0
513,444.0,62.0,20,20,86.54970760233918,22.2,TM McGrath,1.0
639,603.0,59.0,20,20,94.36619718309859,30.15,A Gardner,10.0
676,663.0,66.0,19,19,98.07692307692307,34.89473684210526,A Sutherland,11.0
65,56.0,3.0,5,5,86.15384615384616,11.2,JL Jonassen,
137,176.0,14.0,10,10,128.46715328467153,17.6,G Wareham,8.0
29,11.0,,6,6,37.93103448275862,1.8333333333333333,ML Schutt,
888,769.0,102.0,22,22,86.59909909909909,34.95454545454545,TT Beaumont,3.0
94,43.0,6.0,6,6,45.744680851063826,7.166666666666667,SIR Dunkley,
308,203.0,20.0,13,13,65.9090909090909,15.615384615384615,A Capsey,1.0
633,448.0,43.0,18,18,70.7740916271722,24.88888888888889,HC Knight,3.0
863,802.0,92.0,18,18,92.9316338354577,44.55555555555556,NR Sciver-Brunt,5.0
269,262.0,24.0,13,13,97.39776951672863,20.153846153846153,DN Wyatt,3.0
572,544.0,61.0,16,16,95.1048951048951,34.0,AE Jones,2.0
114,74.0,6.0,10,10,64.91228070175438,7.4,S Ecclestone,2.0
64,48.0,2.0,4,4,75.0,12.0,S Glenn,
134,103.0,13.0,8,8,76.86567164179104,12.875,KL Cross,
262,168.0,13.0,10,10,64.12213740458014,16.8,CE Dean,
180,175.0,7.0,13,13,97.22222222222221,13.461538461538462,A King,13.0
148,123.0,13.0,11,11,83.1081081081081,11.181818181818182,MAA Sanjeewani,1.0
840,882.0,116.0,18,18,105.0,49.0,AC Jayangani,28.0
541,386.0,39.0,15,15,71.34935304990758,25.733333333333334,H Madavi,2.0
602,425.0,54.0,17,17,70.59800664451828,25.0,RMVD Gunaratne,4.0
296,192.0,23.0,8,8,64.86486486486487,24.0,GWHM Perera,1.0
410,304.0,24.0,14,14,74.14634146341463,21.714285714285715,WK Dilhari,2.0
394,284.0,27.0,13,13,72.08121827411168,21.846153846153847,NND de Silva,2.0
132,69.0,5.0,7,7,52.27272727272727,9.857142857142858,OU Ranasinghe,
48,19.0,3.0,6,6,39.58333333333333,3.1666666666666665,WGAKK Kulasuriya,
99,15.0,1.0,5,5,15.151515151515152,3.0,KDU Prabodhani,
52,14.0,1.0,4,4,26.923076923076923,3.5,I Ranaweera,
98,60.0,8.0,4,4,61.224489795918366,15.0,EL Lamb,
466,482.0,74.0,15,15,103.43347639484979,32.13333333333333,ME Bouchier,5.0
115,60.0,4.0,5,5,52.17391304347826,12.0,H Karunaratne,1.0
61,59.0,3.0,4,4,96.72131147540983,14.75,BAM Heath,1.0
3,2.0,,1,1,66.66666666666666,2.0,AN Davidson-Richards,
35,15.0,1.0,2,2,42.857142857142854,7.5,I Dulani,
548,570.0,74.0,21,21,104.01459854014598,27.142857142857142,PD Salt,16.0
477,468.0,44.0,15,15,98.11320754716981,31.2,WG Jacks,16.0
122,102.0,9.0,5,5,83.60655737704919,20.4,Z Crawley,2.0
838,897.0,109.0,18,18,107.04057279236277,49.833333333333336,BM Duckett,11.0
100,106.0,8.0,2,2,106.0,53.0,SR Hain,
164,148.0,12.0,8,8,90.2439024390244,18.5,JL Smith,5.0
48,35.0,2.0,4,4,72.91666666666666,8.75,Rehan Ahmed,1.0
9,12.0,1.0,1,1,133.33333333333331,12.0,TW Hartley,
58,42.0,1.0,5,5,72.41379310344827,8.4,MJ Potts,1.0
851,600.0,56.0,21,21,70.50528789659224,28.571428571428573,A Balbirnie,8.0
787,698.0,74.0,22,22,88.69123252858958,31.727272727272727,PR Stirling,24.0
696,600.0,64.0,19,19,86.20689655172413,31.57894736842105,C Campher,9.0
1048,900.0,70.0,22,22,85.87786259541986,40.90909090909091,HT Tector,24.0
491,447.0,52.0,20,20,91.0386965376782,22.35,L Tucker,3.0
603,543.0,40.0,19,19,90.04975124378109,28.57894736842105,GH Dockrell,13.0
329,223.0,23.0,16,16,67.78115501519757,13.9375,AR McBrine,3.0
202,212.0,19.0,16,16,104.95049504950495,13.25,MR Adair,7.0
52,50.0,5.0,3,3,96.15384615384616,16.666666666666668,BJ McCarthy,1.0
80,84.0,6.0,5,5,105.0,16.8,CA Young,4.0
51,55.0,7.0,5,5,107.84313725490196,11.0,J Little,2.0
905,896.0,99.0,19,19,99.00552486187846,47.1578947368421,Q de Kock,27.0
1060,976.0,110.0,24,24,92.0754716981132,40.666666666666664,T Bavuma,20.0
1243,1004.0,89.0,31,31,80.77232502011263,32.38709677419355,HE van der Dussen,19.0
1040,1114.0,108.0,27,27,107.11538461538461,41.25925925925926,AK Markram,30.0
991,1335.0,127.0,27,27,134.71241170534813,49.44444444444444,H Klaasen,55.0
825,917.0,64.0,25,25,111.15151515151516,36.68,DA Miller,44.0
39,40.0,4.0,3,3,102.56410256410255,13.333333333333334,WD Parnell,1.0
23,18.0,2.0,4,4,78.26086956521739,4.5,SSB Magala,
129,86.0,4.0,10,10,66.66666666666666,8.6,K Rabada,5.0
285,278.0,34.0,6,6,97.54385964912281,46.333333333333336,JJ Roy,5.0
281,231.0,19.0,24,24,82.20640569395017,9.625,AU Rashid,4.0
117,121.0,14.0,8,8,103.41880341880344,15.125,JC Archer,5.0
23,11.0,,3,3,47.82608695652174,3.6666666666666665,OP Stone,
426,448.0,33.0,21,21,105.1643192488263,21.333333333333332,M Jansen,21.0
362,288.0,34.0,9,9,79.55801104972376,32.0,RR Hendricks,3.0
126,59.0,4.0,11,11,46.82539682539682,5.363636363636363,L Ngidi,2.0
40,22.0,3.0,8,8,55.00000000000001,2.75,T Shamsi,
1059,914.0,118.0,26,26,86.30783758262511,35.15384615384615,BA King,18.0
240,174.0,21.0,10,10,72.5,17.4,KR Mayers,6.0
214,148.0,12.0,8,8,69.1588785046729,18.5,SSJ Brooks,1.0
1241,1136.0,66.0,29,29,91.53908138597905,39.172413793103445,SD Hope,40.0
392,428.0,35.0,9,9,109.18367346938776,47.55555555555556,N Pooran,19.0
80,82.0,6.0,6,6,102.49999999999999,13.666666666666666,R Powell,4.0
228,195.0,13.0,7,7,85.52631578947368,27.857142857142858,JO Holder,5.0
61,32.0,1.0,6,6,52.459016393442624,5.333333333333333,AJ Hosein,
45,55.0,6.0,3,3,122.22222222222223,18.333333333333332,OF Smith,1.0
123,94.0,5.0,11,11,76.42276422764228,8.545454545454545,AS Joseph,5.0
255,232.0,26.0,8,8,90.98039215686275,29.0,RD Rickelton,5.0
419,403.0,39.0,10,10,96.18138424821002,40.3,T de Zorzi,15.0
237,218.0,11.0,6,6,91.9831223628692,36.333333333333336,T Stubbs,7.0
85,57.0,3.0,5,5,67.05882352941175,11.4,BC Fortuin,1.0
90,57.0,4.0,7,7,63.33333333333333,8.142857142857142,G Coetzee,1.0
82,40.0,4.0,5,5,48.78048780487805,8.0,Y Cariah,
1161,823.0,89.0,28,28,70.88716623600344,29.392857142857142,Vikramjit Singh,10.0
1478,1027.0,109.0,33,33,69.48579161028417,31.12121212121212,MP O'Dowd,20.0
205,125.0,12.0,7,7,60.97560975609756,17.857142857142858,Musa Ahmed,3.0
442,357.0,43.0,17,17,80.76923076923077,21.0,W Barresi,5.0
1057,965.0,78.0,31,31,91.2961210974456,31.129032258064516,SA Edwards,9.0
611,572.0,44.0,21,21,93.61702127659575,27.238095238095237,AT Nidamanuru,20.0
280,153.0,11.0,15,15,54.64285714285714,10.2,Shariz Ahmad,
236,151.0,5.0,21,21,63.983050847457626,7.190476190476191,A Dutt,8.0
75,34.0,1.0,6,6,45.33333333333333,5.666666666666667,R Klein,
92,68.0,5.0,16,16,73.91304347826086,4.25,PA van Meekeren,2.0
16,12.0,,4,4,75.0,3.0,FJ Klaassen,1.0
19,15.0,2.0,2,2,78.94736842105263,7.5,A Nortje,
94,77.0,9.0,3,3,81.91489361702128,25.666666666666668,TLW Cooper,
26,4.0,,5,5,15.384615384615385,0.8,VJ Kingma,
964,834.0,85.0,14,14,86.51452282157676,59.57142857142857,KS Williamson,9.0
320,355.0,33.0,15,15,110.9375,23.666666666666668,MG Bracewell,17.0
1024,964.0,100.0,20,20,94.140625,48.2,Fakhar Zaman,31.0
539,438.0,46.0,14,14,81.26159554730982,31.285714285714285,Imam-ul-Haq,6.0
1536,1255.0,128.0,31,31,81.70572916666666,40.483870967741936,Babar Azam,15.0
1626,1409.0,121.0,31,31,86.65436654366545,45.45161290322581,Mohammad Rizwan,22.0
70,64.0,3.0,3,3,91.42857142857143,21.333333333333332,Haris Sohail,2.0
835,816.0,68.0,22,22,97.72455089820359,37.09090909090909,Agha Salman,17.0
149,123.0,9.0,9,9,82.5503355704698,13.666666666666666,Mohammad Nawaz,4.0
30,38.0,2.0,4,4,126.66666666666666,9.5,Usama Mir,3.0
50,46.0,3.0,5,5,92.0,9.2,Mohammad Wasim,3.0
134,113.0,4.0,9,9,84.32835820895522,12.555555555555555,Naseem Shah,6.0
80,88.0,5.0,12,12,110.00000000000001,7.333333333333333,Haris Rauf,9.0
94,52.0,7.0,4,4,55.319148936170215,13.0,Shan Masood,
8,10.0,2.0,3,3,125.0,3.3333333333333335,Mohammad Hasnain,
449,449.0,45.0,17,17,100.0,26.41176470588235,MS Chapman,13.0
40,12.0,,5,5,30.0,2.4,AF Milne,
76,86.0,5.0,4,4,113.1578947368421,21.5,JDS Neesham,3.0
684,552.0,49.0,19,19,80.7017543859649,29.05263157894737,Abdullah Shafique,15.0
125,129.0,9.0,9,9,103.2,14.333333333333334,Shadab Khan,5.0
133,126.0,11.0,5,5,94.73684210526315,25.2,CE McConchie,3.0
346,403.0,38.0,12,12,116.47398843930637,33.583333333333336,Iftikhar Ahmed,12.0
18,20.0,1.0,2,2,111.11111111111111,10.0,Mohammad Haris,1.0
146,148.0,14.0,17,17,101.36986301369863,8.705882352941176,Shaheen Shah Afridi,8.0
499,281.0,31.0,15,15,56.312625250501,18.733333333333334,Muneeba Ali,
752,472.0,42.0,18,18,62.76595744680851,26.22222222222222,Sidra Ameen,
640,353.0,22.0,15,15,55.15624999999999,23.533333333333335,Bismah Maroof,
86,49.0,5.0,4,4,56.97674418604651,12.25,Umaima Sohail,
413,267.0,27.0,12,12,64.64891041162227,22.25,Nida Dar,1.0
561,365.0,37.0,16,16,65.06238859180036,22.8125,Aliya Riaz,2.0
34,6.0,1.0,2,2,17.647058823529413,3.0,Kainat Imtiaz,
399,292.0,33.0,12,12,73.1829573934837,24.333333333333332,Fatima Sana,1.0
95,45.0,5.0,4,4,47.368421052631575,11.25,Sidra Nawaz,
80,63.0,7.0,8,8,78.75,7.875,Diana Baig,
152,139.0,17.0,2,2,91.44736842105263,69.5,MM Lanning,1.0
41,22.0,2.0,8,8,53.65853658536586,2.75,Sadia Iqbal,
137,95.0,8.0,9,9,69.34306569343066,10.555555555555555,KJ Garth,1.0
407,187.0,18.0,12,12,45.94594594594595,15.583333333333334,Sadaf Shamas,
3,0.0,,1,1,0.0,0.0,Ayesha Naseem,
59,49.0,6.0,4,4,83.05084745762711,12.25,Tuba Hassan,
275,165.0,16.0,9,9,60.0,18.333333333333332,ST Doheny,2.0
364,289.0,28.0,12,12,79.3956043956044,24.083333333333332,W Madhevere,2.0
254,160.0,10.0,8,8,62.99212598425197,20.0,I Kaia,2.0
823,691.0,78.0,20,20,83.96111786148238,34.55,CR Ervine,10.0
197,157.0,16.0,5,5,79.69543147208121,31.4,GS Ballance,
663,636.0,55.0,21,21,95.92760180995475,30.285714285714285,Sikandar Raza,20.0
461,421.0,35.0,14,14,91.3232104121475,30.071428571428573,RP Burl,12.0
307,227.0,21.0,11,11,73.9413680781759,20.636363636363637,C Madande,
46,40.0,3.0,6,6,86.95652173913044,6.666666666666667,B Evans,1.0
243,176.0,15.0,11,11,72.42798353909465,16.0,WP Masakadza,2.0
13,6.0,,1,1,46.15384615384615,6.0,M Commins,
92,77.0,9.0,7,7,83.69565217391305,11.0,T Marumani,2.0
83,56.0,7.0,2,2,67.46987951807229,28.0,CJ Chibhabha,
153,146.0,14.0,13,13,95.42483660130719,11.23076923076923,R Ngarava,5.0
9,7.0,1.0,1,1,77.77777777777779,7.0,VM Nyauchi,
33,16.0,1.0,4,4,48.484848484848484,4.0,TL Chatara,
1333,1507.0,159.0,35,35,113.05326331582897,43.05714285714286,RG Sharma,80.0
2095,2057.0,240.0,39,39,98.18615751789976,52.743589743589745,Shubman Gill,47.0
1760,1654.0,147.0,32,32,93.97727272727273,51.6875,V Kohli,25.0
1188,1235.0,107.0,28,28,103.95622895622895,44.107142857142854,SS Iyer,39.0
1435,1249.0,103.0,32,32,87.0383275261324,39.03125,KL Rahul,23.0
514,500.0,35.0,19,19,97.27626459143968,26.31578947368421,HH Pandya,21.0
508,405.0,28.0,20,20,79.7244094488189,20.25,AR Patel,12.0
51,41.0,3.0,10,10,80.3921568627451,4.1,Mohammed Shami,1.0
84,35.0,1.0,10,10,41.66666666666667,3.5,Mohammed Siraj,
574,441.0,52.0,21,21,76.82926829268293,21.0,WIA Fernando,7.0
342,272.0,20.0,17,17,79.53216374269006,16.0,DN Wellalage,7.0
217,79.0,4.0,17,17,36.405529953917046,4.647058823529412,Kuldeep Yadav,
362,389.0,39.0,20,20,107.45856353591161,19.45,SA Yadav,13.0
450,409.0,41.0,14,14,90.88888888888889,29.214285714285715,Ishan Kishan,11.0
153,117.0,8.0,8,8,76.47058823529412,14.625,Washington Sundar,4.0
63,59.0,5.0,6,6,93.65079365079364,9.833333333333334,SN Thakur,1.0
7,2.0,,2,2,28.57142857142857,1.0,Umran Malik,
17,9.0,2.0,5,5,52.94117647058824,1.8,JA Duffy,
708,885.0,116.0,20,20,125.0,44.25,TM Head,34.0
910,956.0,106.0,23,23,105.05494505494507,41.56521739130435,MR Marsh,46.0
1061,864.0,88.0,29,29,81.43261074458059,29.79310344827586,SPD Smith,11.0
1271,1051.0,102.0,29,29,82.69079464988198,36.241379310344826,M Labuschagne,9.0
626,659.0,65.0,24,24,105.27156549520767,27.458333333333332,JP Inglis,20.0
444,336.0,32.0,13,13,75.67567567567568,25.846153846153847,C Green,4.0
241,307.0,29.0,19,19,127.38589211618256,16.157894736842106,GJ Maxwell,17.0
190,193.0,24.0,11,11,101.57894736842105,17.545454545454547,MP Stoinis,5.0
300,269.0,19.0,15,15,89.66666666666666,17.933333333333334,SA Abbott,12.0
200,105.0,8.0,14,14,52.5,7.5,MA Starc,2.0
224,156.0,14.0,20,20,69.64285714285714,7.8,A Zampa,1.0
469,350.0,25.0,21,21,74.6268656716418,16.666666666666668,RA Jadeja,4.0
811,907.0,92.0,19,19,111.83723797780519,47.73684210526316,DA Warner,38.0
533,520.0,52.0,15,15,97.5609756097561,34.666666666666664,AT Carey,11.0
95,65.0,3.0,2,2,68.42105263157895,32.5,AC Agar,2.0
371,270.0,33.0,10,10,72.77628032345014,27.0,Tamim Iqbal,2.0
692,552.0,57.0,29,29,79.76878612716763,19.03448275862069,Liton Das,13.0
1245,1045.0,119.0,26,26,83.93574297188755,40.19230769230769,Nazmul Hossain Shanto,7.0
1044,886.0,75.0,27,27,84.86590038314176,32.81481481481482,Mushfiqur Rahim,14.0
693,610.0,66.0,17,17,88.02308802308802,35.88235294117647,Shakib Al Hasan,7.0
848,707.0,56.0,19,19,83.37264150943396,37.21052631578947,Mahmudullah,28.0
197,164.0,20.0,8,8,83.24873096446701,20.5,Afif Hossain,3.0
705,546.0,53.0,27,27,77.4468085106383,20.22222222222222,Mehedi Hasan Miraz,8.0
187,128.0,9.0,15,15,68.44919786096256,8.533333333333333,Taskin Ahmed,6.0
82,36.0,2.0,5,5,43.90243902439025,7.2,Taijul Islam,
116,48.0,4.0,15,15,41.37931034482759,3.2,Mustafizur Rahman,1.0
69,49.0,4.0,3,3,71.01449275362319,16.333333333333332,JM Vince,1.0
9,3.0,,3,3,33.33333333333333,1.0,Ebadat Hossain,
1037,866.0,53.0,24,24,83.51012536162006,36.083333333333336,Towhid Hridoy,22.0
17,24.0,2.0,2,2,141.1764705882353,12.0,Yasir Ali Chowdhury,1.0
166,138.0,15.0,8,8,83.13253012048193,17.25,Nasum Ahmed,4.0
68,75.0,3.0,5,5,110.29411764705883,15.0,GJ Delany,3.0
87,58.0,4.0,7,7,66.66666666666666,8.285714285714286,GI Hume,2.0
10,6.0,1.0,3,3,60.0,2.0,MJ Humphreys,
417,240.0,31.0,9,9,57.55395683453237,26.666666666666668,L Louwrens,
153,75.0,10.0,6,6,49.01960784313725,12.5,K Birkenstock,
930,839.0,100.0,21,21,90.21505376344085,39.95238095238095,M van Lingen,21.0
913,694.0,66.0,26,26,76.013143483023,26.692307692307693,MG Erasmus,15.0
541,394.0,32.0,20,20,72.82809611829944,19.7,JN Loftie-Eaton,11.0
511,329.0,35.0,15,15,64.38356164383562,21.933333333333334,JN Frylinck,1.0
600,466.0,55.0,19,19,77.66666666666666,24.526315789473685,ZE Green,5.0
163,130.0,11.0,8,8,79.75460122699386,16.25,HN Ya France,5.0
264,267.0,24.0,16,16,101.13636363636364,16.6875,R Trumpelmann,13.0
239,166.0,13.0,20,20,69.4560669456067,8.3,BM Scholtz,3.0
45,22.0,1.0,11,11,48.888888888888886,2.0,T Lungameni,
901,776.0,89.0,30,30,86.12652608213097,25.866666666666667,K Bhurtel,20.0
1052,771.0,87.0,31,31,73.28897338403041,24.870967741935484,Aasif Sheikh,11.0
251,163.0,20.0,10,10,64.9402390438247,16.3,G Malla,3.0
982,692.0,67.0,30,30,70.46843177189409,23.066666666666666,RK Paudel,18.0
768,671.0,57.0,27,27,87.36979166666666,24.85185185185185,Kushal Malla,38.0
531,416.0,32.0,23,23,78.3427495291902,18.08695652173913,DS Airee,8.0
48,37.0,4.0,4,4,77.08333333333334,9.25,S Jora,1.0
289,265.0,22.0,19,19,91.6955017301038,13.947368421052632,Karan KC,13.0
353,290.0,25.0,18,18,82.15297450424929,16.11111111111111,S Lamichhane,5.0
380,322.0,29.0,19,19,84.73684210526315,16.94736842105263,Sompal Kami,8.0
44,14.0,,10,10,31.818181818181817,1.4,B Shikongo,
100,68.0,11.0,3,3,68.0,22.666666666666668,KJ Coetzer,
545,538.0,66.0,12,12,98.71559633027523,44.833333333333336,HG Munsey,17.0
339,241.0,28.0,10,10,71.09144542772862,24.1,CM McBride,2.0
780,615.0,50.0,19,19,78.84615384615384,32.36842105263158,RD Berrington,13.0
203,169.0,17.0,9,9,83.2512315270936,18.77777777777778,TSS Mackintosh,1.0
501,295.0,23.0,15,15,58.88223552894212,19.666666666666668,MH Cross,2.0
914,769.0,77.0,19,19,84.13566739606127,40.473684210526315,BJ McMullen,17.0
217,200.0,17.0,12,12,92.16589861751152,16.666666666666668,CN Greaves,5.0
384,437.0,26.0,15,15,113.80208333333333,29.133333333333333,MA Leask,24.0
59,28.0,1.0,5,5,47.45762711864407,5.6,J Jarvis,1.0
312,269.0,23.0,15,15,86.21794871794873,17.933333333333334,MRJ Watt,6.0
30,29.0,4.0,4,4,96.66666666666667,7.25,CB Sole,
666,515.0,36.0,20,20,77.32732732732732,25.75,Gulsan Jha,24.0
21,20.0,4.0,1,1,95.23809523809523,20.0,LR Naylor,
87,49.0,2.0,8,8,56.32183908045977,6.125,SM Sharif,1.0
386,249.0,21.0,8,8,64.50777202072538,31.125,S Fouch√©,2.0
1088,983.0,85.0,35,35,90.34926470588235,28.085714285714285,Waseem Muhammad,53.0
1493,942.0,84.0,32,32,63.094440723375754,29.4375,V Aravind,7.0
15,5.0,1.0,2,2,33.33333333333333,2.5,Chirag Suri,
397,184.0,13.0,10,10,46.34760705289673,18.4,CP Rizwan,
1252,1040.0,83.0,29,29,83.06709265175719,35.86206896551724,Asif Khan,39.0
560,316.0,22.0,23,23,56.42857142857143,13.73913043478261,Rohan Mustafa,5.0
690,503.0,47.0,28,28,72.89855072463767,17.964285714285715,Aayan Afzal Khan,11.0
305,143.0,10.0,19,19,46.885245901639344,7.526315789473684,KP Meiyappan,
157,87.0,2.0,26,26,55.4140127388535,3.3461538461538463,Junaid Siddique,8.0
13,3.0,,2,2,23.076923076923077,1.5,Hazrat Bilal,
111,62.0,4.0,16,16,55.85585585585585,3.875,Zahoor Khan,1.0
163,112.0,15.0,9,9,68.71165644171779,12.444444444444445,A Sharafu,2.0
92,27.0,1.0,8,8,29.347826086956523,3.375,RN Bhatia,
345,311.0,40.0,8,8,90.14492753623189,38.875,TP Ura,4.0
393,257.0,28.0,11,11,65.39440203562341,23.363636363636363,K Doriga,8.0
362,254.0,25.0,11,11,70.1657458563536,23.09090909090909,S Bau,1.0
477,308.0,22.0,11,11,64.57023060796647,28.0,A Vala,4.0
170,84.0,6.0,6,6,49.411764705882355,14.0,G Toka,1.0
179,166.0,9.0,9,9,92.73743016759776,18.444444444444443,N Vanua,11.0
162,75.0,2.0,11,11,46.2962962962963,6.818181818181818,CA Soper,
190,147.0,12.0,10,10,77.36842105263158,14.7,R Hekure,4.0
31,20.0,2.0,5,5,64.51612903225806,4.0,HGV Vare,
21,14.0,1.0,4,4,66.66666666666666,3.5,KV Morea,
25,9.0,1.0,8,8,36.0,1.125,SI Kamea,
544,291.0,23.0,14,14,53.49264705882353,20.785714285714285,Aryan Lakra,3.0
685,466.0,35.0,18,18,68.02919708029196,25.88888888888889,Aarif Sheikh,4.0
256,160.0,12.0,8,8,62.5,20.0,H Hiri,5.0
1044,660.0,66.0,23,23,63.2183908045977,28.695652173913043,B Sharki,4.0
1,0.0,,1,1,0.0,0.0,Sabir Ali,
282,155.0,13.0,9,9,54.96453900709219,17.22222222222222,CJA Amini,2.0
6,11.0,1.0,1,1,183.33333333333331,11.0,Pratis GC,
6,2.0,,1,1,33.33333333333333,2.0,A Nao,
34,21.0,2.0,2,2,61.76470588235294,10.5,Zawar Farid,
57,1.0,,11,11,1.7543859649122806,0.09090909090909091,LN Rajbanshi,
22,14.0,1.0,1,1,63.63636363636363,14.0,A Valthapa,
92,69.0,5.0,13,13,75.0,5.3076923076923075,B Muzarabani,2.0
434,326.0,32.0,13,13,75.11520737327189,25.076923076923077,CN Ackermann,1.0
650,798.0,88.0,12,12,122.76923076923076,66.5,SC Williams,16.0
89,80.0,7.0,15,15,89.8876404494382,5.333333333333333,Shoriful Islam,3.0
66,36.0,4.0,9,9,54.54545454545454,4.0,Hasan Mahmud,
902,570.0,57.0,22,22,63.19290465631929,25.90909090909091,SR Taylor,4.0
584,330.0,22.0,14,14,56.5068493150685,23.571428571428573,SJ Modani,5.0
844,710.0,57.0,23,23,84.12322274881517,30.869565217391305,MD Patel,11.0
667,456.0,35.0,19,19,68.36581709145428,24.0,Aaron Jones,10.0
469,397.0,34.0,11,11,84.64818763326227,36.09090909090909,G Singh,10.0
509,438.0,41.0,17,17,86.05108055009823,25.764705882352942,Shayan Jahangir,6.0
131,67.0,4.0,9,9,51.14503816793893,7.444444444444445,NK Patel,
278,200.0,13.0,17,17,71.94244604316546,11.764705882352942,Jasdeep Singh,8.0
283,192.0,13.0,18,18,67.84452296819788,10.666666666666666,NP Kenjige,3.0
69,40.0,4.0,10,10,57.971014492753625,4.0,SN Netravalkar,
16,16.0,1.0,5,5,100.0,3.2,Ali Khan,
105,88.0,10.0,8,8,83.80952380952381,11.0,N Davin,3.0
31,10.0,,2,2,32.25806451612903,5.0,MD du Preez,
355,244.0,24.0,11,11,68.73239436619718,22.181818181818183,Rameez Shahzad,4.0
107,91.0,4.0,8,8,85.04672897196261,11.375,SM Sharma,4.0
460,438.0,53.0,19,19,95.21739130434783,23.05263157894737,A Johnson,23.0
930,722.0,84.0,17,17,77.63440860215054,42.470588235294116,Pargat Singh,12.0
146,80.0,9.0,4,4,54.794520547945204,20.0,M Spoors,2.0
275,191.0,16.0,9,9,69.45454545454545,21.22222222222222,SA Wijeratne,1.0
651,483.0,32.0,16,16,74.19354838709677,30.1875,NR Kirton,12.0
916,612.0,37.0,19,19,66.8122270742358,32.21052631578947,H Thaker,11.0
122,70.0,2.0,5,5,57.377049180327866,14.0,N Dutta,2.0
299,217.0,16.0,16,16,72.5752508361204,13.5625,Saad Bin Zafar,3.0
107,77.0,5.0,5,5,71.96261682242991,15.4,Ravinderpal Singh,3.0
97,73.0,3.0,10,10,75.25773195876289,7.3,Kaleem Sana,5.0
23,16.0,1.0,5,5,69.56521739130434,3.2,JOA Gordon,1.0
776,674.0,60.0,19,19,86.85567010309279,35.473684210526315,SR Mukkamalla,9.0
149,125.0,13.0,4,4,83.89261744966443,31.25,H Carlyon,6.0
69,35.0,3.0,4,4,50.72463768115942,8.75,NA Greenwood,
215,177.0,14.0,4,4,82.32558139534883,44.25,JAD Lawrenson,2.0
310,233.0,16.0,4,4,75.16129032258064,58.25,AM Tribe,6.0
176,119.0,6.0,4,4,67.61363636363636,29.75,JW Jenner,3.0
13,7.0,1.0,2,2,53.84615384615385,3.5,DG Blampied,
106,69.0,7.0,4,4,65.09433962264151,17.25,B Ward,2.0
74,84.0,8.0,3,3,113.51351351351352,28.0,J Sumerauer,2.0
17,6.0,,3,3,35.294117647058826,2.0,JE Dunford,
35,31.0,1.0,3,3,88.57142857142857,10.333333333333334,CW Perchard,2.0
7,1.0,,2,2,14.285714285714285,0.5,EJB Miles,
0,,,1,1,,,Matiullah Khan,
12,8.0,2.0,2,2,66.66666666666666,4.0,J Kariko,
163,174.0,17.0,11,11,106.74846625766872,15.818181818181818,D Heyliger,7.0
310,215.0,25.0,13,13,69.35483870967742,16.53846153846154,A Sharma,4.0
18,10.0,1.0,1,1,55.55555555555556,10.0,Ansh Tandon,
5,1.0,,1,1,20.0,1.0,BDH Stevens,
1,0.0,,1,1,0.0,0.0,D Birrell,
15,4.0,1.0,1,1,26.666666666666668,4.0,Rony Talukdar,
11,8.0,,1,1,72.72727272727273,8.0,Mrittunjoy Chowdhury,
578,423.0,45.0,15,15,73.1833910034602,28.2,KH Prajapati,4.0
734,433.0,42.0,20,20,58.991825613079016,21.65,Jatinder Singh,3.0
33,13.0,2.0,1,1,39.39393939393939,13.0,AA Shafique,
515,292.0,27.0,13,13,56.699029126213595,22.46153846153846,Zeeshan Maqsood,2.0
445,293.0,29.0,12,12,65.84269662921348,24.416666666666668,Mohammad Nadeem,2.0
512,416.0,44.0,16,16,81.25,26.0,Ayan Khan,8.0
85,61.0,5.0,5,5,71.76470588235294,12.2,Sandeep Goud,2.0
188,121.0,11.0,11,11,64.36170212765957,11.0,Fayyaz Butt,2.0
33,21.0,3.0,8,8,63.63636363636363,2.625,Kaleemullah,
21,4.0,,6,6,19.047619047619047,0.6666666666666666,Bilal Khan,
652,477.0,27.0,20,20,73.15950920245399,23.85,Basil Hameed,22.0
415,350.0,36.0,15,15,84.33734939759037,23.333333333333332,Shoaib Khan,6.0
151,53.0,4.0,5,5,35.099337748344375,10.6,S Tippoch,
314,206.0,28.0,5,5,65.60509554140127,41.2,N Chantam,
17,4.0,1.0,2,2,23.52941176470588,2.0,B Leephatthana,
237,143.0,17.0,5,5,60.337552742616026,28.6,N Chaiwai,
33,22.0,3.0,2,2,66.66666666666666,11.0,S Laomi,
124,57.0,5.0,4,4,45.96774193548387,14.25,N Boochatham,
86,47.0,5.0,4,4,54.65116279069767,11.75,C Sutthiruang,1.0
63,30.0,3.0,5,5,47.61904761904761,6.0,R Kanoh,
66,35.0,4.0,5,5,53.03030303030303,7.0,P Maya,
108,25.0,,5,5,23.14814814814815,5.0,T Putthawong,
45,26.0,,4,4,57.77777777777777,6.5,O Kamchomphu,
183,99.0,8.0,8,8,54.09836065573771,12.375,K Ndlovu,
163,105.0,16.0,8,8,64.41717791411043,13.125,SM Mayers,1.0
378,280.0,44.0,10,10,74.07407407407408,28.0,CS Mugeri-Tiripano,
530,314.0,36.0,10,10,59.24528301886792,31.4,M Mupachikwa,
180,89.0,10.0,7,7,49.44444444444444,12.714285714285714,M Musonda,
425,306.0,30.0,10,10,72.0,30.6,A Ndiraya,
297,190.0,23.0,9,9,63.97306397306397,21.11111111111111,J Nkomo,
108,47.0,6.0,7,7,43.51851851851852,6.714285714285714,L Tshuma,
78,63.0,7.0,4,4,80.76923076923077,15.75,P Marange,
81,39.0,5.0,4,4,48.148148148148145,9.75,A Mazvishaya,
156,60.0,5.0,8,8,38.46153846153847,7.5,N Sibanda,
106,34.0,2.0,3,3,32.075471698113205,11.333333333333334,C Chatonzwa,
110,64.0,8.0,5,5,58.18181818181818,12.8,P Mujaji,
95,37.0,3.0,5,5,38.94736842105263,7.4,L Phiri,
34,17.0,3.0,3,3,50.0,5.666666666666667,F Chipare,
54,28.0,2.0,2,2,51.85185185185185,14.0,PM Weerakkody,
190,131.0,17.0,6,6,68.94736842105263,21.833333333333332,Shamima Sultana,
576,342.0,48.0,17,17,59.375,20.11764705882353,Murshida Khatun,
350,205.0,19.0,13,13,58.57142857142858,15.76923076923077,S Mostary,3.0
829,469.0,39.0,19,19,56.57418576598311,24.68421052631579,Nigar Sultana,3.0
1364,694.0,62.0,19,19,50.879765395894424,36.526315789473685,Fargana Hoque,
233,113.0,12.0,10,10,48.497854077253216,11.3,Ritu Moni,
194,73.0,7.0,12,12,37.628865979381445,6.083333333333333,Nahida Akter,
90,40.0,4.0,9,9,44.44444444444444,4.444444444444445,Sultana Khatun,
238,149.0,11.0,14,14,62.60504201680672,10.642857142857142,Fahima Khatun,
12,4.0,,1,1,33.33333333333333,4.0,Jahanara Alam,
131,80.0,8.0,11,11,61.06870229007634,7.2727272727272725,KA Maharaj,1.0
56,45.0,3.0,4,4,80.35714285714286,11.25,TH David,3.0
201,166.0,15.0,10,10,82.58706467661692,16.6,AM Hardie,2.0
61,67.0,3.0,6,6,109.8360655737705,11.166666666666666,NT Ellis,5.0
132,102.0,9.0,8,8,77.27272727272727,12.75,AL Phehlukwayo,6.0
20,6.0,,3,3,30.0,2.0,T Sangha,
58,50.0,6.0,12,12,86.20689655172413,4.166666666666667,JR Hazlewood,2.0
13,3.0,,2,2,23.076923076923077,1.5,MG Neser,
378,306.0,37.0,13,13,80.95238095238095,23.53846153846154,A Athanaze,6.0
1062,855.0,73.0,21,21,80.50847457627118,40.714285714285715,KU Carty,13.0
106,92.0,6.0,7,7,86.79245283018868,13.142857142857142,SO Hetmyer,4.0
450,497.0,40.0,10,10,110.44444444444443,49.7,SE Rutherford,26.0
173,189.0,22.0,12,12,109.2485549132948,15.75,R Shepherd,6.0
169,149.0,15.0,8,8,88.16568047337277,18.625,G Motie,6.0
20,9.0,1.0,4,4,45.0,2.25,O Thomas,
60,62.0,3.0,5,5,103.33333333333334,12.4,MW Forde,4.0
46,50.0,6.0,3,3,108.69565217391303,16.666666666666668,JP Greaves,
48,37.0,5.0,3,3,77.08333333333334,12.333333333333334,KAR Hodge,
384,305.0,24.0,13,13,79.42708333333334,23.46153846153846,RL Chase,1.0
44,21.0,,2,2,47.72727272727273,10.5,HR Walsh,
77,98.0,13.0,7,7,127.27272727272727,14.0,J Fraser-McGurk,4.0
274,260.0,30.0,12,12,94.8905109489051,21.666666666666668,MW Short,8.0
33,18.0,,1,1,54.54545454545454,18.0,W Sutherland,
23,16.0,3.0,2,2,69.56521739130434,8.0,KY Ottley,
6,0.0,,1,1,0.0,0.0,TJ Bishop,
242,89.0,8.0,14,14,36.77685950413223,6.357142857142857,Z James,
5,0.0,,1,1,0.0,0.0,D Joseph,
307,119.0,12.0,13,13,38.762214983713356,9.153846153846153,RS Williams,
617,391.0,37.0,17,17,63.37115072933549,23.0,SA Campbelle,
281,243.0,23.0,12,12,86.47686832740213,20.25,CA Henry,5.0
296,227.0,30.0,14,14,76.6891891891892,16.214285714285715,AA Alleyne,2.0
113,94.0,11.0,12,12,83.1858407079646,7.833333333333333,ASS Fletcher,
78,39.0,2.0,4,4,50.0,9.75,CS Fraser,1.0
130,69.0,8.0,12,12,53.07692307692308,5.75,K Ramharack,
31,24.0,3.0,7,7,77.41935483870968,3.4285714285714284,SS Connell,
859,767.0,94.0,14,14,89.28987194412107,54.785714285714285,HK Matthews,3.0
37,14.0,1.0,4,4,37.83783783783784,3.5,S Gajnabi,
1342,1110.0,113.0,21,21,82.71236959761549,52.857142857142854,L Wolvaardt,8.0
694,547.0,60.0,18,18,78.81844380403457,30.38888888888889,T Brits,5.0
319,250.0,35.0,12,12,78.36990595611285,20.833333333333332,A Bosch,2.0
660,477.0,46.0,20,20,72.27272727272728,23.85,S Luus,2.0
864,749.0,82.0,19,19,86.68981481481481,39.421052631578945,M Kapp,7.0
241,219.0,30.0,7,7,90.87136929460581,31.285714285714285,CL Tryon,1.0
525,418.0,44.0,17,17,79.61904761904762,24.58823529411765,N de Klerk,2.0
93,62.0,7.0,8,8,66.66666666666666,7.75,S Jafta,1.0
49,29.0,5.0,7,7,59.183673469387756,4.142857142857143,N Mlaba,
84,27.0,3.0,7,7,32.142857142857146,3.857142857142857,M Klaas,
30,14.0,1.0,6,6,46.666666666666664,2.3333333333333335,A Khaka,
80,53.0,5.0,4,4,66.25,13.25,E Marx,
19,10.0,2.0,2,2,52.63157894736842,5.0,A Hlubi,
399,396.0,34.0,17,17,99.24812030075188,23.294117647058822,Ali Naseer,18.0
282,261.0,32.0,10,10,92.5531914893617,26.1,J Charles,10.0
18,11.0,,2,2,61.111111111111114,5.5,DC Drakes,
6,3.0,,1,1,50.0,3.0,Akeem Jordan,
26,9.0,1.0,2,2,34.61538461538461,4.5,Lovepreet Singh,
21,9.0,1.0,2,2,42.857142857142854,4.5,Ethan D'Souza,
15,14.0,1.0,6,6,93.33333333333333,2.3333333333333335,Muhammad Jawadullah,1.0
30,15.0,,1,1,50.0,15.0,RA Reifer,
43,54.0,4.0,5,5,125.5813953488372,10.8,KMA Paul,2.0
581,379.0,42.0,15,15,65.23235800344234,25.266666666666666,J Gumbie,1.0
471,390.0,38.0,11,11,82.80254777070064,35.45454545454545,FDM Karunaratne,
1015,935.0,96.0,32,32,92.11822660098522,29.21875,S Samarawickrama,6.0
648,422.0,39.0,14,14,65.12345679012346,30.142857142857142,Aqib Ilyas,7.0
805,628.0,53.0,22,22,78.01242236024845,28.545454545454547,BFW de Leede,13.0
119,121.0,10.0,7,7,101.68067226890756,17.285714285714285,Saqib Zulfiqar,4.0
261,243.0,17.0,14,14,93.10344827586206,17.357142857142858,LV van Beek,8.0
2,0.0,,1,1,0.0,0.0,K Phillip,
60,31.0,,8,8,51.66666666666667,3.875,Jay Odedra,3.0
69,82.0,8.0,3,3,118.84057971014492,27.333333333333332,Naseem Khushi,3.0
467,225.0,16.0,20,20,48.17987152034261,11.25,M Theekshana,1.0
2,7.0,1.0,1,1,350.0,7.0,A Neill,
74,78.0,7.0,5,5,105.40540540540539,15.6,LM Jongwe,1.0
69,36.0,3.0,3,3,52.17391304347826,12.0,AA Paradkar,
42,28.0,4.0,2,2,66.66666666666666,14.0,Usman Rafiq,
14,10.0,2.0,3,3,71.42857142857143,3.3333333333333335,C Floyd,
0,,,1,1,,,AC Evans,
61,35.0,2.0,2,2,57.377049180327866,17.5,K Sinclair,
132,64.0,5.0,4,4,48.484848484848484,16.0,A Saud,2.0
81,63.0,5.0,2,2,77.77777777777779,31.5,Suraj Kumar,1.0
1,1.0,,1,1,100.0,1.0,K Mahato,
134,89.0,6.0,3,3,66.4179104477612,29.666666666666668,SSD Arachchige,
33,10.0,2.0,6,6,30.303030303030305,1.6666666666666667,M Pathirana,
305,207.0,15.0,11,11,67.8688524590164,18.818181818181817,NRJ Croes,1.0
889,540.0,50.0,22,22,60.742407199100114,24.545454545454547,L Paul,
953,673.0,90.0,21,21,70.61909758656874,32.04761904761905,GH Lewis,1.0
894,656.0,65.0,22,22,73.37807606263982,29.818181818181817,O Prendergast,6.0
408,293.0,25.0,15,15,71.81372549019608,19.533333333333335,L Delany,
613,482.0,50.0,20,20,78.62969004893964,24.1,A Hunter,2.0
8,9.0,1.0,1,1,112.5,9.0,EAJ Richardson,
28,20.0,,2,2,71.42857142857143,10.0,MV Waldron,
393,233.0,18.0,20,20,59.28753180661578,11.65,AN Kelly,1.0
19,14.0,1.0,2,2,73.68421052631578,7.0,S MacMahon,
151,76.0,5.0,13,13,50.331125827814574,5.846153846153846,A Canning,1.0
113,63.0,7.0,9,9,55.75221238938053,7.0,C Murray,
315,204.0,11.0,15,15,64.76190476190476,13.6,R Stokell,4.0
35,22.0,2.0,7,7,62.857142857142854,3.142857142857143,AK Maguire,
102,51.0,2.0,8,8,50.0,6.375,G Dempsey,
799,571.0,65.0,20,20,71.46433041301627,28.55,SW Bates,
223,166.0,15.0,6,6,74.43946188340807,27.666666666666668,B Bezuidenhout,
1062,805.0,73.0,18,18,75.80037664783428,44.72222222222222,AC Kerr,1.0
685,667.0,75.0,18,18,97.37226277372262,37.05555555555556,SFM Devine,15.0
645,488.0,44.0,19,19,75.65891472868216,25.68421052631579,ML Green,1.0
375,239.0,26.0,16,16,63.733333333333334,14.9375,GE Plimmer,1.0
623,435.0,45.0,15,15,69.82343499197432,29.0,BM Halliday,5.0
242,168.0,16.0,10,10,69.42148760330579,16.8,HM Rowe,
81,83.0,6.0,9,9,102.46913580246914,9.222222222222221,LMM Tahuhu,1.0
37,17.0,1.0,2,2,45.94594594594595,8.5,K Kavindi,
42,30.0,3.0,3,3,71.42857142857143,10.0,BMSM Kumari,
19,6.0,1.0,3,3,31.57894736842105,2.0,JNT Seales,
199,180.0,9.0,4,4,90.45226130653266,45.0,SV Samson,7.0
17,10.0,2.0,2,2,58.82352941176471,5.0,Mukesh Kumar,
117,96.0,15.0,5,5,82.05128205128204,19.2,RD Gaikwad,
439,303.0,40.0,8,8,69.02050113895216,37.875,Sharmin Akhter,
100,37.0,3.0,11,11,37.0,3.3636363636363638,Rabeya Khan,
81,45.0,5.0,11,11,55.55555555555556,4.090909090909091,Marufa Akter,
97,48.0,5.0,4,4,49.48453608247423,12.0,PS Punia,1.0
1179,1136.0,137.0,20,20,96.35284139100932,56.8,S Mandhana,17.0
275,188.0,24.0,9,9,68.36363636363636,20.88888888888889,YH Bhatia,1.0
567,481.0,44.0,17,17,84.83245149911816,28.294117647058822,H Kaur,6.0
753,699.0,61.0,20,20,92.82868525896414,34.95,JI Rodrigues,3.0
380,263.0,19.0,16,16,69.21052631578948,16.4375,DB Sharma,2.0
109,55.0,2.0,6,6,50.45871559633027,9.166666666666666,AB Kaur,
10,2.0,,4,4,20.0,0.5,S Rana,
27,10.0,1.0,2,2,37.03703703703704,5.0,DP Vaidya,
125,122.0,12.0,5,5,97.6,24.4,P Vastrakar,2.0
6,2.0,,1,1,33.33333333333333,2.0,BM Anusha,
581,457.0,53.0,12,12,78.65748709122204,38.083333333333336,H Deol,1.0
24,9.0,1.0,1,1,37.5,9.0,Lata Mondal,
146,113.0,18.0,8,8,77.3972602739726,14.125,Shafali Verma,1.0
7,6.0,1.0,1,1,85.71428571428571,6.0,Meghna Singh,
227,124.0,15.0,8,8,54.62555066079295,15.5,L Goodall,
15,7.0,1.0,1,1,46.666666666666664,7.0,Shawaal Zulfiqar,
77,40.0,2.0,11,11,51.94805194805194,3.6363636363636362,Umm-e-Hani,
57,20.0,1.0,11,11,35.08771929824561,1.8181818181818181,Nashra Sandhu,
16,5.0,,4,4,31.25,1.25,Ghulam Fatima,
80,50.0,5.0,5,5,62.5,10.0,D Tucker,
57,24.0,3.0,4,4,42.10526315789473,6.0,N Shangase,
52,76.0,6.0,8,8,146.15384615384613,9.5,MA Wood,5.0
352,307.0,35.0,10,10,87.2159090909091,30.7,Saud Shakeel,1.0
29,20.0,4.0,3,3,68.96551724137932,6.666666666666667,Hasan Ali,
100,77.0,5.0,12,12,77.0,6.416666666666667,RE van der Merwe,3.0
164,166.0,29.0,9,9,101.21951219512195,18.444444444444443,MDKJ Perera,2.0
209,201.0,19.0,11,11,96.17224880382776,18.272727272727273,PJ Cummins,7.0
519,327.0,28.0,11,11,63.005780346820806,29.727272727272727,SA Engelbrecht,3.0
410,413.0,52.0,18,18,100.73170731707317,22.944444444444443,Tanzid Hasan,14.0
160,98.0,9.0,7,7,61.25000000000001,14.0,Mahedi Hasan,
21,17.0,2.0,3,3,80.95238095238095,5.666666666666667,MADI Hemantha,1.0
67,44.0,5.0,6,6,65.67164179104478,7.333333333333333,JJ Bumrah,
83,41.0,3.0,5,5,49.39759036144578,8.2,PVD Chameera,
126,95.0,7.0,6,6,75.39682539682539,15.833333333333334,Tanzim Hasan Sakib,4.0
64,45.0,8.0,6,6,70.3125,7.5,B de Leede,
19,11.0,2.0,1,1,57.89473684210527,11.0,SL Kalis,
42,40.0,4.0,2,2,95.23809523809523,20.0,HDJ Siegers,1.0
219,179.0,16.0,6,6,81.7351598173516,29.833333333333332,R Rijke,2.0
189,85.0,8.0,6,6,44.97354497354497,14.166666666666666,IJR Zwilling,
235,101.0,5.0,6,6,42.97872340425532,16.833333333333332,F Overdijk,
279,135.0,7.0,6,6,48.38709677419355,22.5,P Molkenboer,
105,68.0,10.0,6,6,64.76190476190476,11.333333333333334,EN Lynch,
15,5.0,1.0,4,4,33.33333333333333,1.25,HWA Landheer,
168,91.0,9.0,6,6,54.166666666666664,15.166666666666666,C de Lange,
13,10.0,,2,2,76.92307692307693,5.0,I van der Woning,
51,44.0,6.0,2,2,86.27450980392157,22.0,N Koncharoenkai,
4,0.0,,1,1,0.0,0.0,Nanthita Boonsukham,
24,18.0,,1,1,75.0,18.0,S Khiaoto,
7,1.0,,1,1,14.285714285714285,1.0,RM van Oosterom,
276,218.0,17.0,8,8,78.98550724637681,27.25,JG Bethell,5.0
139,129.0,10.0,7,7,92.80575539568345,18.428571428571427,PWA Mulder,2.0
40,8.0,,2,2,20.0,4.0,N Burger,
144,127.0,17.0,3,3,88.19444444444444,42.333333333333336,B Sai Sudharsan,1.0
125,68.0,6.0,4,4,54.400000000000006,17.0,Tilak Varma,1.0
43,55.0,5.0,2,2,127.90697674418605,27.5,RK Singh,3.0
27,30.0,1.0,5,5,111.11111111111111,6.0,Arshdeep Singh,2.0
11,10.0,,2,2,90.9090909090909,5.0,Avesh Khan,1.0
18,22.0,3.0,1,1,122.22222222222223,22.0,RM Patidar,1.0
26,18.0,2.0,1,1,69.23076923076923,18.0,BE Hendricks,
23,17.0,2.0,3,3,73.91304347826086,5.666666666666667,LB Williams,
269,169.0,13.0,14,14,62.825278810408925,12.071428571428571,IC Gaze,
271,170.0,9.0,11,11,62.73062730627307,15.454545454545455,Najiha Alvi,
104,65.0,5.0,2,2,62.5,32.5,Natalia Pervaiz,1.0
40,10.0,,7,7,25.0,1.4285714285714286,MM Penfold,
42,12.0,,7,7,28.57142857142857,1.7142857142857142,FC Jonas,
81,91.0,11.0,9,9,112.34567901234568,10.11111111111111,JM Kerr,2.0
35,15.0,2.0,6,6,42.857142857142854,2.5,LK Bell,
43,24.0,4.0,6,6,55.81395348837209,4.0,L Filer,
359,338.0,42.0,10,10,94.15041782729804,33.8,Soumya Sarkar,7.0
124,98.0,14.0,5,5,79.03225806451613,19.6,Anamul Haque,
70,98.0,8.0,6,6,140.0,16.333333333333332,Rishad Hossain,8.0
24,17.0,2.0,2,2,70.83333333333334,8.5,JA Clarkson,
12,10.0,2.0,1,1,83.33333333333334,10.0,A Ashok,
17,6.0,,4,4,35.294117647058826,1.5,W O'Rourke,
97,57.0,8.0,3,3,58.76288659793815,19.0,Mohammad Naim,
38,22.0,,3,3,57.89473684210527,7.333333333333333,Shamim Hossain,1.0
34,26.0,2.0,2,2,76.47058823529412,13.0,Faheem Ashraf,
32,13.0,1.0,5,5,40.625,2.6,PM Liyanagamage,
5,0.0,,2,2,0.0,0.0,M Prasidh Krishna,
14,12.0,2.0,3,3,85.71428571428571,4.0,SH Johnson,
10,3.0,,5,5,30.0,0.6,EJ Carson,
4,1.0,,2,2,25.0,0.5,Khaled Ahmed,
5,1.0,,1,1,20.0,1.0,Zakir Hasan,
1,0.0,,1,1,0.0,0.0,D Foxcroft,
245,147.0,11.0,13,13,60.0,11.307692307692308,Shorna Akter,2.0
33,21.0,4.0,2,2,63.63636363636363,10.5,Ayesha Zafar,
103,44.0,3.0,7,7,42.71844660194174,6.285714285714286,LR Down,
257,171.0,21.0,5,5,66.53696498054474,34.2,SJ Bryce,
281,200.0,26.0,9,9,71.17437722419929,22.22222222222222,DEM Carter,
358,301.0,27.0,5,5,84.07821229050279,60.2,KE Bryce,1.0
239,123.0,7.0,9,9,51.46443514644351,13.666666666666666,PA Chatterji,1.0
112,80.0,7.0,4,4,71.42857142857143,20.0,A Lister,
109,113.0,12.0,8,8,103.6697247706422,14.125,L Jack,
125,50.0,2.0,8,8,40.0,6.25,EL Watson,
116,80.0,7.0,6,6,68.96551724137932,13.333333333333334,M McColl,
36,12.0,,5,5,33.33333333333333,2.4,AH Maqsood,
77,32.0,3.0,5,5,41.55844155844156,6.4,O Bell,
35,12.0,1.0,4,4,34.285714285714285,3.0,HRA Rainey,
78,36.0,2.0,7,7,46.15384615384615,5.142857142857143,FA Sargent,
63,31.0,2.0,4,4,49.2063492063492,7.75,A Dalzell,
53,26.0,2.0,1,1,49.056603773584904,26.0,M Faisal,
34,10.0,,2,2,29.411764705882355,5.0,NM Sheikh,
1,2.0,,1,1,200.0,2.0,Nishita Akter Nishi,
32,15.0,2.0,1,1,46.875,15.0,Iram Javed,
393,379.0,52.0,15,15,96.43765903307889,25.266666666666666,RM Ghosh,7.0
32,14.0,2.0,7,7,43.75,2.0,Renuka Singh,
12,7.0,1.0,2,2,58.333333333333336,3.5,SR Patil,
15,8.0,1.0,1,1,53.333333333333336,8.0,MS Kashyap,
25,37.0,6.0,5,5,148.0,7.4,TS Kamunhukamwe,1.0
61,40.0,5.0,5,5,65.57377049180327,8.0,B Mavuta,
59,30.0,2.0,4,4,50.847457627118644,7.5,M Shumba,
17,14.0,2.0,2,2,82.35294117647058,7.0,TL Chivanga,
71,31.0,2.0,3,3,43.66197183098591,10.333333333333334,T Kaitano,
717,566.0,41.0,17,17,78.94002789400278,33.294117647058826,J Liyanage,15.0
23,23.0,2.0,3,3,100.0,7.666666666666667,JDF Vandersay,
12,6.0,1.0,2,2,50.0,3.0,M Faraz Akram,
9,1.0,,1,1,11.11111111111111,1.0,T Mufudza,
29,12.0,1.0,1,1,41.37931034482759,12.0,S Daniel,
204,102.0,10.0,5,5,50.0,20.4,CT Dhururu,
37,22.0,2.0,4,4,59.45945945945946,5.5,N Gwanzura,
15,3.0,,2,2,20.0,1.5,M Mavunga,
1,1.0,,1,1,100.0,1.0,K Chigora,
8,0.0,,4,4,0.0,0.0,L Mabhero,
56,26.0,,6,6,46.42857142857143,4.333333333333333,J Maguire,
64,41.0,3.0,3,3,64.0625,13.666666666666666,P Sarraf,2.0
33,10.0,,1,1,30.303030303030305,10.0,Surya Tamang,
4,4.0,,1,1,100.0,4.0,R Dhakal,
523,295.0,28.0,11,11,56.40535372848948,26.818181818181817,NS Dhaliwal,5.0
482,324.0,24.0,14,14,67.21991701244814,23.142857142857142,S Movva,
28,26.0,2.0,2,2,92.85714285714286,13.0,U Bhagwan,1.0
39,26.0,2.0,3,3,66.66666666666666,8.666666666666666,Shahid Ahmadzai,
2,0.0,,1,1,0.0,0.0,IS Sohi,
123,74.0,8.0,5,5,60.16260162601627,14.8,DS Bajwa,1.0
340,313.0,33.0,11,11,92.05882352941175,28.454545454545453,AK Sah,12.0
87,76.0,7.0,2,2,87.35632183908046,38.0,D Khanal,2.0
541,334.0,18.0,15,15,61.737523105360445,22.266666666666666,JJ Smit,16.0
247,196.0,25.0,9,9,79.35222672064778,21.77777777777778,M Levitt,8.0
88,61.0,3.0,5,5,69.31818181818183,12.2,K Klein,1.0
293,192.0,19.0,14,14,65.52901023890784,13.714285714285714,JP Kotze,5.0
332,243.0,21.0,11,11,73.19277108433735,22.09090909090909,MB Kruger,4.0
18,2.0,,5,5,11.11111111111111,0.4,JT Brassell,
106,78.0,12.0,4,4,73.58490566037736,19.5,T Suri,
377,260.0,22.0,11,11,68.96551724137932,23.636363636363637,R Chopra,8.0
41,38.0,3.0,3,3,92.6829268292683,12.666666666666666,Zuhaib Zubair,1.0
139,138.0,18.0,4,4,99.28057553956835,34.5,ARI Umeed,3.0
19,10.0,1.0,2,2,52.63157894736842,5.0,SW Currie,
354,237.0,18.0,9,9,66.94915254237289,26.333333333333332,C Tear,5.0
48,33.0,3.0,2,2,68.75,16.5,BTJ Wheal,
22,9.0,,2,2,40.909090909090914,4.5,BJ Currie,
4,0.0,,1,1,0.0,0.0,Sumaiya Akter,
323,138.0,11.0,8,8,42.72445820433436,17.25,N Vare,
235,123.0,13.0,8,8,52.34042553191489,15.375,B Tau,
368,232.0,26.0,8,8,63.04347826086957,29.0,T Ruma,
198,118.0,12.0,8,8,59.59595959595959,14.75,S Jimmy,
235,160.0,17.0,7,7,68.08510638297872,22.857142857142858,P Siaka,
130,70.0,6.0,7,7,53.84615384615385,10.0,K Frank,
122,59.0,8.0,7,7,48.36065573770492,8.428571428571429,HJ Thomas,
179,71.0,4.0,7,7,39.66480446927375,10.142857142857142,V Araa,
100,41.0,4.0,7,7,41.0,5.857142857142857,I Toua,
34,19.0,1.0,4,4,55.88235294117647,4.75,GP Tom,
8,0.0,,4,4,0.0,0.0,V Buruka,
53,20.0,2.0,3,3,37.735849056603776,6.666666666666667,L Rajadurai,
2,0.0,,2,2,0.0,0.0,Melanie Ani,
26,11.0,,3,3,42.30769230769231,3.6666666666666665,D Lohia,
147,96.0,11.0,6,6,65.3061224489796,16.0,CN Nation,
504,515.0,59.0,9,9,102.18253968253967,57.22222222222222,Saim Ayub,16.0
213,210.0,19.0,7,7,98.59154929577466,30.0,Kamran Ghulam,9.0
74,48.0,3.0,5,5,64.86486486486487,9.6,Irfan Khan,1.0
46,10.0,,3,3,21.73913043478261,3.3333333333333335,C Connolly,
2,0.0,,1,1,0.0,0.0,LR Morris,
102,46.0,5.0,6,6,45.09803921568628,7.666666666666667,SZ Thakor,
26,9.0,,3,3,34.61538461538461,3.0,TR Sadhu,
31,6.0,,4,4,19.35483870967742,1.5,Priya Mishra,
164,173.0,22.0,3,3,105.48780487804879,57.666666666666664,G Voll,1.0
3,2.0,,2,2,66.66666666666666,1.0,S Molineux,
60,54.0,5.0,2,2,90.0,27.0,M Mani,
43,21.0,,3,3,48.837209302325576,7.0,A Reddy,
10,4.0,,2,2,40.0,2.0,D Brown,
166,82.0,10.0,6,6,49.39759036144578,13.666666666666666,GC Bhogle,
362,237.0,32.0,7,7,65.4696132596685,33.857142857142854,D Dhingra,
297,155.0,16.0,7,7,52.18855218855219,22.142857142857142,A Kolan,
295,200.0,12.0,7,7,67.79661016949152,28.571428571428573,S Sriharsha,
91,45.0,5.0,5,5,49.45054945054945,9.0,IM Vaghela,
61,32.0,2.0,3,3,52.459016393442624,10.666666666666666,RP Singh,
10,2.0,,2,2,20.0,1.0,JM Willathgamuwa,
76,46.0,4.0,4,4,60.526315789473685,11.5,G Kodali,
106,79.0,6.0,5,5,74.52830188679245,15.8,AI Chudasama,
13,6.0,1.0,1,1,46.15384615384615,6.0,SR Thadani,
9,4.0,,3,3,44.44444444444444,1.3333333333333333,S Immadi,
356,276.0,33.0,5,5,77.52808988764045,55.2,S Horley,
199,152.0,14.0,6,6,76.38190954773869,25.333333333333332,K Fraser,1.0
10,9.0,1.0,1,1,90.0,9.0,R Slater,
9,0.0,,1,1,0.0,0.0,Pooja Ganesh,
6,5.0,1.0,1,1,83.33333333333334,5.0,JL Aras,
176,103.0,14.0,7,7,58.52272727272727,14.714285714285714,PS Athavale,
158,117.0,14.0,5,5,74.0506329113924,23.4,Khalid Kail,1.0
70,66.0,3.0,4,4,94.28571428571428,16.5,Mehran Khan,6.0
2,1.0,,1,1,50.0,1.0,JJ Davidson,
29,5.0,,3,3,17.24137931034483,1.6666666666666667,K Sonavale,
124,107.0,9.0,1,1,86.29032258064517,107.0,MM English,2.0
21,20.0,1.0,3,3,95.23809523809523,6.666666666666667,S Nisansala,
302,163.0,19.0,9,9,53.973509933774835,18.11111111111111,S Forbes,
63,39.0,2.0,5,5,61.904761904761905,7.8,A Tector,
208,126.0,16.0,5,5,60.57692307692307,25.2,CE Coulter Reilly,
106,68.0,5.0,7,7,64.15094339622641,9.714285714285714,U Raymond-Hoey,
95,78.0,10.0,3,3,82.10526315789474,26.0,HJ Armitage,
61,59.0,7.0,3,3,96.72131147540983,19.666666666666668,PJ Scholfield,1.0
75,94.0,9.0,3,3,125.33333333333334,31.333333333333332,FG Kemp,3.0
32,32.0,3.0,3,3,100.0,10.666666666666666,MK Villiers,
9,15.0,,1,1,166.66666666666669,15.0,IECM Wong,1.0
14,17.0,2.0,1,1,121.42857142857142,17.0,R MacDonald-Gay,
3,3.0,,1,1,100.0,3.0,HL Baker,
24,13.0,,3,3,54.166666666666664,4.333333333333333,OEG Baartman,
30,24.0,2.0,2,2,80.0,12.0,G Hoey,1.0
139,150.0,14.0,4,4,107.91366906474819,37.5,K Verreynne,1.0
1,0.0,,1,1,0.0,0.0,F Hand,
151,132.0,10.0,2,2,87.41721854304636,66.0,JF Smith,6.0
19,28.0,5.0,5,5,147.36842105263156,5.6,Abrar Ahmed,
3,1.0,,2,2,33.33333333333333,0.5,KT Maphaka,
120,134.0,15.0,7,7,111.66666666666667,19.142857142857142,Tayyab Tahir,2.0
1,0.0,,1,1,0.0,0.0,Sufiyan Muqeem,
53,55.0,6.0,2,2,103.77358490566037,27.5,C Bosch,1.0
112,70.0,10.0,4,4,62.5,17.5,A Dercksen,
74,45.0,3.0,3,3,60.810810810810814,15.0,M De Ridder,
57,22.0,2.0,3,3,38.59649122807017,7.333333333333333,JM Cox,
88,69.0,5.0,3,3,78.4090909090909,23.0,DR Mousley,1.0
52,49.0,5.0,4,4,94.23076923076923,12.25,J Overton,1.0
5,2.0,,1,1,40.0,2.0,JA Turner,
253,284.0,21.0,6,6,112.25296442687747,47.333333333333336,E Lewis,17.0
280,226.0,15.0,5,5,80.71428571428572,45.2,Jaker Ali,6.0
9,4.0,1.0,2,2,44.44444444444444,2.0,Nahid Rana,
85,104.0,6.0,1,1,122.3529411764706,104.0,AA Jangoo,4.0
69,39.0,2.0,3,3,56.52173913043478,13.0,D Hemalatha,2.0
75,57.0,5.0,3,3,76.0,19.0,RP Yadav,
5,8.0,1.0,1,1,160.0,8.0,S Asha,
18,6.0,,1,1,33.33333333333333,6.0,TS Sekhukhune,
186,141.0,15.0,7,7,75.80645161290323,20.142857142857142,Q Joseph,6.0
19,9.0,,4,4,47.368421052631575,2.25,S Mahmood,
23,15.0,3.0,1,1,65.21739130434783,15.0,YBK Jaiswal,
10,13.0,1.0,1,1,130.0,13.0,Harshit Rana,1.0
41,38.0,4.0,1,1,92.6829268292683,38.0,T Banton,2.0
126,129.0,11.0,4,4,102.38095238095238,32.25,Khushdil Shah,3.0
238,233.0,21.0,2,2,97.89915966386555,116.5,MP Breetzke,6.0
9,7.0,,1,1,77.77777777777779,7.0,E Bosch,
3,2.0,,1,1,66.66666666666666,2.0,S Muthusamy,
2,1.0,,1,1,50.0,1.0,M Mpongwana,
35,32.0,4.0,2,2,91.42857142857143,16.0,A Dananjaya,
1,1.0,,1,1,100.0,1.0,M Shiraz,
42,34.0,2.0,3,3,80.95238095238095,11.333333333333334,S Dube,2.0
270,226.0,15.0,11,11,83.7037037037037,20.545454545454547,PHKD Mendis,8.0
9,6.0,1.0,1,1,66.66666666666666,6.0,RR Pant,
13,15.0,2.0,1,1,115.38461538461537,15.0,R Parag,
106,58.0,4.0,3,3,54.71698113207547,19.333333333333332,C Wickramasinghe,1.0
45,10.0,2.0,4,4,22.22222222222222,2.5,E Malinga,
13,2.0,,3,3,15.384615384615385,0.6666666666666666,AM Fernando,
40,26.0,2.0,4,4,65.0,6.5,NG Smith,
64,51.0,6.0,2,2,79.6875,25.5,IR James,1.0
3,3.0,,1,1,100.0,3.0,RA Mair,
3,1.0,,1,1,33.33333333333333,1.0,M Nanayakkara,
95,36.0,3.0,4,4,37.89473684210527,9.0,AS van Beuge,
21,10.0,,1,1,47.61904761904761,10.0,AH Thomson,
48,33.0,6.0,4,4,68.75,8.25,A Aitken-Drummond,
47,9.0,,3,3,19.148936170212767,3.0,C Abel,
66,25.0,3.0,3,3,37.878787878787875,8.333333333333334,CH van Koolwijk,
1,3.0,,2,2,300.0,1.5,S Siegers,
3,1.0,,1,1,33.33333333333333,1.0,G Fontenla,
48,45.0,8.0,3,3,93.75,15.0,D Myers,
326,318.0,39.0,6,6,97.54601226993866,53.0,BJ Bennett,5.0
15,6.0,,3,3,40.0,2.0,T Gwandu,
2,0.0,,1,1,0.0,0.0,Haseebullah Khan,
9,5.0,1.0,2,2,55.55555555555556,2.5,Aamer Jamal,
66,36.0,1.0,3,3,54.54545454545454,12.0,Aaditya Varadarajan,
23,7.0,,2,2,30.434782608695656,3.5,Junaid Siddiqui,
442,305.0,38.0,12,12,69.00452488687783,25.416666666666668,SK Patel,1.0
506,476.0,45.0,12,12,94.0711462450593,39.666666666666664,Milind Kumar,13.0
226,127.0,12.0,8,8,56.19469026548673,15.875,SC van Schalkwyk,2.0
165,159.0,11.0,10,10,96.36363636363636,15.9,Harmeet Singh,8.0
6,2.0,,2,2,33.33333333333333,1.0,J Drysdale,
81,46.0,5.0,1,1,56.79012345679012,46.0,Steven Ryan Taylor,
4,3.0,,1,1,75.0,3.0,RR Joshi,
50,25.0,1.0,5,5,50.0,5.0,JI de Villiers,1.0
266,177.0,15.0,8,8,66.54135338345864,22.125,V Sukumaran,6.0
380,343.0,35.0,8,8,90.26315789473685,42.875,AGS Gous,10.0
31,32.0,2.0,1,1,103.2258064516129,32.0,DO Leicher,2.0
0,,,1,1,,,PD Blignaut,
7,1.0,,2,2,14.285714285714285,0.5,Omid Shafi Rahman,
16,4.0,1.0,2,2,25.0,2.0,Muhammad Farooq,
11,2.0,,3,3,18.181818181818183,0.6666666666666666,Akhil Kumar,
166,88.0,5.0,8,8,53.01204819277109,11.0,Shakeel Ahmed,4.0
42,31.0,3.0,2,2,73.80952380952381,15.5,MA Jones,
149,140.0,14.0,6,6,93.95973154362416,23.333333333333332,SP Krishnamurthi,4.0
75,75.0,6.0,2,2,100.0,37.5,Utkarsh Srivastava,1.0
169,158.0,17.0,3,3,93.49112426035504,52.666666666666664,KNM Fernando,2.0
184,140.0,16.0,6,6,76.08695652173914,23.333333333333332,TS Hasabnis,
103,79.0,10.0,5,5,76.69902912621359,15.8,E Claridge,
58,59.0,8.0,3,3,101.72413793103448,19.666666666666668,TG Norris,
28,8.0,1.0,1,1,28.57142857142857,8.0,L Shetty,
238,123.0,12.0,5,5,51.68067226890757,24.6,B Biza,
50,9.0,,2,2,18.0,4.5,R Pasipanodya,
18,3.0,,1,1,16.666666666666664,3.0,O Chare,
8,7.0,,1,1,87.5,7.0,A Zimunu,
170,136.0,18.0,1,1,80.0,136.0,CR Pagydyala,
49,48.0,7.0,3,3,97.95918367346938,16.0,TB Robinson,
72,59.0,4.0,2,2,81.94444444444444,29.5,MJ Hay,1.0
89,58.0,4.0,4,4,65.1685393258427,14.5,D Parashar,2.0
325,137.0,12.0,5,5,42.15384615384615,27.4,AR Odedara,2.0
195,103.0,12.0,7,7,52.820512820512825,14.714285714285714,Aamir Kaleem,3.0
193,103.0,10.0,7,7,53.36787564766839,14.714285714285714,Hammad Mirza,1.0
87,58.0,4.0,4,4,66.66666666666666,14.5,T van der Gugten,
93,52.0,6.0,5,5,55.91397849462365,10.4,Wasim Ali,2.0
14,7.0,,3,3,50.0,2.3333333333333335,B Siddharth,
40,15.0,2.0,3,3,37.5,5.0,S Shrivastava,
7,10.0,2.0,1,1,142.85714285714286,10.0,Muzahir Raza,
496,444.0,56.0,6,6,89.51612903225806,74.0,Pratika Rawal,4.0
69,58.0,9.0,5,5,84.05797101449275,11.6,DJS Dottin,2.0
17,13.0,3.0,1,1,76.47058823529412,13.0,NK Crafton,
24,15.0,2.0,2,2,62.5,7.5,M Mangru,
13,4.0,1.0,1,1,30.76923076923077,4.0,A Munisar,
3,2.0,,1,1,66.66666666666666,2.0,SG Satghare,
40,28.0,1.0,2,2,70.0,14.0,BJ Dwarshuis,2.0
216,164.0,18.0,3,3,75.92592592592592,54.666666666666664,BJ Curran,
15,8.0,,2,2,53.333333333333336,4.0,J Campbell,
4,0.0,,2,2,0.0,0.0,Fariha Trisna,
17,7.0,1.0,1,1,41.17647058823529,7.0,J Glasgow,
60,35.0,4.0,2,2,58.333333333333336,17.5,JC Balt,
62,29.0,3.0,3,3,46.774193548387096,9.666666666666666,Hashir Dafedar,1.0
41,11.0,1.0,3,3,26.82926829268293,3.6666666666666665,Sufyan Mehmood,
82,48.0,1.0,4,4,58.536585365853654,12.0,V Shukla,2.0
17,16.0,,1,1,94.11764705882352,16.0,Hassnain Shah,2.0
14,2.0,,1,1,14.285714285714285,2.0,Yasir Mohammad,
15,2.0,,1,1,13.333333333333334,2.0,J Ramanandi,
