balls_bowled,runs_conceded,overs,wickets,economy,bowling_average,bowling_strike_rate,player
781,787,130.1,22,6.046094750320102,35.77272727272727,35.5,CAK Rajitha
963,955,160.3,43,5.950155763239875,22.209302325581394,22.3953488372093,D Madushanka
631,651,105.1,24,6.190174326465927,27.125,26.291666666666668,CBRLS Kumara
318,318,53.0,8,6.0,39.75,39.75,C Karunaratne
1129,1009,188.1,52,5.362267493356953,19.403846153846153,21.71153846153846,PWH de Silva
485,383,80.5,12,4.738144329896907,31.916666666666668,40.416666666666664,MD Shanaka
1319,1133,219.5,53,5.153904473085671,21.37735849056604,24.88679245283019,MJ Henry
404,360,67.2,15,5.346534653465347,24.0,26.933333333333334,HB Shipley
217,222,36.1,9,6.138248847926267,24.666666666666668,24.11111111111111,DJ Mitchell
325,351,54.1,7,6.48,50.142857142857146,46.42857142857143,BM Tickner
732,689,122.0,17,5.647540983606557,40.529411764705884,43.05882352941177,IS Sodhi
475,570,79.1,17,7.199999999999999,33.529411764705884,27.941176470588236,TG Southee
349,353,58.1,5,6.0687679083094554,70.6,69.8,KA Jamieson
786,768,131.0,19,5.862595419847328,40.421052631578945,41.36842105263158,LH Ferguson
897,872,149.3,19,5.832775919732441,45.89473684210526,47.21052631578947,R Ravindra
614,611,102.2,13,5.970684039087947,47.0,47.23076923076923,GD Phillips
586,492,97.4,17,5.03754266211604,28.941176470588236,34.470588235294116,CR Woakes
445,451,74.1,14,6.080898876404493,32.214285714285715,31.785714285714285,RJW Topley
460,396,76.4,16,5.165217391304348,24.75,28.75,DJ Willey
1473,1375,245.3,43,5.60081466395112,31.976744186046513,34.25581395348837,AU Rashid
139,171,23.1,1,7.381294964028776,171.0,139.0,JE Root
494,535,82.2,13,6.4979757085020236,41.15384615384615,38.0,AAP Atkinson
740,791,123.2,16,6.413513513513514,49.4375,46.25,LS Livingstone
707,651,117.5,24,5.524752475247525,27.125,29.458333333333332,TA Boult
1571,1240,261.5,35,4.735837046467219,35.42857142857143,44.885714285714286,MJ Santner
593,616,98.5,19,6.232715008431703,32.421052631578945,31.210526315789473,SM Curran
620,608,103.2,17,5.883870967741935,35.76470588235294,36.470588235294116,MM Ali
161,166,26.5,4,6.186335403726708,41.5,40.25,BG Lister
488,567,81.2,12,6.971311475409836,47.25,40.666666666666664,BA Carse
765,541,127.3,26,4.243137254901961,20.807692307692307,29.423076923076923,KL Cross
731,618,121.5,28,5.07250341997264,22.071428571428573,26.107142857142858,LK Bell
668,470,111.2,15,4.221556886227545,31.333333333333332,44.53333333333333,NR Sciver-Brunt
871,546,145.1,34,3.7611940298507465,16.058823529411764,25.61764705882353,S Ecclestone
338,249,56.2,9,4.420118343195266,27.666666666666668,37.55555555555556,S Glenn
289,218,48.1,8,4.525951557093426,27.25,36.125,A Capsey
469,327,78.1,10,4.183368869936034,32.7,46.9,D Brown
279,207,46.3,7,4.451612903225806,29.571428571428573,39.857142857142854,EA Perry
888,614,148.0,24,4.148648648648649,25.583333333333332,37.0,ML Schutt
843,652,140.3,28,4.640569395017794,23.285714285714285,30.107142857142858,A Sutherland
666,488,111.0,22,4.396396396396397,22.181818181818183,30.272727272727273,G Wareham
1182,806,197.0,51,4.091370558375635,15.803921568627452,23.176470588235293,A Gardner
252,191,42.0,12,4.5476190476190474,15.916666666666666,21.0,JL Jonassen
343,296,57.1,9,5.177842565597668,32.888888888888886,38.111111111111114,TM McGrath
967,689,161.1,48,4.275077559462254,14.354166666666666,20.145833333333332,A King
876,716,146.0,33,4.904109589041096,21.696969696969695,26.545454545454547,CE Dean
80,55,13.2,4,4.125,13.75,20.0,M Gaur
626,499,104.2,24,4.782747603833865,20.791666666666668,26.083333333333332,L Filer
492,338,82.0,8,4.121951219512195,42.25,61.5,KDU Prabodhani
384,291,64.0,13,4.546875,22.384615384615383,29.53846153846154,WGAKK Kulasuriya
414,365,69.0,16,5.2898550724637685,22.8125,25.875,OU Ranasinghe
479,395,79.5,12,4.947807933194154,32.916666666666664,39.916666666666664,AC Jayangani
385,364,64.1,7,5.672727272727273,52.0,55.0,I Ranaweera
573,483,95.3,22,5.057591623036648,21.954545454545453,26.045454545454547,WK Dilhari
30,17,5.0,2,3.4,8.5,15.0,AN Davidson-Richards
7,15,1.1,0,12.857142857142858,,,H Karunaratne
1331,1180,221.5,44,5.31930879038317,26.818181818181817,30.25,MR Adair
855,920,142.3,26,6.456140350877193,35.38461538461539,32.88461538461539,J Little
540,473,90.0,23,5.2555555555555555,20.565217391304348,23.47826086956522,CA Young
311,310,51.5,9,5.980707395498392,34.44444444444444,34.55555555555556,BJ McCarthy
1015,873,169.1,15,5.160591133004926,58.2,67.66666666666667,AR McBrine
412,396,68.4,13,5.766990291262136,30.46153846153846,31.692307692307693,GH Dockrell
286,276,47.4,11,5.79020979020979,25.09090909090909,26.0,MJ Potts
60,67,10.0,3,6.7,22.333333333333332,20.0,GLS Scrimshaw
282,233,47.0,11,4.957446808510639,21.181818181818183,25.636363636363637,Rehan Ahmed
60,48,10.0,0,4.800000000000001,,,TW Hartley
240,229,40.0,5,5.7250000000000005,45.8,48.0,WG Jacks
622,605,103.4,19,5.836012861736335,31.842105263157894,32.73684210526316,C Campher
48,75,8.0,1,9.375,75.0,48.0,TF van Woerkom
699,652,116.3,21,5.5965665236051505,31.047619047619047,33.285714285714285,JC Archer
179,171,29.5,4,5.731843575418995,42.75,44.75,OP Stone
200,185,33.2,2,5.550000000000001,92.5,100.0,WD Parnell
889,804,148.1,31,5.426321709786277,25.93548387096774,28.677419354838708,K Rabada
546,516,91.0,8,5.67032967032967,64.5,68.25,AK Markram
224,237,37.2,8,6.348214285714285,29.625,28.0,A Nortje
822,800,137.0,24,5.839416058394161,33.333333333333336,34.25,T Shamsi
244,251,40.4,13,6.172131147540984,19.307692307692307,18.76923076923077,SSB Magala
1068,1096,178.0,29,6.157303370786517,37.793103448275865,36.827586206896555,L Ngidi
1291,1313,215.1,42,6.102246320681642,31.261904761904763,30.738095238095237,M Jansen
1049,795,174.5,27,4.547187797902765,29.444444444444443,38.851851851851855,KA Maharaj
632,693,105.2,29,6.579113924050633,23.896551724137932,21.79310344827586,G Coetzee
352,318,58.4,11,5.420454545454546,28.90909090909091,32.0,BC Fortuin
1070,1086,178.2,38,6.089719626168224,28.57894736842105,28.157894736842106,AS Joseph
376,356,62.4,9,5.680851063829787,39.55555555555556,41.77777777777778,JO Holder
349,298,58.1,8,5.123209169054441,37.25,43.625,KR Mayers
513,443,85.3,14,5.181286549707602,31.642857142857142,36.642857142857146,AJ Hosein
449,475,74.5,13,6.347438752783965,36.53846153846154,34.53846153846154,Y Cariah
147,142,24.3,4,5.795918367346939,35.5,36.75,OF Smith
280,244,46.4,7,5.228571428571429,34.857142857142854,40.0,FJ Klaassen
1613,1262,268.5,42,4.69435833849969,30.047619047619047,38.404761904761905,A Dutt
480,366,80.0,11,4.574999999999999,33.27272727272727,43.63636363636363,R Klein
1008,901,168.0,33,5.363095238095238,27.303030303030305,30.545454545454547,PA van Meekeren
510,527,85.0,17,6.200000000000001,31.0,30.0,Shariz Ahmad
486,401,81.0,18,4.950617283950617,22.27777777777778,27.0,VJ Kingma
257,261,42.5,7,6.093385214007782,37.285714285714285,36.714285714285715,Vikramjit Singh
1065,991,177.3,37,5.583098591549296,26.783783783783782,28.783783783783782,Naseem Shah
1472,1445,245.2,53,5.889945652173913,27.264150943396228,27.77358490566038,Haris Rauf
516,495,86.0,21,5.7558139534883725,23.571428571428573,24.571428571428573,Mohammad Wasim
521,507,86.5,15,5.838771593090211,33.8,34.733333333333334,Usama Mir
631,574,105.1,10,5.458003169572108,57.4,63.1,Mohammad Nawaz
777,727,129.3,16,5.613899613899614,45.4375,48.5625,Agha Salman
857,680,142.5,24,4.760793465577596,28.333333333333332,35.708333333333336,MG Bracewell
308,311,51.2,8,6.058441558441559,38.875,38.5,Mohammad Hasnain
1531,1484,255.1,59,5.815806662312214,25.152542372881356,25.949152542372882,Shaheen Shah Afridi
606,606,101.0,12,6.0,50.5,50.5,Shadab Khan
330,329,55.0,13,5.9818181818181815,25.307692307692307,25.384615384615383,AF Milne
49,61,8.1,0,7.469387755102041,,,Ihsanullah
158,236,26.2,3,8.962025316455696,78.66666666666667,52.666666666666664,JDS Neesham
169,136,28.1,4,4.828402366863905,34.0,42.25,CE McConchie
386,380,64.2,8,5.9067357512953365,47.5,48.25,Iftikhar Ahmed
465,403,77.3,7,5.2,57.57142857142857,66.42857142857143,Diana Baig
567,563,94.3,14,5.957671957671957,40.214285714285715,40.5,Fatima Sana
43,45,7.1,0,6.279069767441861,,,Kainat Imtiaz
598,330,99.4,17,3.311036789297659,19.41176470588235,35.1764705882353,Sadia Iqbal
732,594,122.0,20,4.868852459016393,29.7,36.6,Nida Dar
202,180,33.4,4,5.346534653465347,45.0,50.5,Aliya Riaz
67,112,11.1,2,10.029850746268657,56.0,33.5,Umaima Sohail
948,562,158.0,35,3.5569620253164556,16.057142857142857,27.085714285714285,KJ Garth
808,653,134.4,20,4.849009900990099,32.65,40.4,Nashra Sandhu
207,195,34.3,2,5.6521739130434785,97.5,103.5,Tuba Hassan
1031,836,171.5,36,4.865179437439379,23.22222222222222,28.63888888888889,R Ngarava
98,94,16.2,2,5.755102040816326,47.0,49.0,VM Nyauchi
238,205,39.4,7,5.168067226890757,29.285714285714285,34.0,B Evans
259,284,43.1,3,6.579150579150579,94.66666666666667,86.33333333333333,RP Burl
1078,842,179.4,24,4.686456400742115,35.083333333333336,44.916666666666664,Sikandar Raza
599,464,99.5,8,4.647746243739566,58.0,74.875,WP Masakadza
820,732,136.4,30,5.35609756097561,24.4,27.333333333333332,GI Hume
160,163,26.4,2,6.112500000000001,81.5,80.0,HT Tector
376,428,62.4,14,6.829787234042554,30.571428571428573,26.857142857142858,TL Chatara
903,774,150.3,24,5.142857142857142,32.25,37.625,DN Wellalage
481,425,80.1,7,5.301455301455301,60.714285714285715,68.71428571428571,DM de Silva
1122,999,187.0,59,5.342245989304812,16.93220338983051,19.016949152542374,Mohammed Shami
1162,1033,193.4,48,5.333907056798623,21.520833333333332,24.208333333333332,Mohammed Siraj
795,734,132.3,28,5.539622641509434,26.214285714285715,28.392857142857142,HH Pandya
176,203,29.2,6,6.920454545454545,33.833333333333336,29.333333333333332,Umran Malik
104,103,17.2,3,5.9423076923076925,34.333333333333336,34.666666666666664,YS Chahal
865,684,144.1,18,4.744508670520231,38.0,48.05555555555556,AR Patel
1764,1361,294.0,60,4.629251700680272,22.683333333333334,29.4,Kuldeep Yadav
375,325,62.3,15,5.2,21.666666666666668,25.0,JDF Vandersay
12,22,2.0,0,11.0,,,MNK Fernando
6,2,1.0,0,2.0,,,SS Iyer
509,523,84.5,22,6.165029469548134,23.772727272727273,23.136363636363637,SN Thakur
411,347,68.3,10,5.065693430656934,34.7,41.1,Washington Sundar
403,416,67.1,16,6.193548387096774,26.0,25.1875,JA Duffy
1409,1062,234.5,41,4.52235628105039,25.902439024390244,34.36585365853659,RA Jadeja
1012,992,168.4,35,5.881422924901186,28.34285714285714,28.914285714285715,MA Starc
424,429,70.4,12,6.070754716981132,35.75,35.333333333333336,MP Stoinis
998,956,166.2,28,5.74749498997996,34.142857142857146,35.642857142857146,SA Abbott
450,462,75.0,9,6.16,51.333333333333336,50.0,C Green
1669,1614,278.1,58,5.802276812462552,27.82758620689655,28.775862068965516,A Zampa
676,556,112.4,16,4.93491124260355,34.75,42.25,GJ Maxwell
437,375,72.5,12,5.148741418764303,31.25,36.416666666666664,NT Ellis
114,81,19.0,3,4.2631578947368425,27.0,38.0,AC Agar
517,531,86.1,10,6.16247582205029,53.1,51.7,MA Wood
803,678,133.5,17,5.066002490660026,39.88235294117647,47.23529411764706,Shakib Al Hasan
1060,858,176.4,30,4.856603773584906,28.6,35.333333333333336,Taskin Ahmed
314,325,52.2,9,6.210191082802549,36.111111111111114,34.888888888888886,Taijul Islam
1313,1185,218.5,22,5.415079969535415,53.86363636363637,59.68181818181818,Mehedi Hasan Miraz
1047,961,174.3,24,5.507163323782235,40.041666666666664,43.625,Mustafizur Rahman
72,67,12.0,1,5.583333333333334,67.0,72.0,Nazmul Hossain Shanto
271,282,45.1,3,6.243542435424354,94.0,90.33333333333333,S Mahmood
281,239,46.5,10,5.103202846975089,23.9,28.1,Ebadat Hossain
218,214,36.2,3,5.889908256880734,71.33333333333333,72.66666666666667,GJ Delany
547,481,91.1,9,5.276051188299817,53.44444444444444,60.77777777777778,Nasum Ahmed
248,217,41.2,1,5.25,217.0,248.0,MJ Humphreys
612,607,102.0,21,5.950980392156863,28.904761904761905,29.142857142857142,Hasan Mahmud
1151,1023,191.5,30,5.33275412684622,34.1,38.36666666666667,Sompal Kami
1165,1014,194.1,38,5.222317596566524,26.68421052631579,30.657894736842106,Karan KC
968,669,161.2,26,4.1466942148760335,25.73076923076923,37.23076923076923,DS Airee
1482,1199,247.0,54,4.854251012145749,22.203703703703702,27.444444444444443,S Lamichhane
1033,665,172.1,31,3.8625363020329138,21.451612903225808,33.32258064516129,LN Rajbanshi
791,598,131.5,19,4.5360303413400755,31.473684210526315,41.63157894736842,Kushal Malla
902,697,150.2,28,4.636363636363637,24.892857142857142,32.214285714285715,R Trumpelmann
1466,844,244.2,37,3.454297407912688,22.81081081081081,39.62162162162162,BM Scholtz
879,711,146.3,31,4.853242320819113,22.93548387096774,28.35483870967742,MG Erasmus
765,592,127.3,20,4.643137254901961,29.6,38.25,T Lungameni
383,385,63.5,17,6.031331592689295,22.647058823529413,22.529411764705884,JN Loftie-Eaton
184,176,30.4,2,5.739130434782609,88.0,92.0,K Birkenstock
337,267,56.1,7,4.753709198813056,38.142857142857146,48.142857142857146,HN Ya France
24,30,4.0,0,7.5,,,M van Lingen
851,603,141.5,29,4.251468860164513,20.79310344827586,29.344827586206897,BJ McMullen
606,483,101.0,13,4.782178217821782,37.15384615384615,46.61538461538461,SM Sharif
1052,778,175.2,33,4.437262357414449,23.575757575757574,31.87878787878788,MRJ Watt
632,487,105.2,21,4.6234177215189876,23.19047619047619,30.095238095238095,MA Leask
26,26,4.2,0,6.0,,,Hamza Tahir
463,412,77.1,19,5.339092872570195,21.68421052631579,24.36842105263158,CN Greaves
694,669,115.4,22,5.783861671469741,30.40909090909091,31.545454545454547,B Shikongo
216,165,36.0,9,4.583333333333333,18.333333333333332,24.0,K Bhurtel
729,713,121.3,22,5.868312757201647,32.40909090909091,33.13636363636363,Gulsan Jha
468,403,78.0,15,5.166666666666667,26.866666666666667,31.2,CB Sole
202,192,33.4,7,5.702970297029703,27.428571428571427,28.857142857142858,J Jarvis
346,238,57.4,10,4.127167630057803,23.8,34.6,RK Paudel
6,9,1.0,0,9.0,,,RD Berrington
1559,1316,259.5,43,5.064785118665812,30.6046511627907,36.25581395348837,Junaid Siddique
161,141,26.5,5,5.254658385093167,28.2,32.2,Hazrat Bilal
1165,962,194.1,35,4.954506437768241,27.485714285714284,33.285714285714285,Zahoor Khan
1619,1128,269.5,38,4.18035824583076,29.68421052631579,42.60526315789474,Aayan Afzal Khan
1065,796,177.3,28,4.484507042253521,28.428571428571427,38.035714285714285,Rohan Mustafa
814,801,135.4,27,5.904176904176904,29.666666666666668,30.14814814814815,KP Meiyappan
250,218,41.4,10,5.232,21.8,25.0,S Fouch√©
298,290,49.4,2,5.8389261744966445,145.0,149.0,RN Bhatia
286,249,47.4,6,5.223776223776223,41.5,47.666666666666664,Aryan Lakra
37,63,6.1,0,10.216216216216216,,,Waseem Muhammad
489,362,81.3,18,4.441717791411043,20.11111111111111,27.166666666666668,SI Kamea
180,159,30.0,4,5.3,39.75,45.0,KV Morea
495,389,82.3,16,4.715151515151515,24.3125,30.9375,CA Soper
302,241,50.2,3,4.788079470198675,80.33333333333333,100.66666666666667,N Vanua
391,266,65.1,8,4.0818414322250645,33.25,48.875,A Vala
449,348,74.5,18,4.650334075723831,19.333333333333332,24.944444444444443,R Hekure
315,266,52.3,4,5.066666666666666,66.5,78.75,Aarif Sheikh
21,19,3.3,1,5.428571428571429,19.0,21.0,Sabir Ali
122,126,20.2,3,6.19672131147541,42.0,40.666666666666664,S Bau
93,94,15.3,1,6.064516129032258,94.0,93.0,A Nao
106,138,17.4,2,7.811320754716981,69.0,53.0,CJA Amini
93,54,15.3,2,3.483870967741936,27.0,46.5,Pratis GC
81,97,13.3,3,7.185185185185185,32.333333333333336,27.0,Zawar Farid
130,114,21.4,5,5.2615384615384615,22.8,26.0,J Kariko
52,62,8.4,2,7.153846153846153,31.0,26.0,BD Glover
529,430,88.1,15,4.877126654064272,28.666666666666668,35.266666666666666,CN Ackermann
1039,871,173.1,25,5.029836381135707,34.84,41.56,B Muzarabani
212,183,35.2,6,5.179245283018868,30.5,35.333333333333336,W Madhevere
12,12,2.0,0,6.0,,,TLW Cooper
351,265,58.3,10,4.52991452991453,26.5,35.1,SC Williams
146,130,24.2,3,5.342465753424658,43.333333333333336,48.666666666666664,B Mavuta
964,922,160.4,29,5.738589211618257,31.79310344827586,33.241379310344826,Shoriful Islam
1055,703,175.5,27,3.9981042654028434,26.037037037037038,39.074074074074076,SN Netravalkar
380,305,63.2,21,4.815789473684211,14.523809523809524,18.095238095238095,Ali Khan
1091,1054,181.5,31,5.796516956920256,34.0,35.193548387096776,Jasdeep Singh
1295,942,215.5,32,4.364478764478764,29.4375,40.46875,NP Kenjige
479,371,79.5,14,4.6471816283924845,26.5,34.214285714285715,NK Patel
101,92,16.5,5,5.465346534653466,18.4,20.2,G Singh
346,324,57.4,11,5.618497109826589,29.454545454545453,31.454545454545453,SM Sharma
20,18,3.2,0,5.4,,,Rameez Shahzad
813,561,135.3,27,4.1402214022140225,20.77777777777778,30.11111111111111,Kaleem Sana
317,275,52.5,10,5.205047318611988,27.5,31.7,JOA Gordon
882,617,147.0,22,4.197278911564626,28.045454545454547,40.09090909090909,H Thaker
1063,760,177.1,25,4.2897460018814675,30.4,42.52,Saad Bin Zafar
198,146,33.0,2,4.424242424242424,73.0,99.0,N Dutta
116,84,19.2,5,4.344827586206897,16.8,23.2,Pargat Singh
246,213,41.0,10,5.195121951219512,21.3,24.6,J Sumerauer
120,117,20.0,4,5.85,29.25,30.0,EJB Miles
216,174,36.0,7,4.833333333333334,24.857142857142858,30.857142857142858,CW Perchard
183,186,30.3,4,6.0983606557377055,46.5,45.75,B Ward
183,141,30.3,2,4.6229508196721305,70.5,91.5,H Carlyon
79,78,13.1,0,5.924050632911393,,,DG Blampied
31,38,5.1,1,7.35483870967742,38.0,31.0,Matiullah Khan
13,20,2.1,0,9.230769230769232,,,AM Tribe
820,640,136.4,28,4.682926829268293,22.857142857142858,29.285714285714285,D Heyliger
35,41,5.5,0,7.0285714285714285,,,Aaron Jones
66,54,11.0,1,4.909090909090909,54.0,66.0,D Birrell
18,28,3.0,0,9.333333333333334,,,BDH Stevens
51,68,8.3,0,8.0,,,Mrittunjoy Chowdhury
680,667,113.2,25,5.885294117647058,26.68,27.2,Bilal Khan
588,433,98.0,12,4.418367346938775,36.083333333333336,49.0,Kaleemullah
555,440,92.3,11,4.756756756756757,40.0,50.45454545454545,Zeeshan Maqsood
664,680,110.4,21,6.144578313253012,32.38095238095238,31.61904761904762,Fayyaz Butt
360,358,60.0,4,5.966666666666667,89.5,90.0,Aqib Ilyas
31,26,5.1,1,5.032258064516129,26.0,31.0,Jatinder Singh
461,419,76.5,10,5.453362255965293,41.9,46.1,Ayan Khan
637,403,106.1,17,3.795918367346939,23.705882352941178,37.470588235294116,Jay Odedra
493,409,82.1,10,4.9776876267748476,40.9,49.3,Basil Hameed
430,257,71.4,10,3.586046511627907,25.7,43.0,N Sibanda
452,257,75.2,18,3.4115044247787614,14.277777777777779,25.11111111111111,J Nkomo
375,242,62.3,11,3.872,22.0,34.09090909090909,A Mazvishaya
185,115,30.5,5,3.72972972972973,23.0,37.0,P Marange
399,211,66.3,15,3.172932330827068,14.066666666666666,26.6,K Ndlovu
275,201,45.5,7,4.385454545454546,28.714285714285715,39.285714285714285,L Tshuma
160,126,26.4,8,4.725,15.75,20.0,P Maya
218,92,36.2,7,2.532110091743119,13.142857142857142,31.142857142857142,N Boochatham
248,115,41.2,12,2.782258064516129,9.583333333333334,20.666666666666668,T Putthawong
188,82,31.2,8,2.617021276595745,10.25,23.5,O Kamchomphu
93,61,15.3,5,3.935483870967742,12.2,18.6,S Laomi
159,146,26.3,6,5.509433962264151,24.333333333333332,26.5,C Chatonzwa
44,35,7.2,1,4.7727272727272725,35.0,44.0,SM Mayers
26,16,4.2,1,3.6923076923076925,16.0,26.0,A Ndiraya
145,86,24.1,7,3.5586206896551724,12.285714285714286,20.714285714285715,C Sutthiruang
85,37,14.1,2,2.611764705882353,18.5,42.5,S Tippoch
12,5,2.0,0,2.5,,,N Chaiwai
84,57,14.0,4,4.071428571428571,14.25,21.0,F Chipare
110,95,18.2,3,5.181818181818182,31.666666666666668,36.666666666666664,L Phiri
73,86,12.1,2,7.068493150684931,43.0,36.5,Jahanara Alam
761,511,126.5,20,4.028909329829172,25.55,38.05,Sultana Khatun
1041,685,173.3,40,3.948126801152738,17.125,26.025,Nahida Akter
143,136,23.5,3,5.706293706293707,45.333333333333336,47.666666666666664,Ritu Moni
764,575,127.2,17,4.515706806282722,33.8235294117647,44.94117647058823,Fahima Khatun
437,384,72.5,10,5.272311212814645,38.4,43.7,BMSM Kumari
1090,975,181.4,31,5.36697247706422,31.451612903225808,35.16129032258065,JR Hazlewood
231,226,38.3,8,5.87012987012987,28.25,28.875,AL Phehlukwayo
269,239,44.5,10,5.330855018587361,23.9,26.9,TM Head
395,344,65.5,10,5.225316455696202,34.4,39.5,AM Hardie
98,128,16.2,6,7.836734693877551,21.333333333333332,16.333333333333332,M Labuschagne
174,200,29.0,2,6.896551724137931,100.0,87.0,T Sangha
122,119,20.2,1,5.852459016393443,119.0,122.0,MG Neser
12,20,2.0,1,10.0,20.0,12.0,TH David
762,739,127.0,24,5.818897637795276,30.791666666666668,31.75,R Shepherd
937,693,156.1,26,4.437566702241195,26.653846153846153,36.03846153846154,G Motie
152,168,25.2,4,6.631578947368421,42.0,38.0,O Thomas
115,161,19.1,3,8.399999999999999,53.666666666666664,38.333333333333336,SE Rutherford
341,284,56.5,13,4.997067448680352,21.846153846153847,26.23076923076923,MW Forde
126,98,21.0,5,4.666666666666667,19.6,25.2,LR Morris
100,42,16.4,9,2.52,4.666666666666667,11.11111111111111,XC Bartlett
251,233,41.5,2,5.569721115537848,116.5,125.5,MW Short
100,119,16.4,0,7.14,,,HR Walsh
921,773,153.3,15,5.035830618892509,51.53333333333333,61.4,RL Chase
109,113,18.1,2,6.220183486238533,56.5,54.5,KAR Hodge
53,35,8.5,2,3.962264150943396,17.5,26.5,W Sutherland
275,210,45.5,6,4.581818181818182,35.0,45.833333333333336,CA Henry
213,167,35.3,5,4.704225352112676,33.4,42.6,CS Fraser
415,357,69.1,15,5.16144578313253,23.8,27.666666666666668,AA Alleyne
603,451,100.3,19,4.487562189054726,23.736842105263158,31.736842105263158,K Ramharack
350,302,58.2,8,5.177142857142857,37.75,43.75,SS Connell
679,474,113.1,18,4.188512518409425,26.333333333333332,37.72222222222222,HK Matthews
401,360,66.5,9,5.386533665835412,40.0,44.55555555555556,SR Taylor
874,644,145.4,19,4.421052631578947,33.89473684210526,46.0,A Khaka
766,706,127.4,22,5.530026109660575,32.09090909090909,34.81818181818182,M Klaas
769,640,128.1,26,4.993498049414824,24.615384615384617,29.576923076923077,N de Klerk
820,641,136.4,19,4.690243902439025,33.73684210526316,43.1578947368421,N Mlaba
231,192,38.3,4,4.987012987012987,48.0,57.75,CL Tryon
632,408,105.2,18,3.8734177215189876,22.666666666666668,35.111111111111114,M Kapp
111,123,18.3,2,6.648648648648649,61.5,55.5,A Hlubi
263,225,43.5,6,5.133079847908745,37.5,43.833333333333336,E Marx
296,273,49.2,10,5.533783783783783,27.3,29.6,KMA Paul
125,83,20.5,2,3.984,41.5,62.5,DC Drakes
701,667,116.5,23,5.708987161198288,29.0,30.47826086956522,Ali Naseer
60,56,10.0,1,5.6,56.0,60.0,Adhitya Shetty
70,57,11.4,1,4.885714285714286,57.0,70.0,Akeem Jordan
19,16,3.1,1,5.052631578947368,16.0,19.0,RA Reifer
216,163,36.0,6,4.527777777777778,27.166666666666668,36.0,K Sinclair
288,316,48.0,7,6.583333333333334,45.142857142857146,41.142857142857146,Muhammad Jawadullah
111,105,18.3,3,5.675675675675675,35.0,37.0,K Phillip
1622,1235,270.2,65,4.568434032059186,19.0,24.953846153846154,M Theekshana
181,175,30.1,2,5.801104972375691,87.5,90.5,Mohammad Nadeem
110,119,18.2,1,6.49090909090909,119.0,110.0,B White
858,828,143.0,26,5.79020979020979,31.846153846153847,33.0,LV van Beek
1027,982,171.1,36,5.7370983446932815,27.27777777777778,28.52777777777778,BFW de Leede
338,280,56.2,2,4.9704142011834325,140.0,169.0,C Floyd
221,229,36.5,7,6.217194570135748,32.714285714285715,31.571428571428573,Saqib Zulfiqar
67,54,11.1,1,4.835820895522388,54.0,67.0,CM McBride
44,46,7.2,1,6.2727272727272725,46.0,44.0,A Neill
152,192,25.2,5,7.578947368421052,38.4,30.4,AA Paradkar
32,47,5.2,0,8.8125,,,Usman Rafiq
65,59,10.5,2,5.446153846153846,29.5,32.5,LM Jongwe
42,35,7.0,1,5.0,35.0,42.0,AC Evans
442,499,73.4,15,6.773755656108597,33.266666666666666,29.466666666666665,M Pathirana
67,55,11.1,2,4.925373134328359,27.5,33.5,K Mahato
158,143,26.2,2,5.4303797468354436,71.5,79.0,MADI Hemantha
42,28,7.0,1,4.0,28.0,42.0,SSD Arachchige
19,18,3.1,0,5.684210526315789,,,KU Carty
617,543,102.5,15,5.280388978930308,36.2,41.13333333333333,O Prendergast
661,440,110.1,11,3.993948562783661,40.0,60.09090909090909,A Canning
987,841,164.3,32,5.112462006079027,26.28125,30.84375,AN Kelly
48,44,8.0,2,5.5,22.0,24.0,S MacMahon
70,70,11.4,0,6.0,,,L Paul
532,450,88.4,9,5.075187969924812,50.0,59.111111111111114,L Delany
520,502,86.4,22,5.792307692307692,22.818181818181817,23.636363636363637,C Murray
10,17,1.4,0,10.2,,,EAJ Richardson
670,467,111.4,19,4.182089552238806,24.57894736842105,35.26315789473684,ASS Fletcher
159,154,26.3,8,5.811320754716981,19.25,19.875,Q Joseph
304,235,50.4,13,4.6381578947368425,18.076923076923077,23.384615384615383,Z James
488,462,81.2,17,5.6803278688524586,27.176470588235293,28.705882352941178,AK Maguire
388,339,64.4,9,5.242268041237113,37.666666666666664,43.111111111111114,G Dempsey
631,500,105.1,24,4.754358161648177,20.833333333333332,26.291666666666668,LMM Tahuhu
627,516,104.3,18,4.937799043062201,28.666666666666668,34.833333333333336,SFM Devine
605,460,100.5,10,4.56198347107438,46.0,60.5,FC Jonas
628,536,104.4,9,5.1210191082802545,59.55555555555556,69.77777777777777,EJ Carson
914,779,152.2,24,5.113785557986871,32.458333333333336,38.083333333333336,AC Kerr
652,509,108.4,16,4.684049079754601,31.8125,40.75,HM Rowe
179,147,29.5,5,4.927374301675977,29.4,35.8,SW Bates
102,107,17.0,1,6.294117647058824,107.0,102.0,K Kavindi
127,135,21.1,3,6.377952755905513,45.0,42.333333333333336,BM Halliday
104,35,17.2,2,2.019230769230769,17.5,52.0,SIP Fernando
359,319,59.5,7,5.3314763231197775,45.57142857142857,51.285714285714285,MM Penfold
249,221,41.3,5,5.325301204819278,44.2,49.8,Mukesh Kumar
402,404,67.0,9,6.029850746268657,44.888888888888886,44.666666666666664,JNT Seales
26,19,4.2,1,4.384615384615384,19.0,26.0,A Athanaze
30,16,5.0,1,3.2,16.0,30.0,JD Unadkat
356,329,59.2,8,5.544943820224719,41.125,44.5,P Vastrakar
1081,747,180.1,43,4.146160962072155,17.372093023255815,25.13953488372093,DB Sharma
226,197,37.4,6,5.230088495575221,32.833333333333336,37.666666666666664,AB Kaur
266,198,44.2,7,4.466165413533835,28.285714285714285,38.0,S Rana
8,11,1.2,0,8.25,,,BM Anusha
156,109,26.0,6,4.192307692307692,18.166666666666668,26.0,DP Vaidya
621,454,103.3,17,4.386473429951691,26.705882352941178,36.529411764705884,Marufa Akter
896,556,149.2,24,3.7232142857142856,23.166666666666668,37.333333333333336,Rabeya Khan
79,55,13.1,1,4.177215189873418,55.0,79.0,Meghna Singh
33,12,5.3,4,2.1818181818181817,3.0,8.25,JI Rodrigues
69,67,11.3,1,5.826086956521739,67.0,69.0,Shafali Verma
31,36,5.1,0,6.967741935483872,,,S Mostary
660,499,110.0,16,4.536363636363637,31.1875,41.25,Umm-e-Hani
212,209,35.2,6,5.915094339622641,34.833333333333336,35.333333333333336,Ghulam Fatima
239,201,39.5,3,5.046025104602511,67.0,79.66666666666667,D Tucker
31,35,5.1,2,6.774193548387098,17.5,15.5,Waheeda Akhtar
152,168,25.2,1,6.631578947368421,168.0,152.0,N Shangase
688,496,114.4,19,4.325581395348837,26.105263157894736,36.21052631578947,RE van der Merwe
260,282,43.2,8,6.507692307692308,35.25,32.5,Hasan Ali
740,539,123.2,24,4.37027027027027,22.458333333333332,30.833333333333332,JJ Bumrah
162,124,27.0,5,4.592592592592593,24.8,32.4,R Ashwin
712,649,118.4,19,5.469101123595506,34.1578947368421,37.473684210526315,PJ Cummins
395,336,65.5,13,5.10379746835443,25.846153846153847,30.384615384615383,Mahedi Hasan
412,311,68.4,16,4.529126213592233,19.4375,25.75,KIC Asalanka
111,124,18.3,3,6.702702702702702,41.333333333333336,37.0,MR Marsh
21,15,3.3,1,4.285714285714286,15.0,21.0,V Kohli
73,72,12.1,0,5.917808219178082,,,Mahmudullah
335,306,55.5,15,5.480597014925373,20.4,22.333333333333332,LB Williams
117,95,19.3,7,4.871794871794872,13.571428571428571,16.714285714285715,AD Mathews
221,222,36.5,4,6.027149321266968,55.5,55.25,PVD Chameera
498,475,83.0,14,5.72289156626506,33.92857142857143,35.57142857142857,Tanzim Hasan Sakib
18,25,3.0,0,8.333333333333332,,,Shubman Gill
12,17,2.0,0,8.5,,,SA Yadav
17,18,2.5,1,6.352941176470589,18.0,17.0,RG Sharma
24,23,4.0,0,5.75,,,Nanthita Boonsukham
349,174,58.1,14,2.9914040114613183,12.428571428571429,24.928571428571427,IJR Zwilling
65,61,10.5,2,5.63076923076923,30.5,32.5,I van der Woning
127,75,21.1,4,3.543307086614173,18.75,31.75,R Rijke
94,78,15.4,2,4.9787234042553195,39.0,47.0,F Overdijk
305,186,50.5,7,3.6590163934426227,26.571428571428573,43.57142857142857,C de Lange
225,136,37.3,8,3.626666666666667,17.0,28.125,EN Lynch
172,109,28.4,7,3.802325581395349,15.571428571428571,24.571428571428573,HWA Landheer
19,10,3.1,1,3.1578947368421053,10.0,19.0,P Molkenboer
190,174,31.4,6,5.494736842105263,29.0,31.666666666666668,BJ Dwarshuis
142,164,23.4,5,6.929577464788732,32.8,28.4,JG Bethell
72,69,12.0,1,5.75,69.0,72.0,C Connolly
314,239,52.2,16,4.56687898089172,14.9375,19.625,Arshdeep Singh
150,115,25.0,6,4.6000000000000005,19.166666666666668,25.0,Avesh Khan
155,131,25.5,5,5.070967741935484,26.2,31.0,N Burger
333,318,55.3,10,5.72972972972973,31.8,33.3,PWA Mulder
113,98,18.5,6,5.20353982300885,16.333333333333332,18.833333333333332,BE Hendricks
42,39,7.0,0,5.571428571428571,,,Tilak Varma
6,2,1.0,1,2.0,2.0,6.0,RK Singh
4,8,0.4,0,12.0,,,B Sai Sudharsan
590,477,98.2,18,4.850847457627118,26.5,32.77777777777778,JM Kerr
683,639,113.5,20,5.613469985358711,31.95,34.15,W O'Rourke
75,73,12.3,4,5.84,18.25,18.75,JA Clarkson
61,65,10.1,1,6.39344262295082,65.0,61.0,A Ashok
402,390,67.0,8,5.82089552238806,48.75,50.25,Rishad Hossain
156,166,26.0,8,6.384615384615385,20.75,19.5,Soumya Sarkar
119,117,19.5,1,5.899159663865546,117.0,119.0,Faheem Ashraf
6,8,1.0,0,8.0,,,Shamim Hossain
211,258,35.1,4,7.3364928909952605,64.5,52.75,PM Liyanagamage
36,40,6.0,2,6.666666666666667,20.0,18.0,Zaman Khan
126,148,21.0,4,7.0476190476190474,37.0,31.5,M Prasidh Krishna
188,190,31.2,2,6.063829787234043,95.0,94.0,SH Johnson
80,72,13.2,3,5.4,24.0,26.666666666666668,Khaled Ahmed
216,171,36.0,7,4.75,24.428571428571427,30.857142857142858,Shorna Akter
27,18,4.3,0,4.0,,,Ayesha Zafar
776,753,129.2,19,5.822164948453608,39.63157894736842,40.8421052631579,FA Sargent
173,101,28.5,6,3.5028901734104045,16.833333333333332,28.833333333333332,KE Bryce
351,284,58.3,8,4.854700854700855,35.5,43.875,PA Chatterji
288,164,48.0,3,3.4166666666666665,54.666666666666664,96.0,O Bell
172,145,28.4,9,5.058139534883721,16.11111111111111,19.11111111111111,HRA Rainey
380,268,63.2,8,4.231578947368421,33.5,47.5,DEM Carter
383,257,63.5,20,4.026109660574413,12.85,19.15,AH Maqsood
61,26,10.1,1,2.5573770491803276,26.0,61.0,NM Sheikh
260,247,43.2,4,5.699999999999999,61.75,65.0,A Dalzell
7,10,1.1,0,8.571428571428571,,,GH Lewis
36,22,6.0,1,3.666666666666667,22.0,36.0,Bismah Maroof
102,55,17.0,3,3.235294117647059,18.333333333333332,34.0,Nishita Akter Nishi
625,519,104.1,19,4.9824,27.31578947368421,32.89473684210526,Renuka Singh
36,48,6.0,0,8.0,,,S Ishaque
67,83,11.1,0,7.432835820895523,,,H Kaur
183,143,30.3,5,4.688524590163935,28.6,36.6,SR Patil
18,30,3.0,0,10.0,,,MS Kashyap
36,48,6.0,1,8.0,48.0,36.0,Afif Hossain
88,98,14.4,1,6.681818181818182,98.0,88.0,TL Chivanga
172,164,28.4,4,5.72093023255814,41.0,43.0,M Faraz Akram
103,75,17.1,1,4.368932038834951,75.0,103.0,T Mufudza
173,161,28.5,3,5.583815028901734,53.666666666666664,57.666666666666664,J Liyanage
310,236,51.4,4,4.567741935483871,59.0,77.5,J Maguire
37,31,6.1,1,5.027027027027027,31.0,37.0,M Mavunga
49,44,8.1,2,5.387755102040816,22.0,24.5,K Chigora
238,186,39.4,3,4.689075630252101,62.0,79.33333333333333,L Mabhero
1,2,0.1,0,12.0,,,Towhid Hridoy
150,173,25.0,3,6.92,57.666666666666664,50.0,U Bhagwan
94,79,15.4,5,5.042553191489362,15.8,18.8,IS Sohi
169,94,28.1,1,3.3372781065088755,94.0,169.0,Shahid Ahmadzai
86,75,14.2,1,5.232558139534884,75.0,86.0,R Dhakal
158,125,26.2,3,4.746835443037975,41.666666666666664,52.666666666666664,P Sarraf
93,78,15.3,1,5.032258064516129,78.0,93.0,Surya Tamang
82,82,13.4,2,6.0,41.0,41.0,Aakash Chand
6,20,1.0,0,20.0,,,NS Dhaliwal
25,27,4.1,1,6.48,27.0,25.0,DS Bajwa
51,54,8.3,3,6.352941176470589,18.0,17.0,H Dhami
341,298,56.5,8,5.243401759530792,37.25,42.625,JT Brassell
217,180,36.1,3,4.976958525345622,60.0,72.33333333333333,JN Frylinck
351,266,58.3,17,4.547008547008547,15.647058823529411,20.647058823529413,K Klein
81,89,13.3,1,6.592592592592593,89.0,81.0,MP O'Dowd
12,17,2.0,0,8.5,,,SA Engelbrecht
120,83,20.0,1,4.15,83.0,120.0,M Levitt
203,152,33.5,6,4.4926108374384235,25.333333333333332,33.833333333333336,Ammar Khalid
103,83,17.1,0,4.834951456310679,,,Zuhaib Zubair
114,77,19.0,4,4.052631578947368,19.25,28.5,NR Kirton
411,266,68.3,18,3.883211678832117,14.777777777777779,22.833333333333332,BJ Currie
126,87,21.0,3,4.142857142857142,29.0,42.0,SW Currie
188,115,31.2,4,3.6702127659574466,28.75,47.0,BTJ Wheal
172,110,28.4,6,3.8372093023255816,18.333333333333332,28.666666666666668,S Molineux
143,106,23.5,3,4.4475524475524475,35.333333333333336,47.666666666666664,V Buruka
184,127,30.4,4,4.141304347826087,31.75,46.0,GP Tom
394,230,65.4,17,3.50253807106599,13.529411764705882,23.176470588235293,S Jimmy
392,246,65.2,9,3.7653061224489797,27.333333333333332,43.55555555555556,HJ Thomas
395,288,65.5,11,4.374683544303798,26.181818181818183,35.90909090909091,I Toua
322,221,53.4,11,4.118012422360248,20.09090909090909,29.272727272727273,V Araa
108,89,18.0,4,4.944444444444445,22.25,27.0,D Lohia
181,140,30.1,5,4.640883977900552,28.0,36.2,Saim Ayub
442,378,73.4,10,5.131221719457013,37.8,44.2,SZ Thakor
382,312,63.4,7,4.9005235602094235,44.57142857142857,54.57142857142857,TR Sadhu
412,402,68.4,16,5.854368932038835,25.125,25.75,Priya Mishra
123,129,20.3,4,6.2926829268292686,32.25,30.75,M Mani
24,36,4.0,1,9.0,36.0,24.0,S Mandhana
270,200,45.0,8,4.444444444444445,25.0,33.75,A Reddy
306,275,51.0,7,5.392156862745098,39.285714285714285,43.714285714285715,G Kodali
405,250,67.3,10,3.7037037037037033,25.0,40.5,AI Chudasama
280,221,46.4,4,4.735714285714286,55.25,70.0,IM Vaghela
203,174,33.5,5,5.142857142857142,34.8,40.6,RP Singh
19,21,3.1,0,6.631578947368421,,,SR Thadani
272,156,45.2,4,3.441176470588235,39.0,68.0,S Immadi
94,63,15.4,3,4.0212765957446805,21.0,31.333333333333332,JM Willathgamuwa
136,83,22.4,5,3.6617647058823533,16.6,27.2,P Siaka
245,145,40.5,9,3.5510204081632653,16.11111111111111,27.22222222222222,K Fraser
136,80,22.4,9,3.5294117647058822,8.88888888888889,15.11111111111111,S Horley
133,96,22.1,1,4.330827067669173,96.0,133.0,JL Aras
51,35,8.3,1,4.117647058823529,35.0,51.0,R Slater
156,96,26.0,5,3.6923076923076925,19.2,31.2,C Abel
84,67,14.0,5,4.7857142857142865,13.4,16.8,JJ Davidson
61,89,10.1,0,8.754098360655739,,,Mehran Khan
31,31,5.1,1,6.0,31.0,31.0,MG Kariata
75,52,12.3,7,4.16,7.428571428571429,10.714285714285714,C Cassell
69,49,11.3,4,4.260869565217392,12.25,17.25,GT Main
98,90,16.2,2,5.510204081632653,45.0,49.0,Shoaib Khan
157,170,26.1,2,6.496815286624203,85.0,78.5,A Tector
244,184,40.4,8,4.524590163934426,23.0,30.5,S Nisansala
31,14,5.1,1,2.7096774193548385,14.0,31.0,KADA Kanchana
82,78,13.4,1,5.7073170731707314,78.0,82.0,HL Baker
69,55,11.3,1,4.782608695652174,55.0,69.0,R MacDonald-Gay
93,83,15.3,5,5.354838709677419,16.6,18.6,MK Villiers
39,30,6.3,3,4.615384615384616,10.0,13.0,FG Kemp
24,19,4.0,2,4.75,9.5,12.0,GK Davis
102,115,17.0,1,6.764705882352941,115.0,102.0,G Hoey
154,103,25.4,6,4.012987012987013,17.166666666666668,25.666666666666668,OEG Baartman
31,29,5.1,0,5.612903225806451,,,JF Smith
12,15,2.0,0,7.5,,,T Stubbs
49,45,8.1,1,5.510204081632653,45.0,49.0,F Hand
522,405,87.0,16,4.655172413793103,25.3125,32.625,Abrar Ahmed
24,16,4.0,1,4.0,16.0,24.0,Kamran Ghulam
104,126,17.2,6,7.269230769230768,21.0,17.333333333333332,KT Maphaka
108,144,18.0,2,8.0,72.0,54.0,C Bosch
49,53,8.1,4,6.4897959183673475,13.25,12.25,Sufiyan Muqeem
126,110,21.0,6,5.238095238095238,18.333333333333332,21.0,A Dercksen
41,42,6.5,1,6.146341463414634,42.0,41.0,S Luus
70,70,11.4,2,6.0,35.0,35.0,JA Turner
13,17,2.1,0,7.846153846153847,,,DR Mousley
64,74,10.4,1,6.9375,74.0,64.0,S Joseph
88,79,14.4,3,5.386363636363637,26.333333333333332,29.333333333333332,J Overton
86,95,14.2,1,6.627906976744185,95.0,86.0,JP Greaves
158,129,26.2,3,4.89873417721519,43.0,52.666666666666664,Nahid Rana
43,45,7.1,1,6.279069767441861,45.0,43.0,MJ Mindley
39,73,6.3,0,11.23076923076923,,,J Blades
18,21,3.0,0,7.0,,,A Bosch
323,257,53.5,9,4.773993808049536,28.555555555555557,35.888888888888886,RP Yadav
107,74,17.5,5,4.149532710280374,14.8,21.4,S Asha
56,43,9.2,2,4.607142857142858,21.5,28.0,TS Sekhukhune
225,208,37.3,11,5.546666666666667,18.90909090909091,20.454545454545453,Harshit Rana
183,145,30.3,8,4.754098360655737,18.125,22.875,CV Varun
221,213,36.5,2,5.782805429864253,106.5,110.5,Khushdil Shah
99,104,16.3,0,6.303030303030304,,,BV Sears
44,33,7.2,1,4.5,33.0,44.0,E Bosch
51,48,8.3,1,5.647058823529411,48.0,51.0,CJ Dala
71,67,11.5,2,5.661971830985915,33.5,35.5,S Muthusamy
19,25,3.1,0,7.894736842105264,,,M Mpongwana
262,296,43.4,8,6.778625954198474,37.0,32.75,NG Smith
63,40,10.3,1,3.8095238095238093,40.0,63.0,S Dube
472,434,78.4,17,5.516949152542373,25.529411764705884,27.764705882352942,AM Fernando
54,48,9.0,1,5.333333333333333,48.0,54.0,M Shiraz
120,99,20.0,1,4.949999999999999,99.0,120.0,A Dananjaya
55,68,9.1,0,7.418181818181818,,,PHKD Mendis
55,54,9.1,3,5.890909090909091,18.0,18.333333333333332,R Parag
167,163,27.5,4,5.8562874251497,40.75,41.75,E Malinga
58,68,9.4,1,7.034482758620689,68.0,58.0,C Wickramasinghe
125,114,20.5,5,5.472,22.8,25.0,RA Mair
69,42,11.3,2,3.6521739130434785,21.0,34.5,BG Illing
146,122,24.2,6,5.013698630136986,20.333333333333332,24.333333333333332,S Siegers
102,65,17.0,3,3.8235294117647056,21.666666666666668,34.0,G Fontenla
138,89,23.0,8,3.869565217391304,11.125,17.25,AS van Beuge
45,30,7.3,2,4.0,15.0,22.5,T Ruma
102,86,17.0,3,5.0588235294117645,28.666666666666668,34.0,Aamer Jamal
117,80,19.3,5,4.102564102564102,16.0,23.4,Faisal Akram
143,133,23.5,4,5.580419580419581,33.25,35.75,T Gwandu
12,27,2.0,0,13.5,,,BJ Bennett
104,70,17.2,1,4.038461538461538,70.0,104.0,Junaid Siddiqui
478,460,79.4,16,5.7740585774058575,28.75,29.875,SC van Schalkwyk
685,471,114.1,14,4.125547445255474,33.642857142857146,48.92857142857143,Harmeet Singh
139,101,23.1,4,4.359712230215828,25.25,34.75,J Drysdale
430,303,71.4,20,4.227906976744187,15.15,21.5,Milind Kumar
63,77,10.3,2,7.333333333333334,38.5,31.5,RR Joshi
21,23,3.3,0,6.571428571428572,,,Steven Ryan Taylor
145,131,24.1,4,5.4206896551724135,32.75,36.25,Yasir Mohammad
6,5,1.0,0,5.0,,,Musa Ahmed
83,89,13.5,0,6.433734939759036,,,JI de Villiers
110,79,18.2,3,4.309090909090909,26.333333333333332,36.666666666666664,V Sukumaran
57,56,9.3,1,5.894736842105263,56.0,57.0,DO Leicher
255,201,42.3,11,4.729411764705882,18.272727272727273,23.181818181818183,JJ Smit
24,28,4.0,1,7.0,28.0,24.0,PD Blignaut
80,104,13.2,0,7.800000000000001,,,Omid Shafi Rahman
81,68,13.3,0,5.037037037037036,,,Muhammad Farooq
106,84,17.4,4,4.754716981132075,21.0,26.5,Akhil Kumar
88,87,14.4,3,5.931818181818182,29.0,29.333333333333332,Ansh Patel
625,294,104.1,31,2.8224,9.483870967741936,20.161290322580644,Shakeel Ahmed
24,14,4.0,0,3.5,,,A Johnson
108,59,18.0,2,3.2777777777777777,29.5,54.0,Parveen Kumar
38,40,6.2,0,6.315789473684211,,,G Bajwa
24,17,4.0,0,4.25,,,Utkarsh Srivastava
12,11,2.0,0,5.5,,,D Hemalatha
100,76,16.4,3,4.5600000000000005,25.333333333333332,33.333333333333336,B Biza
22,29,3.4,0,7.909090909090908,,,R Pasipanodya
268,191,44.4,7,4.276119402985074,27.285714285714285,38.285714285714285,TG Norris
38,47,6.2,0,7.421052631578948,,,L Shetty
116,91,19.2,3,4.706896551724138,30.333333333333332,38.666666666666664,O Chare
65,62,10.5,2,5.723076923076923,31.0,32.5,A Zimunu
28,33,4.4,0,7.071428571428571,,,T Makusha
100,45,16.4,2,2.7,22.5,50.0,Muzahir Raza
370,176,61.4,12,2.854054054054054,14.666666666666666,30.833333333333332,Aamir Kaleem
338,280,56.2,18,4.9704142011834325,15.555555555555555,18.77777777777778,S Shrivastava
15,4,2.3,2,1.6,2.0,7.5,K Sonavale
192,93,32.0,5,2.90625,18.6,38.4,D Parashar
151,79,25.1,1,3.1390728476821192,79.0,151.0,T van der Gugten
32,25,5.2,2,4.6875,12.5,16.0,Wasim Ali
121,68,20.1,4,3.3719008264462813,17.0,30.25,B Siddharth
9,11,1.3,0,7.333333333333334,,,S Forbes
268,208,44.4,8,4.656716417910448,26.0,33.5,DJS Dottin
54,63,9.0,2,7.0,31.5,27.0,Pratika Rawal
109,75,18.1,2,4.128440366972477,37.5,54.5,TP Kanwar
7,9,1.1,0,7.714285714285715,,,A Munisar
148,112,24.4,4,4.54054054054054,28.0,37.0,SG Satghare
41,35,6.5,0,5.121951219512195,,,NT Nyamhuri
12,13,2.0,0,6.5,,,J Campbell
12,9,2.0,0,4.5,,,J Glasgow
19,33,3.1,0,10.421052631578949,,,Sanjida Akter Meghla
44,31,7.2,0,4.2272727272727275,,,Fariha Trisna
26,23,4.2,1,5.3076923076923075,23.0,26.0,SP Krishnamurthi
56,37,9.2,0,3.9642857142857144,,,Hassnain Shah
75,30,12.3,3,2.4000000000000004,10.0,25.0,Sufyan Mehmood
26,23,4.2,0,5.3076923076923075,,,JC Balt
